{
"type": "FeatureCollection",
"name": "bangkok_bus_routes_20250927_163403",
"crs": { "type": "name", "properties": { "name": "urn:ogc:def:crs:OGC:1.3:CRS84" } },
"features": [
{ "type": "Feature", "properties": { "route_id": 1700755, "name": "เมืองทอง-แจ้งวัฒนะ", "ref": "1", "from_stop": "", "to_stop": "", "operator": "", "network": "สองแถวเมืองทองธานี", "route_type": "bus", "coord_count": 4 }, "geometry": { "type": "LineString", "coordinates": [ [ 100.5357615, 13.9020239 ], [ 100.5380964, 13.9020271 ], [ 100.5387881, 13.9109045 ], [ 100.5386583, 13.9110167 ] ] } },
{ "type": "Feature", "properties": { "route_id": 1701250, "name": "แจ้งวัฒนะ-ติวานนท์", "ref": "3", "from_stop": "", "to_stop": "", "operator": "", "network": "รถสองแถวเมืองทองธานี", "route_type": "bus", "coord_count": 4 }, "geometry": { "type": "LineString", "coordinates": [ [ 100.5380964, 13.9020271 ], [ 100.5386583, 13.9110167 ], [ 100.5387881, 13.9109045 ], [ 100.5357615, 13.9020239 ] ] } },
{ "type": "Feature", "properties": { "route_id": 1701251, "name": "166 เมืองทองธานี - อนุสาวรีย์ชัยสมรภูมิ", "ref": "166", "from_stop": "", "to_stop": "", "operator": "BMTA", "network": "BMTA", "route_type": "bus", "coord_count": 25 }, "geometry": { "type": "LineString", "coordinates": [ [ 100.5357615, 13.9020239 ], [ 100.5388988, 13.900918 ], [ 100.5318811, 13.7767759 ], [ 100.5352563, 13.7663587 ], [ 100.5481637, 13.9101761 ], [ 100.5322882, 13.9028248 ], [ 100.5306768, 13.7737785 ], [ 100.5380731, 13.7657563 ], [ 100.5518897, 13.9170512 ], [ 100.5509974, 13.9151991 ], [ 100.5408213, 13.8998705 ], [ 100.5386207, 13.90067 ], [ 100.5352799, 13.9018202 ], [ 100.5322882, 13.9028248 ], [ 100.5019099, 13.9083951 ], [ 100.4975427, 13.9117137 ], [ 100.4955442, 13.9138575 ], [ 100.5296271, 13.7710375 ], [ 100.4968224, 13.9129664 ], [ 100.5381971, 13.9024581 ], [ 100.5524261, 13.9113797 ], [ 100.5521227, 13.9096613 ], [ 100.5497675, 13.9099326 ], [ 100.5387881, 13.9109045 ], [ 100.4988896, 13.9103 ] ] } },
{ "type": "Feature", "properties": { "route_id": 2148296, "name": "รถโดยสารประจำทางด่วนพิเศษ 402: สาทร → ราชพฤกษ์", "ref": "402", "from_stop": "สาทร", "to_stop": "ราชพฤกษ์", "operator": "BTS Group Holdings", "network": "BRT", "route_type": "bus", "coord_count": 14 }, "geometry": { "type": "LineString", "coordinates": [ [ 100.5307318, 13.7212134 ], [ 100.5328303, 13.7170264 ], [ 100.534943, 13.7127993 ], [ 100.537618, 13.707461 ], [ 100.5391878, 13.704536 ], [ 100.5413959, 13.7010123 ], [ 100.545609, 13.6963075 ], [ 100.5434259, 13.6743169 ], [ 100.5344683, 13.674531 ], [ 100.5251284, 13.6824934 ], [ 100.5157062, 13.6880533 ], [ 100.5044638, 13.6901131 ], [ 100.5002318, 13.6936845 ], [ 100.4788553, 13.7160578 ] ] } },
{ "type": "Feature", "properties": { "route_id": 2170840, "name": "203 สนามหลวง - ท่าอิฐ", "ref": "203", "from_stop": "Sanam Luang", "to_stop": "Tha It Bus depot", "operator": "Bangkok 118", "network": "DLT", "route_type": "bus", "coord_count": 32 }, "geometry": { "type": "LineString", "coordinates": [ [ 100.4835788, 13.7709813 ], [ 100.5139682, 13.8186032 ], [ 100.5052969, 13.8221757 ], [ 100.5035752, 13.8240566 ], [ 100.4999138, 13.8335093 ], [ 100.4986752, 13.8361524 ], [ 100.4964774, 13.8401376 ], [ 100.4935511, 13.8428207 ], [ 100.4504117, 13.8818858 ], [ 100.510887, 13.8005605 ], [ 100.5108391, 13.8005685 ], [ 100.5007718, 13.7886186 ], [ 100.5007475, 13.7886399 ], [ 100.4937418, 13.8428799 ], [ 100.4937279, 13.8429234 ], [ 100.5116266, 13.8070686 ], [ 100.5116746, 13.8071188 ], [ 100.4938507, 13.7545279 ], [ 100.492562, 13.7565688 ], [ 100.4879947, 13.7652886 ], [ 100.482872, 13.774719 ], [ 100.4851828, 13.7774599 ], [ 100.4865506, 13.779053 ], [ 100.4886819, 13.7810523 ], [ 100.4913258, 13.7827259 ], [ 100.4896104, 13.7506611 ], [ 100.4895528, 13.7528056 ], [ 100.499703, 13.85134 ], [ 100.4901689, 13.856243 ], [ 100.4929501, 13.8579003 ], [ 100.4933078, 13.8644565 ], [ 100.4905828, 13.7471001 ] ] } },
{ "type": "Feature", "properties": { "route_id": 2172576, "name": "203 ท่าอิฐ - สนามหลวง", "ref": "203", "from_stop": "Tha It Bus depot", "to_stop": "Sanam Luang", "operator": "Bangkok 118", "network": "DLT", "route_type": "bus", "coord_count": 35 }, "geometry": { "type": "LineString", "coordinates": [ [ 100.4935511, 13.8428207 ], [ 100.4959267, 13.8421646 ], [ 100.4973064, 13.8386746 ], [ 100.4986578, 13.8363798 ], [ 100.5001309, 13.8337655 ], [ 100.5036418, 13.8248471 ], [ 100.5056272, 13.8223715 ], [ 100.5137382, 13.8188006 ], [ 100.5121293, 13.8039371 ], [ 100.5110672, 13.8006071 ], [ 100.5080603, 13.7965203 ], [ 100.5068782, 13.7949212 ], [ 100.5053064, 13.7928463 ], [ 100.5008456, 13.7885134 ], [ 100.484065, 13.7711293 ], [ 100.5009026, 13.7884312 ], [ 100.5110965, 13.8005822 ], [ 100.4937418, 13.8428799 ], [ 100.4937279, 13.8429234 ], [ 100.511756, 13.8072001 ], [ 100.492562, 13.7565688 ], [ 100.4979883, 13.7572484 ], [ 100.500132, 13.756808 ], [ 100.4884052, 13.7656139 ], [ 100.4976122, 13.7577995 ], [ 100.491652, 13.7826381 ], [ 100.4898919, 13.7815682 ], [ 100.4867407, 13.7789502 ], [ 100.4854854, 13.7774537 ], [ 100.4835433, 13.7751566 ], [ 100.5117921, 13.8072218 ], [ 100.5053525, 13.7928062 ], [ 100.5152239, 13.8157852 ], [ 100.4932089, 13.8575892 ], [ 100.4998769, 13.8513747 ] ] } },
{ "type": "Feature", "properties": { "route_id": 2172595, "name": "3 (2-37) คลองสาน - กรุงเทพอภิวัฒน์", "ref": "3 (2-37)", "from_stop": "", "to_stop": "", "operator": "BMTA", "network": "BMTA", "route_type": "bus", "coord_count": 44 }, "geometry": { "type": "LineString", "coordinates": [ [ 100.5040349, 13.7211974 ], [ 100.5407927, 13.8001935 ], [ 100.5414578, 13.799013 ], [ 100.5483789, 13.8043055 ], [ 100.557207, 13.8088892 ], [ 100.5078496, 13.7217449 ], [ 100.5089485, 13.7236841 ], [ 100.4943947, 13.7628333 ], [ 100.4933394, 13.7620149 ], [ 100.5534966, 13.8027584 ], [ 100.5088119, 13.7277657 ], [ 100.5062069, 13.729355 ], [ 100.5045045, 13.7289336 ], [ 100.4938507, 13.7545279 ], [ 100.5044851, 13.7706277 ], [ 100.5114469, 13.7848752 ], [ 100.4953942, 13.7334086 ], [ 100.499864, 13.7278172 ], [ 100.5541188, 13.8037679 ], [ 100.4975824, 13.7627001 ], [ 100.5127654, 13.7848581 ], [ 100.4934799, 13.7278771 ], [ 100.4939907, 13.7293657 ], [ 100.4987681, 13.7406718 ], [ 100.4945426, 13.7441732 ], [ 100.4961835, 13.742268 ], [ 100.5053551, 13.7703955 ], [ 100.5062298, 13.7696874 ], [ 100.5085404, 13.7704505 ], [ 100.5098597, 13.7731774 ], [ 100.5107039, 13.774908 ], [ 100.5108643, 13.7807198 ], [ 100.5122167, 13.7780482 ], [ 100.5482086, 13.8081416 ], [ 100.5501896, 13.8261875 ], [ 100.5493233, 13.8243513 ], [ 100.5520093, 13.8282253 ], [ 100.5588242, 13.8142246 ], [ 100.5583285, 13.8188214 ], [ 100.5581299, 13.821977 ], [ 100.5577701, 13.8250213 ], [ 100.5500252, 13.8127228 ], [ 100.4955289, 13.7267788 ], [ 100.5012173, 13.7603214 ] ] } },
{ "type": "Feature", "properties": { "route_id": 2174648, "name": "3 (2-37) กรุงเทพอภิวัฒน์ - คลองสาน", "ref": "3 (2-37)", "from_stop": "", "to_stop": "", "operator": "BMTA", "network": "BMTA", "route_type": "bus", "coord_count": 41 }, "geometry": { "type": "LineString", "coordinates": [ [ 100.5040349, 13.7211974 ], [ 100.5407927, 13.8001935 ], [ 100.5425607, 13.7978536 ], [ 100.5479754, 13.8053937 ], [ 100.5044091, 13.7703332 ], [ 100.50582, 13.77272 ], [ 100.5068582, 13.7748439 ], [ 100.5078322, 13.7770028 ], [ 100.4967343, 13.7607004 ], [ 100.5551092, 13.8045801 ], [ 100.55669, 13.8072755 ], [ 100.5525741, 13.8002484 ], [ 100.5590922, 13.8186833 ], [ 100.4956098, 13.733095 ], [ 100.499051, 13.743369 ], [ 100.5111113, 13.7838112 ], [ 100.490084, 13.7560677 ], [ 100.4927653, 13.7597844 ], [ 100.4935155, 13.72566 ], [ 100.5014919, 13.7212984 ], [ 100.4937946, 13.7278386 ], [ 100.4943705, 13.7294583 ], [ 100.4987681, 13.7406718 ], [ 100.4896104, 13.7506611 ], [ 100.4895528, 13.7528056 ], [ 100.5096449, 13.7808055 ], [ 100.548221, 13.7989218 ], [ 100.5481727, 13.8007799 ], [ 100.5487231, 13.8234031 ], [ 100.5504091, 13.8270558 ], [ 100.5537722, 13.8023336 ], [ 100.5481518, 13.811066 ], [ 100.5493186, 13.8132289 ], [ 100.5478544, 13.7979075 ], [ 100.5509873, 13.7969982 ], [ 100.5501941, 13.7948002 ], [ 100.5495225, 13.7929764 ], [ 100.492562, 13.7565688 ], [ 100.4905828, 13.7471001 ], [ 100.491784, 13.7455397 ], [ 100.4927559, 13.744408 ] ] } },
{ "type": "Feature", "properties": { "route_id": 2341849, "name": "166 อนุสาวรีย์ชัยสมรภูมิ - เมืองทองธานี", "ref": "166", "from_stop": "Victory Monument", "to_stop": "Muang Thong Thani", "operator": "BMTA", "network": "BMTA", "route_type": "bus", "coord_count": 21 }, "geometry": { "type": "LineString", "coordinates": [ [ 100.5357615, 13.9020239 ], [ 100.5386207, 13.90067 ], [ 100.5408213, 13.8998705 ], [ 100.5352799, 13.9018202 ], [ 100.5483653, 13.9104092 ], [ 100.5322882, 13.9028248 ], [ 100.5380731, 13.7657563 ], [ 100.5019099, 13.9083951 ], [ 100.4975427, 13.9117137 ], [ 100.4955442, 13.9138575 ], [ 100.5518897, 13.9170512 ], [ 100.5502949, 13.9139369 ], [ 100.5380964, 13.9020271 ], [ 100.5380047, 13.9045242 ], [ 100.5378896, 13.9062431 ], [ 100.5386583, 13.9110167 ], [ 100.5402619, 13.9116552 ], [ 100.5498102, 13.9101387 ], [ 100.549986, 13.9130679 ], [ 100.550911, 13.9154331 ], [ 100.4988896, 13.9103 ] ] } },
{ "type": "Feature", "properties": { "route_id": 2341850, "name": "522 (1-22E) รังสิต - อนุสาวรีย์ชัยสมรภูมิ", "ref": "522 (1-22E)", "from_stop": "", "to_stop": "", "operator": "BMTA", "network": "BMTA", "route_type": "bus", "coord_count": 39 }, "geometry": { "type": "LineString", "coordinates": [ [ 100.5318811, 13.7767759 ], [ 100.5352563, 13.7663587 ], [ 100.537986, 13.7658134 ], [ 100.5306768, 13.7737785 ], [ 100.6042384, 13.9846305 ], [ 100.6082971, 13.9873844 ], [ 100.6154737, 13.9908192 ], [ 100.530582, 13.7684699 ], [ 100.6208584, 13.9601375 ], [ 100.6229253, 13.9487311 ], [ 100.6234397, 13.9456309 ], [ 100.6238313, 13.94328 ], [ 100.6245718, 13.9397157 ], [ 100.625086, 13.936339 ], [ 100.6255677, 13.9338069 ], [ 100.6260899, 13.9307838 ], [ 100.6266628, 13.926034 ], [ 100.6202644, 13.9637258 ], [ 100.6192432, 13.9691991 ], [ 100.6182542, 13.9747975 ], [ 100.6097362, 13.987586 ], [ 100.6198122, 13.9662194 ], [ 100.5296271, 13.7710375 ], [ 100.5767843, 13.8414677 ], [ 100.5847357, 13.8550184 ], [ 100.6083112, 13.895024 ], [ 100.5928039, 13.8686929 ], [ 100.5992358, 13.8795883 ], [ 100.6025046, 13.885199 ], [ 100.6012336, 13.8830222 ], [ 100.5912653, 13.8660849 ], [ 100.5896585, 13.8633715 ], [ 100.6161466, 13.9872721 ], [ 100.5568522, 13.849907 ], [ 100.5551318, 13.8508667 ], [ 100.5512102, 13.8530633 ], [ 100.548699, 13.8544636 ], [ 100.5470006, 13.8554256 ], [ 100.5355772, 13.8572151 ] ] } },
{ "type": "Feature", "properties": { "route_id": 2341851, "name": "522 (1-22E) อนุสาวรีย์ชัยสมรภูมิ - รังสิต", "ref": "522 (1-22E)", "from_stop": "Victory Monument", "to_stop": "Rangsit", "operator": "BMTA", "network": "BMTA", "route_type": "bus", "coord_count": 34 }, "geometry": { "type": "LineString", "coordinates": [ [ 100.537986, 13.7658134 ], [ 100.6257976, 13.9259874 ], [ 100.6257389, 13.9260118 ], [ 100.6042384, 13.9846305 ], [ 100.6222623, 13.9495636 ], [ 100.6229932, 13.9454727 ], [ 100.6234286, 13.9432131 ], [ 100.6240049, 13.9398549 ], [ 100.6256705, 13.930655 ], [ 100.6250742, 13.9338667 ], [ 100.6246674, 13.9362761 ], [ 100.6074477, 13.9868205 ], [ 100.6129998, 13.9877223 ], [ 100.6176401, 13.9747595 ], [ 100.6185681, 13.9696724 ], [ 100.6193474, 13.9651202 ], [ 100.6198594, 13.9624903 ], [ 100.6202428, 13.9602779 ], [ 100.6097743, 13.897996 ], [ 100.5765011, 13.8415917 ], [ 100.5853146, 13.8564997 ], [ 100.5371171, 13.8573566 ], [ 100.593655, 13.8706376 ], [ 100.5924629, 13.8685972 ], [ 100.5994049, 13.8804423 ], [ 100.6013047, 13.8836034 ], [ 100.6022443, 13.885194 ], [ 100.5903535, 13.8650291 ], [ 100.5890188, 13.8628171 ], [ 100.5469026, 13.8558681 ], [ 100.5493125, 13.8545035 ], [ 100.5516825, 13.8531682 ], [ 100.5552822, 13.8511653 ], [ 100.5576208, 13.849868 ] ] } },
{ "type": "Feature", "properties": { "route_id": 2446915, "name": "48 (3-11) ม.รามคำแหง 2 - ท่าช้าง", "ref": "48 (3-11)", "from_stop": "", "to_stop": "", "operator": "smart bus", "network": "smart bus", "route_type": "bus", "coord_count": 57 }, "geometry": { "type": "LineString", "coordinates": [ [ 100.5132754, 13.7460216 ], [ 100.5334091, 13.7456566 ], [ 100.6092009, 13.6795724 ], [ 100.6912471, 13.6731335 ], [ 100.4895712, 13.7500224 ], [ 100.4900864, 13.7477913 ], [ 100.4892937, 13.7518624 ], [ 100.4926071, 13.7470839 ], [ 100.5282063, 13.7465504 ], [ 100.6773446, 13.6543784 ], [ 100.6745226, 13.653537 ], [ 100.6843943, 13.6702054 ], [ 100.6714653, 13.6552129 ], [ 100.6667593, 13.6578103 ], [ 100.661104, 13.6609321 ], [ 100.6626997, 13.6600769 ], [ 100.6514167, 13.6640364 ], [ 100.6574731, 13.6626872 ], [ 100.6476995, 13.6647287 ], [ 100.6833551, 13.6672655 ], [ 100.6839218, 13.6689099 ], [ 100.6822107, 13.6637508 ], [ 100.6814476, 13.6613143 ], [ 100.600826, 13.7056915 ], [ 100.5996568, 13.7081431 ], [ 100.6071962, 13.6926295 ], [ 100.6102722, 13.6826944 ], [ 100.6098667, 13.6812281 ], [ 100.6103245, 13.6850936 ], [ 100.6095124, 13.6879477 ], [ 100.6081481, 13.6907683 ], [ 100.6374664, 13.677829 ], [ 100.6436892, 13.6651787 ], [ 100.6455466, 13.6732831 ], [ 100.6457845, 13.6768969 ], [ 100.6186168, 13.6784566 ], [ 100.6158972, 13.6785387 ], [ 100.6111146, 13.6786998 ], [ 100.6345299, 13.6778894 ], [ 100.6019841, 13.7033727 ], [ 100.5831506, 13.720841 ], [ 100.581136, 13.7222791 ], [ 100.5947883, 13.7125226 ], [ 100.5700844, 13.730058 ], [ 100.5733352, 13.7277658 ], [ 100.5762427, 13.7256995 ], [ 100.5785161, 13.7241236 ], [ 100.5050793, 13.7448146 ], [ 100.5164518, 13.7471855 ], [ 100.495062, 13.74728 ], [ 100.5584835, 13.738242 ], [ 100.556887, 13.7393716 ], [ 100.5550034, 13.7407235 ], [ 100.5515032, 13.7424776 ], [ 100.5488387, 13.7429623 ], [ 100.5457823, 13.7435105 ], [ 100.5420051, 13.7441749 ] ] } },
{ "type": "Feature", "properties": { "route_id": 2447814, "name": "145 (3-18) ปากน้ำ - หมอชิต 2", "ref": "145 (3-18)", "from_stop": "Pak Nam", "to_stop": "Mo Chit 2 Bus Terminal (Chatuchak)", "operator": "BMTA", "network": "BMTA", "route_type": "bus", "coord_count": 93 }, "geometry": { "type": "LineString", "coordinates": [ [ 100.5479272, 13.810854 ], [ 100.6203021, 13.5622149 ], [ 100.6080598, 13.5842588 ], [ 100.6257083, 13.578713 ], [ 100.5962772, 13.5964657 ], [ 100.6472665, 13.6954968 ], [ 100.6470189, 13.692069 ], [ 100.6466899, 13.6879247 ], [ 100.5414578, 13.799013 ], [ 100.6433883, 13.7134403 ], [ 100.5407277, 13.8046313 ], [ 100.6231489, 13.6207692 ], [ 100.6411981, 13.7374181 ], [ 100.6415496, 13.7260737 ], [ 100.6029768, 13.5781799 ], [ 100.5984264, 13.6000049 ], [ 100.5972751, 13.5899285 ], [ 100.6226804, 13.5807243 ], [ 100.6201272, 13.582367 ], [ 100.6147331, 13.5845584 ], [ 100.6122015, 13.5855527 ], [ 100.5998065, 13.584682 ], [ 100.6050438, 13.596901 ], [ 100.6081804, 13.5959036 ], [ 100.6121909, 13.5986601 ], [ 100.5551092, 13.8045801 ], [ 100.6455466, 13.6732831 ], [ 100.6464391, 13.6847888 ], [ 100.6460664, 13.6800343 ], [ 100.6462869, 13.682874 ], [ 100.6457845, 13.6768969 ], [ 100.5425607, 13.7978536 ], [ 100.5425607, 13.7978536 ], [ 100.5479754, 13.8053937 ], [ 100.6424357, 13.7674149 ], [ 100.55669, 13.8072755 ], [ 100.6209986, 13.6165121 ], [ 100.618789, 13.6126553 ], [ 100.6245918, 13.6235647 ], [ 100.6260238, 13.6264837 ], [ 100.628664, 13.6311935 ], [ 100.6306812, 13.6344018 ], [ 100.6423884, 13.6570063 ], [ 100.6399395, 13.6500383 ], [ 100.6377646, 13.6463494 ], [ 100.6432185, 13.745148 ], [ 100.6441472, 13.7487351 ], [ 100.6458072, 13.7554508 ], [ 100.6456388, 13.7577573 ], [ 100.6411514, 13.7312587 ], [ 100.6408932, 13.7344241 ], [ 100.6419241, 13.7209979 ], [ 100.6413702, 13.7286162 ], [ 100.5733177, 13.806118 ], [ 100.5709949, 13.8074286 ], [ 100.5677518, 13.8092322 ], [ 100.5662104, 13.8100981 ], [ 100.56444, 13.8110715 ], [ 100.5629648, 13.8118956 ], [ 100.5609662, 13.812993 ], [ 100.640015, 13.7687356 ], [ 100.6386891, 13.7695367 ], [ 100.6368961, 13.770564 ], [ 100.6346282, 13.7718321 ], [ 100.6322084, 13.7731925 ], [ 100.6296873, 13.7746123 ], [ 100.6274614, 13.7758612 ], [ 100.6249308, 13.7772626 ], [ 100.6224347, 13.7786522 ], [ 100.6104933, 13.7853261 ], [ 100.6123485, 13.7842957 ], [ 100.6153305, 13.7826348 ], [ 100.6191025, 13.7805202 ], [ 100.6067673, 13.7874163 ], [ 100.6044841, 13.7887015 ], [ 100.6023075, 13.7899115 ], [ 100.6004691, 13.7909482 ], [ 100.5970342, 13.792862 ], [ 100.59499, 13.7940232 ], [ 100.548221, 13.7989218 ], [ 100.5481727, 13.8007799 ], [ 100.646529, 13.7001074 ], [ 100.6453242, 13.7052302 ], [ 100.6446321, 13.7082412 ], [ 100.6012728, 13.5816816 ], [ 100.6336517, 13.6395228 ], [ 100.6350696, 13.6418702 ], [ 100.5478544, 13.7979075 ], [ 100.6129888, 13.6019839 ], [ 100.6147369, 13.6058919 ], [ 100.6160477, 13.6082011 ], [ 100.6232451, 13.5803602 ], [ 100.6157765, 13.5841913 ] ] } },
{ "type": "Feature", "properties": { "route_id": 2465747, "name": "23 (3-5) ปู่เจ้าสมิงพราย - เทเวศร์", "ref": "23 (3-5)", "from_stop": "สำโรง", "to_stop": "เทเวศร์", "operator": "BMTA", "network": "BMTA", "route_type": "bus", "coord_count": 56 }, "geometry": { "type": "LineString", "coordinates": [ [ 100.5422427, 13.6458877 ], [ 100.5977563, 13.6516965 ], [ 100.6072515, 13.674826 ], [ 100.5049524, 13.7705092 ], [ 100.6092009, 13.6795724 ], [ 100.5065677, 13.7671158 ], [ 100.6040881, 13.6669666 ], [ 100.6019186, 13.6617889 ], [ 100.60049, 13.6582402 ], [ 100.5997071, 13.6563143 ], [ 100.5993004, 13.6553532 ], [ 100.6081146, 13.6769336 ], [ 100.5465767, 13.74945 ], [ 100.5424351, 13.7496752 ], [ 100.600826, 13.7056915 ], [ 100.5996568, 13.7081431 ], [ 100.6071962, 13.6926295 ], [ 100.6102722, 13.6826944 ], [ 100.6098667, 13.6812281 ], [ 100.6103245, 13.6850936 ], [ 100.6095124, 13.6879477 ], [ 100.6081481, 13.6907683 ], [ 100.6019841, 13.7033727 ], [ 100.5071856, 13.7685739 ], [ 100.5384927, 13.7507609 ], [ 100.5142788, 13.7624897 ], [ 100.5121857, 13.7642834 ], [ 100.5186357, 13.7588027 ], [ 100.5162413, 13.7608177 ], [ 100.508841, 13.7671299 ], [ 100.5947883, 13.7125226 ], [ 100.6030067, 13.6644208 ], [ 100.5279643, 13.7544814 ], [ 100.5244766, 13.7557325 ], [ 100.5350454, 13.751988 ], [ 100.5435281, 13.6543428 ], [ 100.5470914, 13.6526682 ], [ 100.5487946, 13.6518664 ], [ 100.5525893, 13.6510025 ], [ 100.5579034, 13.6503565 ], [ 100.5633388, 13.6492548 ], [ 100.5658491, 13.6487531 ], [ 100.567268, 13.648466 ], [ 100.5691302, 13.6480658 ], [ 100.5716027, 13.6475746 ], [ 100.5749637, 13.646904 ], [ 100.5767628, 13.6465339 ], [ 100.5786179, 13.6461703 ], [ 100.5801579, 13.6458504 ], [ 100.5822921, 13.6454271 ], [ 100.5858601, 13.6447199 ], [ 100.587197, 13.6444477 ], [ 100.5893916, 13.6440081 ], [ 100.5901528, 13.643847 ], [ 100.5928089, 13.6433124 ], [ 100.5875818, 13.7440086 ] ] } },
{ "type": "Feature", "properties": { "route_id": 2466740, "name": "52 (1-6) ปากเกร็ด - หมอชิต 2", "ref": "52 (1-6)", "from_stop": "", "to_stop": "", "operator": "smart bus", "network": "smart bus", "route_type": "bus", "coord_count": 12 }, "geometry": { "type": "LineString", "coordinates": [ [ 100.4968224, 13.9129664 ], [ 100.5551092, 13.8045801 ], [ 100.5412118, 13.9000617 ], [ 100.5497666, 13.8134811 ], [ 100.5431934, 13.8040442 ], [ 100.5407277, 13.8046313 ], [ 100.5414578, 13.799013 ], [ 100.548221, 13.7989218 ], [ 100.5481727, 13.8007799 ], [ 100.5810659, 13.8825284 ], [ 100.5478544, 13.7979075 ], [ 100.4988896, 13.9103 ] ] } },
{ "type": "Feature", "properties": { "route_id": 2474122, "name": "136 (3-47) หมอชิต 2 - คลองเตย", "ref": "136 (3-47)", "from_stop": "", "to_stop": "", "operator": "BMTA", "network": "BMTA", "route_type": "bus", "coord_count": 27 }, "geometry": { "type": "LineString", "coordinates": [ [ 100.5479011, 13.8108296 ], [ 100.561455, 13.8161295 ], [ 100.5493186, 13.8132289 ], [ 100.5654237, 13.7157595 ], [ 100.5534966, 13.8027584 ], [ 100.5541188, 13.8037679 ], [ 100.5482086, 13.8081416 ], [ 100.5483789, 13.8043055 ], [ 100.5407277, 13.8046313 ], [ 100.5431934, 13.8040442 ], [ 100.5754643, 13.8125854 ], [ 100.5756477, 13.8159756 ], [ 100.5731727, 13.8240295 ], [ 100.575057, 13.8209977 ], [ 100.569873, 13.8263721 ], [ 100.5485475, 13.7991581 ], [ 100.5717129, 13.7677955 ], [ 100.56935, 13.764791 ], [ 100.5669768, 13.7616971 ], [ 100.560538, 13.7166804 ], [ 100.5637676, 13.7153716 ], [ 100.5607048, 13.7343138 ], [ 100.5600033, 13.7299485 ], [ 100.5604995, 13.7261245 ], [ 100.5604033, 13.7235948 ], [ 100.5596935, 13.7214492 ], [ 100.5587328, 13.7187662 ] ] } },
{ "type": "Feature", "properties": { "route_id": 2793245, "name": "Unknown", "ref": "1205", "from_stop": "", "to_stop": "", "operator": "", "network": "Songthaew", "route_type": "bus", "coord_count": 3 }, "geometry": { "type": "LineString", "coordinates": [ [ 100.7106772, 13.6335263 ], [ 100.712859, 13.6053824 ], [ 100.7083108, 13.6021712 ] ] } },
{ "type": "Feature", "properties": { "route_id": 3088576, "name": "52 (1-6) หมอชิต 2 - ปากเกร็ด", "ref": "52 (1-6)", "from_stop": "", "to_stop": "", "operator": "smart bus", "network": "smart bus", "route_type": "bus", "coord_count": 13 }, "geometry": { "type": "LineString", "coordinates": [ [ 100.4955442, 13.9138575 ], [ 100.5534966, 13.8027584 ], [ 100.5408213, 13.8998705 ], [ 100.5497666, 13.8134811 ], [ 100.5541188, 13.8037679 ], [ 100.5500252, 13.8127228 ], [ 100.5485475, 13.7991581 ], [ 100.5588242, 13.8142246 ], [ 100.5583285, 13.8188214 ], [ 100.5581299, 13.821977 ], [ 100.5577701, 13.8250213 ], [ 100.5573852, 13.839602 ], [ 100.5569982, 13.8332724 ] ] } },
{ "type": "Feature", "properties": { "route_id": 3088610, "name": "1053 นนทบุรี → วัดสาลีโขภิตาราม", "ref": "1053", "from_stop": "Nonthaburi Pier", "to_stop": "Wat Sali Kho Phitaram", "operator": "บริษัท สนามบินน้ำ จำกัด", "network": "", "route_type": "bus", "coord_count": 16 }, "geometry": { "type": "LineString", "coordinates": [ [ 100.4920501, 13.843067 ], [ 100.4920071, 13.8430383 ], [ 100.4822071, 13.8578172 ], [ 100.4821044, 13.8578032 ], [ 100.4821017, 13.8654185 ], [ 100.4820664, 13.865414 ], [ 100.4820074, 13.8683798 ], [ 100.4819394, 13.8683782 ], [ 100.4971164, 13.8647477 ], [ 100.5147873, 13.8602177 ], [ 100.5182369, 13.8597761 ], [ 100.5200736, 13.8637029 ], [ 100.5186597, 13.8675148 ], [ 100.5352799, 13.9018202 ], [ 100.5278476, 13.9044197 ], [ 100.5019099, 13.9083951 ] ] } },
{ "type": "Feature", "properties": { "route_id": 3999294, "name": "51 (2-8) วัดปรางค์หลวง - บางเขน", "ref": "51 (2-8)", "from_stop": "Wat Prang Luang", "to_stop": "Bang Khen", "operator": "smart bus", "network": "smart bus", "route_type": "bus", "coord_count": 39 }, "geometry": { "type": "LineString", "coordinates": [ [ 100.4137724, 13.8376094 ], [ 100.4170995, 13.923532 ], [ 100.4171308, 13.9236221 ], [ 100.5029128, 13.9081723 ], [ 100.5948514, 13.8721725 ], [ 100.5019099, 13.9083951 ], [ 100.4968224, 13.9129664 ], [ 100.4679492, 13.9250459 ], [ 100.4975427, 13.9117137 ], [ 100.4955442, 13.9138575 ], [ 100.5935804, 13.8776979 ], [ 100.5905521, 13.8793609 ], [ 100.5852035, 13.8823667 ], [ 100.586162, 13.8818295 ], [ 100.4321722, 13.9245243 ], [ 100.4351381, 13.925816 ], [ 100.4433048, 13.9292868 ], [ 100.4868062, 13.9210426 ], [ 100.4152662, 13.9330008 ], [ 100.4158547, 13.9323762 ], [ 100.4092739, 13.877129 ], [ 100.4093418, 13.8771403 ], [ 100.4088821, 13.8811547 ], [ 100.4089879, 13.8811702 ], [ 100.4083411, 13.8875144 ], [ 100.4083948, 13.8875222 ], [ 100.4079732, 13.8913028 ], [ 100.4069198, 13.9051437 ], [ 100.4085751, 13.9107679 ], [ 100.4096364, 13.9143187 ], [ 100.4123438, 13.9234675 ], [ 100.4130184, 13.9255941 ], [ 100.4130717, 13.8376488 ], [ 100.412361, 13.8450993 ], [ 100.4120569, 13.8482467 ], [ 100.4112716, 13.8560684 ], [ 100.4112048, 13.8569572 ], [ 100.4101062, 13.8682892 ], [ 100.4988896, 13.9103 ] ] } },
{ "type": "Feature", "properties": { "route_id": 3999295, "name": "51 (2-8) บางเขน - วัดปรางค์หลวง", "ref": "51 (2-8)", "from_stop": "", "to_stop": "", "operator": "smart bus", "network": "smart bus", "route_type": "bus", "coord_count": 34 }, "geometry": { "type": "LineString", "coordinates": [ [ 100.4955442, 13.9138575 ], [ 100.4137724, 13.8376094 ], [ 100.4149889, 13.9243535 ], [ 100.4149734, 13.924314 ], [ 100.5019099, 13.9083951 ], [ 100.4099452, 13.8778922 ], [ 100.4098318, 13.8778886 ], [ 100.593655, 13.8706376 ], [ 100.4678775, 13.9246882 ], [ 100.4975427, 13.9117137 ], [ 100.4968224, 13.9129664 ], [ 100.5901426, 13.879268 ], [ 100.5856103, 13.8818337 ], [ 100.4354117, 13.9256728 ], [ 100.4330731, 13.9246134 ], [ 100.443565, 13.9289744 ], [ 100.4126632, 13.9219136 ], [ 100.4104232, 13.9145886 ], [ 100.4081773, 13.9070916 ], [ 100.4075321, 13.9048203 ], [ 100.4075958, 13.9024206 ], [ 100.4086369, 13.8918326 ], [ 100.4090861, 13.8865543 ], [ 100.4094113, 13.8832632 ], [ 100.4095688, 13.8815917 ], [ 100.4107046, 13.8695458 ], [ 100.4112581, 13.8634461 ], [ 100.4116392, 13.8594892 ], [ 100.4119204, 13.8564531 ], [ 100.4126113, 13.8494871 ], [ 100.4130294, 13.8452413 ], [ 100.4084702, 13.8946461 ], [ 100.4988896, 13.9103 ], [ 100.4173665, 13.9232312 ] ] } },
{ "type": "Feature", "properties": { "route_id": 3999302, "name": "32 (2-5) ปากเกร็ด - วัดโพธิ์", "ref": "32 (2-5)", "from_stop": "Pak Kret", "to_stop": "Wat Pho", "operator": "BMTA", "network": "BMTA", "route_type": "bus", "coord_count": 21 }, "geometry": { "type": "LineString", "coordinates": [ [ 100.4955442, 13.9138575 ], [ 100.4926071, 13.7470839 ], [ 100.5119091, 13.8440694 ], [ 100.5118464, 13.844088 ], [ 100.4939627, 13.7537199 ], [ 100.4976122, 13.7577995 ], [ 100.500132, 13.756808 ], [ 100.4979883, 13.7572484 ], [ 100.4939029, 13.7507195 ], [ 100.4944932, 13.7556427 ], [ 100.5096449, 13.7808055 ], [ 100.5068582, 13.7748439 ], [ 100.5152239, 13.8157852 ], [ 100.5180772, 13.8139286 ], [ 100.5206248, 13.8147441 ], [ 100.5219, 13.8114822 ], [ 100.5217344, 13.807864 ], [ 100.5044375, 13.9059357 ], [ 100.5054337, 13.9032893 ], [ 100.5059188, 13.9019915 ], [ 100.506355, 13.9008624 ] ] } },
{ "type": "Feature", "properties": { "route_id": 3999303, "name": "32 (2-5) วัดโพธิ์ - ปากเกร็ด", "ref": "32 (2-5)", "from_stop": "Wat Pho", "to_stop": "Pak Kret", "operator": "BMTA", "network": "BMTA", "route_type": "bus", "coord_count": 34 }, "geometry": { "type": "LineString", "coordinates": [ [ 100.4975427, 13.9117137 ], [ 100.4937418, 13.8428799 ], [ 100.4937279, 13.8429234 ], [ 100.4955442, 13.9138575 ], [ 100.4926071, 13.7470839 ], [ 100.4975824, 13.7627001 ], [ 100.5127654, 13.7848581 ], [ 100.4921642, 13.7597612 ], [ 100.5053551, 13.7703955 ], [ 100.5062298, 13.7696874 ], [ 100.5085404, 13.7704505 ], [ 100.5098597, 13.7731774 ], [ 100.5107039, 13.774908 ], [ 100.5108643, 13.7807198 ], [ 100.5122167, 13.7780482 ], [ 100.5139745, 13.8475603 ], [ 100.5139281, 13.8475913 ], [ 100.5116365, 13.8442099 ], [ 100.5115772, 13.844263 ], [ 100.5150236, 13.8155246 ], [ 100.5215146, 13.8071058 ], [ 100.5216828, 13.8104968 ], [ 100.5211312, 13.8138287 ], [ 100.5184868, 13.8138234 ], [ 100.4923547, 13.7565772 ], [ 100.4892937, 13.7518624 ], [ 100.4895749, 13.7555655 ], [ 100.4895037, 13.7542281 ], [ 100.4988896, 13.9103 ], [ 100.5058103, 13.9015212 ], [ 100.5051159, 13.9033712 ], [ 100.5066668, 13.899256 ], [ 100.4900864, 13.7477913 ], [ 100.4895712, 13.7500224 ] ] } },
{ "type": "Feature", "properties": { "route_id": 7410374, "name": "50 (2-7) พระราม 7 - สวนลุมพินี", "ref": "50 (2-7)", "from_stop": "สะพานพระราม 7", "to_stop": "สวนลุมพินี", "operator": "BMTA", "network": "BMTA", "route_type": "bus", "coord_count": 35 }, "geometry": { "type": "LineString", "coordinates": [ [ 100.5115066, 13.8113651 ], [ 100.5188588, 13.8196831 ], [ 100.5447008, 13.7280872 ], [ 100.5114193, 13.8114383 ], [ 100.5447707, 13.7280459 ], [ 100.5394622, 13.8032714 ], [ 100.530414, 13.732345 ], [ 100.5291355, 13.7342923 ], [ 100.5294139, 13.736137 ], [ 100.529702, 13.7381985 ], [ 100.5300542, 13.7405426 ], [ 100.5408752, 13.7279766 ], [ 100.5243526, 13.766382 ], [ 100.5211303, 13.7584302 ], [ 100.5304872, 13.7435144 ], [ 100.5320991, 13.7316382 ], [ 100.5347562, 13.7305216 ], [ 100.5264991, 13.826706 ], [ 100.5243683, 13.8247513 ], [ 100.5229124, 13.8234274 ], [ 100.5211062, 13.8217913 ], [ 100.5195295, 13.8203747 ], [ 100.5179641, 13.818961 ], [ 100.530659, 13.7946634 ], [ 100.5322147, 13.7975106 ], [ 100.5346016, 13.8018739 ], [ 100.5318504, 13.8061862 ], [ 100.5294543, 13.7924686 ], [ 100.5278527, 13.7894911 ], [ 100.5266596, 13.7873081 ], [ 100.5256995, 13.7855878 ], [ 100.5249387, 13.7841383 ], [ 100.5277878, 13.7547817 ], [ 100.5246078, 13.7559216 ], [ 100.5225093, 13.7617788 ] ] } },
{ "type": "Feature", "properties": { "route_id": 7838579, "name": "1060 Songthaew: วัดหนองใหญ่ => ตลาด กม.4", "ref": "1060", "from_stop": "วัดหนองใหญ่", "to_stop": "ตลาด กม.4", "operator": "", "network": "", "route_type": "bus", "coord_count": 32 }, "geometry": { "type": "LineString", "coordinates": [ [ 100.6272143, 13.8585449 ], [ 100.6272284, 13.8585504 ], [ 100.6848297, 13.9194939 ], [ 100.6848694, 13.9194665 ], [ 100.636371, 13.8630061 ], [ 100.6779487, 13.9128438 ], [ 100.6806042, 13.915281 ], [ 100.6751986, 13.910238 ], [ 100.6723996, 13.9077788 ], [ 100.668643, 13.9043243 ], [ 100.6657087, 13.901637 ], [ 100.6634141, 13.8995463 ], [ 100.6617699, 13.8978942 ], [ 100.6604073, 13.8955277 ], [ 100.6589981, 13.892976 ], [ 100.6567761, 13.8891815 ], [ 100.6520465, 13.8814581 ], [ 100.6505988, 13.8793034 ], [ 100.647533, 13.8718652 ], [ 100.6467833, 13.8676662 ], [ 100.6447529, 13.8650479 ], [ 100.6420052, 13.863928 ], [ 100.640833, 13.8636012 ], [ 100.639272, 13.8633772 ], [ 100.6379993, 13.8632262 ], [ 100.6345969, 13.8628682 ], [ 100.6322781, 13.8629841 ], [ 100.6296549, 13.8631742 ], [ 100.6273133, 13.8632653 ], [ 100.6273589, 13.8615544 ], [ 100.6276218, 13.8608279 ], [ 100.6279785, 13.8587498 ] ] } },
{ "type": "Feature", "properties": { "route_id": 9147414, "name": "1024ข บางบัวทอง → พระราม 5 (หลังคาฟ้า)", "ref": "1024ข", "from_stop": "Bang Bua Thong Market", "to_stop": "Nonthaburi Pier", "operator": "บริษัท สหบางบัวทองขนส่ง จำกัด", "network": "", "route_type": "bus", "coord_count": 65 }, "geometry": { "type": "LineString", "coordinates": [ [ 100.4212669, 13.9173084 ], [ 100.4211963, 13.9172745 ], [ 100.4149889, 13.9243535 ], [ 100.4149734, 13.924314 ], [ 100.4098318, 13.8778886 ], [ 100.4099452, 13.8778922 ], [ 100.4182004, 13.8748157 ], [ 100.4181903, 13.8748677 ], [ 100.4202142, 13.8749684 ], [ 100.4202068, 13.8750526 ], [ 100.4275809, 13.8754666 ], [ 100.4275796, 13.875536 ], [ 100.4322052, 13.8758627 ], [ 100.4321994, 13.8759474 ], [ 100.4354437, 13.872786 ], [ 100.4354901, 13.8728132 ], [ 100.4378645, 13.866328 ], [ 100.4379561, 13.8663453 ], [ 100.4393212, 13.860641 ], [ 100.4394077, 13.8606548 ], [ 100.4390574, 13.8568041 ], [ 100.4391412, 13.8567769 ], [ 100.4380897, 13.8530765 ], [ 100.4381768, 13.8530516 ], [ 100.4376558, 13.8513682 ], [ 100.4377316, 13.8513589 ], [ 100.4372396, 13.84992 ], [ 100.4373497, 13.8499005 ], [ 100.4370996, 13.8482788 ], [ 100.4371184, 13.8483998 ], [ 100.4394546, 13.8461372 ], [ 100.4395574, 13.8461929 ], [ 100.4406034, 13.8451175 ], [ 100.440692, 13.8451543 ], [ 100.4421569, 13.8436031 ], [ 100.4422518, 13.8436306 ], [ 100.4431308, 13.8425639 ], [ 100.4432061, 13.8426363 ], [ 100.4502332, 13.8401794 ], [ 100.4501954, 13.8402358 ], [ 100.4566254, 13.8396654 ], [ 100.4566118, 13.8397185 ], [ 100.4617853, 13.8379853 ], [ 100.4618348, 13.8380865 ], [ 100.4679448, 13.8331517 ], [ 100.4679756, 13.8331715 ], [ 100.4684574, 13.8325855 ], [ 100.4685022, 13.8326281 ], [ 100.4697071, 13.8311594 ], [ 100.4698049, 13.8311593 ], [ 100.4746047, 13.8257897 ], [ 100.4747231, 13.8258859 ], [ 100.4778121, 13.8254927 ], [ 100.4778301, 13.8255577 ], [ 100.4799016, 13.8249956 ], [ 100.479887, 13.825047 ], [ 100.4846015, 13.8273601 ], [ 100.4846018, 13.8273778 ], [ 100.4986752, 13.8361524 ], [ 100.4985437, 13.83609 ], [ 100.4964774, 13.8401376 ], [ 100.4964581, 13.8401246 ], [ 100.4916375, 13.8424337 ], [ 100.4935511, 13.8428207 ], [ 100.4937279, 13.8429234 ] ] } },
{ "type": "Feature", "properties": { "route_id": 9147420, "name": "1003บบท ถนนท่าน้ำนนท์ → บางบัวทอง", "ref": "1003บบท", "from_stop": "Bang Si Mueang Pier", "to_stop": "Bang Bua Thong Market", "operator": "บริษัท สหบางบัวทองขนส่ง จำกัด", "network": "", "route_type": "bus", "coord_count": 54 }, "geometry": { "type": "LineString", "coordinates": [ [ 100.4879945, 13.8418298 ], [ 100.4879955, 13.8417734 ], [ 100.4833954, 13.8423948 ], [ 100.4833801, 13.8423018 ], [ 100.4804657, 13.8417503 ], [ 100.4805131, 13.8416678 ], [ 100.4779044, 13.8401762 ], [ 100.4779673, 13.8400929 ], [ 100.4707135, 13.8355356 ], [ 100.4707831, 13.8354634 ], [ 100.4683844, 13.8331431 ], [ 100.4684569, 13.833072 ], [ 100.4680124, 13.8330773 ], [ 100.467964, 13.8330391 ], [ 100.4548218, 13.839238 ], [ 100.454784, 13.839123 ], [ 100.4501884, 13.8401567 ], [ 100.4502216, 13.8401057 ], [ 100.4411742, 13.8445979 ], [ 100.4410772, 13.8445077 ], [ 100.43997, 13.8456858 ], [ 100.4397514, 13.8455125 ], [ 100.4370424, 13.8483401 ], [ 100.437017, 13.8482278 ], [ 100.4373272, 13.8502295 ], [ 100.4372251, 13.8502546 ], [ 100.437614, 13.8511989 ], [ 100.4374634, 13.8511427 ], [ 100.4382091, 13.8536192 ], [ 100.4381286, 13.8536245 ], [ 100.4385436, 13.8549067 ], [ 100.4384504, 13.8549188 ], [ 100.4391154, 13.8570315 ], [ 100.4390054, 13.857033 ], [ 100.43936, 13.8604868 ], [ 100.4392307, 13.8604546 ], [ 100.4377345, 13.8667581 ], [ 100.4376253, 13.8667254 ], [ 100.4370424, 13.8695371 ], [ 100.4369389, 13.8695004 ], [ 100.4353127, 13.8727612 ], [ 100.4352407, 13.8727221 ], [ 100.4320611, 13.8885917 ], [ 100.4319491, 13.8885739 ], [ 100.4310146, 13.8928329 ], [ 100.4309466, 13.8928062 ], [ 100.4298106, 13.8977176 ], [ 100.4297453, 13.8976963 ], [ 100.4242072, 13.9120821 ], [ 100.4240839, 13.9120175 ], [ 100.4225689, 13.9150431 ], [ 100.4224927, 13.9149983 ], [ 100.4212669, 13.9173084 ], [ 100.4211963, 13.9172745 ] ] } },
{ "type": "Feature", "properties": { "route_id": 9147423, "name": "1003บก ถนนท่าน้ำนนท์ → บางกรวย", "ref": "1003บก", "from_stop": "Bang Si Mueang Pier", "to_stop": "Bang Kruai", "operator": "บริษัท สหบางบัวทองขนส่ง จำกัด", "network": "", "route_type": "bus", "coord_count": 24 }, "geometry": { "type": "LineString", "coordinates": [ [ 100.4879945, 13.8418298 ], [ 100.4879955, 13.8417734 ], [ 100.4833954, 13.8423948 ], [ 100.4833801, 13.8423018 ], [ 100.4804657, 13.8417503 ], [ 100.4805131, 13.8416678 ], [ 100.4779044, 13.8401762 ], [ 100.4779673, 13.8400929 ], [ 100.4707135, 13.8355356 ], [ 100.4707831, 13.8354634 ], [ 100.4683844, 13.8331431 ], [ 100.4684569, 13.833072 ], [ 100.4684574, 13.8325855 ], [ 100.4685022, 13.8326281 ], [ 100.4697071, 13.8311594 ], [ 100.4698049, 13.8311593 ], [ 100.4746047, 13.8257897 ], [ 100.4747231, 13.8258859 ], [ 100.4778121, 13.8254927 ], [ 100.4778301, 13.8255577 ], [ 100.4791392, 13.8235068 ], [ 100.479239, 13.8235458 ], [ 100.4773927, 13.8030038 ], [ 100.4774789, 13.8029446 ] ] } },
{ "type": "Feature", "properties": { "route_id": 9147426, "name": "1002 ถนนท่าน้ำนนท์ → บางใหญ่เก่า", "ref": "1002", "from_stop": "Bang Si Mueang Pier", "to_stop": "Baan Bang Yai Kao", "operator": "บริษัท สหบางบัวทองขนส่ง จำกัด", "network": "", "route_type": "bus", "coord_count": 25 }, "geometry": { "type": "LineString", "coordinates": [ [ 100.4879945, 13.8418298 ], [ 100.4879955, 13.8417734 ], [ 100.4833954, 13.8423948 ], [ 100.4833801, 13.8423018 ], [ 100.4804657, 13.8417503 ], [ 100.4805131, 13.8416678 ], [ 100.4779044, 13.8401762 ], [ 100.4779673, 13.8400929 ], [ 100.4707135, 13.8355356 ], [ 100.4707831, 13.8354634 ], [ 100.4683844, 13.8331431 ], [ 100.4684569, 13.833072 ], [ 100.4680124, 13.8330773 ], [ 100.467964, 13.8330391 ], [ 100.4548218, 13.839238 ], [ 100.454784, 13.839123 ], [ 100.4501884, 13.8401567 ], [ 100.4502216, 13.8401057 ], [ 100.4411742, 13.8445979 ], [ 100.4410772, 13.8445077 ], [ 100.43997, 13.8456858 ], [ 100.4397514, 13.8455125 ], [ 100.4370424, 13.8483401 ], [ 100.437017, 13.8482278 ], [ 100.427827, 13.8507851 ] ] } },
{ "type": "Feature", "properties": { "route_id": 9147443, "name": "1024ก บางบัวทอง → นครอินทร์ (หลังคาขาว)", "ref": "1024ก", "from_stop": "Bang Bua Thong Market", "to_stop": "Nonthaburi Pier Market", "operator": "บริษัท สหบางบัวทองขนส่ง จำกัด", "network": "", "route_type": "bus", "coord_count": 48 }, "geometry": { "type": "LineString", "coordinates": [ [ 100.4212864, 13.9172749 ], [ 100.4213454, 13.9172962 ], [ 100.4225249, 13.9151237 ], [ 100.4225751, 13.9151411 ], [ 100.4271915, 13.9070714 ], [ 100.4272634, 13.9070782 ], [ 100.4286225, 13.9032383 ], [ 100.4286836, 13.9032571 ], [ 100.429467, 13.8996824 ], [ 100.4286836, 13.9032571 ], [ 100.4299869, 13.8975969 ], [ 100.4300386, 13.8976143 ], [ 100.4306955, 13.8946031 ], [ 100.4307725, 13.8946196 ], [ 100.4314985, 13.8913947 ], [ 100.431543, 13.8913985 ], [ 100.4320924, 13.8889511 ], [ 100.4321455, 13.8889666 ], [ 100.4356907, 13.8761127 ], [ 100.4356778, 13.8762096 ], [ 100.4406682, 13.8764883 ], [ 100.4406676, 13.8765833 ], [ 100.4454016, 13.8768184 ], [ 100.4453922, 13.8769215 ], [ 100.4573236, 13.8744188 ], [ 100.4573489, 13.8744645 ], [ 100.4970709, 13.8646748 ], [ 100.4971164, 13.8647477 ], [ 100.5147873, 13.8602177 ], [ 100.5182281, 13.8596934 ], [ 100.5182369, 13.8597761 ], [ 100.514071, 13.8473856 ], [ 100.5141097, 13.8473563 ], [ 100.5118464, 13.844088 ], [ 100.5119091, 13.8440694 ], [ 100.5095043, 13.8436759 ], [ 100.5094929, 13.8436422 ], [ 100.4987658, 13.8438195 ], [ 100.4987783, 13.8437222 ], [ 100.4968872, 13.8435466 ], [ 100.4969019, 13.8434569 ], [ 100.4959267, 13.8421646 ], [ 100.4959951, 13.8421889 ], [ 100.4973064, 13.8386746 ], [ 100.4973834, 13.8387052 ], [ 100.4964774, 13.8401376 ], [ 100.4964581, 13.8401246 ], [ 100.514784, 13.8601831 ] ] } },
{ "type": "Feature", "properties": { "route_id": 9147617, "name": "1010 สี่แยกบางสีทอง → มจพ.", "ref": "1010", "from_stop": "Bang Si Thong Intersection", "to_stop": "King Mongkut's University of Technology North Bangkok", "operator": "", "network": "", "route_type": "bus", "coord_count": 10 }, "geometry": { "type": "LineString", "coordinates": [ [ 100.4791392, 13.8235068 ], [ 100.479239, 13.8235458 ], [ 100.4773927, 13.8030038 ], [ 100.4774789, 13.8029446 ], [ 100.4885391, 13.8055653 ], [ 100.4885223, 13.8056395 ], [ 100.5139682, 13.8186032 ], [ 100.5139503, 13.8185534 ], [ 100.5137382, 13.8188006 ], [ 100.5137544, 13.8188545 ] ] } },
{ "type": "Feature", "properties": { "route_id": 9155852, "name": "4 ท่าน้ำนนท์ → วัดโบสถ์บน", "ref": "4", "from_stop": "Nonthaburi Pier", "to_stop": "Wat Botbon", "operator": "", "network": "", "route_type": "bus", "coord_count": 14 }, "geometry": { "type": "LineString", "coordinates": [ [ 100.4959267, 13.8421646 ], [ 100.4959951, 13.8421889 ], [ 100.4973064, 13.8386746 ], [ 100.4973834, 13.8387052 ], [ 100.4986578, 13.8363798 ], [ 100.4986955, 13.8363808 ], [ 100.4807117, 13.8249432 ], [ 100.4807305, 13.8248964 ], [ 100.4769364, 13.8234026 ], [ 100.4769502, 13.8233478 ], [ 100.4845257, 13.8268562 ], [ 100.4845518, 13.8268013 ], [ 100.4596914, 13.8238827 ], [ 100.459683, 13.8238365 ] ] } },
{ "type": "Feature", "properties": { "route_id": 9159635, "name": "1-CCW วงกลม นนทบุรี - สนามบินน้ำ (วนซ้าย)", "ref": "1", "from_stop": "", "to_stop": "", "operator": "บริษัท สนามบินน้ำ จำกัด", "network": "", "route_type": "bus", "coord_count": 59 }, "geometry": { "type": "LineString", "coordinates": [ [ 100.4919725, 13.8424837 ], [ 100.491966, 13.8425032 ], [ 100.4935511, 13.8428207 ], [ 100.4937279, 13.8429234 ], [ 100.4968406, 13.8435392 ], [ 100.496831, 13.8435819 ], [ 100.4984838, 13.8437865 ], [ 100.4984745, 13.8438438 ], [ 100.5021474, 13.8438609 ], [ 100.5021717, 13.8440068 ], [ 100.5095923, 13.8437975 ], [ 100.5116365, 13.8442099 ], [ 100.5115772, 13.844263 ], [ 100.5139745, 13.8475603 ], [ 100.5139281, 13.8475913 ], [ 100.5152964, 13.8494926 ], [ 100.5152404, 13.8495256 ], [ 100.5180175, 13.8534786 ], [ 100.5179236, 13.853531 ], [ 100.5204878, 13.8570448 ], [ 100.5204692, 13.8570538 ], [ 100.5201628, 13.863732 ], [ 100.5200736, 13.8637029 ], [ 100.5187166, 13.8675368 ], [ 100.5186597, 13.8675148 ], [ 100.5176937, 13.870249 ], [ 100.5176113, 13.8702494 ], [ 100.5167417, 13.8727865 ], [ 100.5166745, 13.8727748 ], [ 100.5154567, 13.8761201 ], [ 100.5153932, 13.876136 ], [ 100.5129461, 13.8781907 ], [ 100.5129324, 13.878134 ], [ 100.5099877, 13.8788396 ], [ 100.5099722, 13.8787772 ], [ 100.5072356, 13.8794097 ], [ 100.5072402, 13.879372 ], [ 100.5034343, 13.8802465 ], [ 100.5034227, 13.8801862 ], [ 100.4935953, 13.8831908 ], [ 100.4935587, 13.8831292 ], [ 100.4875178, 13.8817856 ], [ 100.4875568, 13.8817533 ], [ 100.4851846, 13.878844 ], [ 100.4852192, 13.8788108 ], [ 100.4824429, 13.8737735 ], [ 100.4825011, 13.8737604 ], [ 100.4820846, 13.8695999 ], [ 100.4821571, 13.8696048 ], [ 100.4821216, 13.8682423 ], [ 100.4821603, 13.8682408 ], [ 100.4822098, 13.8654251 ], [ 100.4822443, 13.8654164 ], [ 100.4822939, 13.8621378 ], [ 100.4823297, 13.8621366 ], [ 100.4823493, 13.8594554 ], [ 100.4823953, 13.8594475 ], [ 100.4921655, 13.8429708 ], [ 100.4922307, 13.8429408 ] ] } },
{ "type": "Feature", "properties": { "route_id": 9159675, "name": "1-CW วงกลม นนทบุรี - สนามบินน้ำ (วนขวา)", "ref": "1", "from_stop": "", "to_stop": "", "operator": "บริษัท สนามบินน้ำ จำกัด", "network": "", "route_type": "bus", "coord_count": 70 }, "geometry": { "type": "LineString", "coordinates": [ [ 100.4920501, 13.843067 ], [ 100.4920071, 13.8430383 ], [ 100.4917333, 13.8441836 ], [ 100.4916911, 13.8441637 ], [ 100.4908817, 13.8470922 ], [ 100.4908385, 13.8470825 ], [ 100.4903298, 13.8490451 ], [ 100.4902752, 13.8490298 ], [ 100.4822071, 13.8578172 ], [ 100.4821044, 13.8578032 ], [ 100.4822011, 13.8617256 ], [ 100.4821419, 13.8617212 ], [ 100.4821017, 13.8654185 ], [ 100.4820664, 13.865414 ], [ 100.4820074, 13.8683798 ], [ 100.4819394, 13.8683782 ], [ 100.4823841, 13.8742083 ], [ 100.4823563, 13.8742083 ], [ 100.4848792, 13.8785723 ], [ 100.4847713, 13.8786572 ], [ 100.4874143, 13.8818526 ], [ 100.4873725, 13.8818781 ], [ 100.4918411, 13.8841835 ], [ 100.4918588, 13.8842176 ], [ 100.494279, 13.88295 ], [ 100.4942889, 13.8829677 ], [ 100.5033916, 13.8803679 ], [ 100.5034087, 13.8804153 ], [ 100.5073352, 13.879518 ], [ 100.5073475, 13.8795905 ], [ 100.5100074, 13.8789602 ], [ 100.510031, 13.8790262 ], [ 100.512922, 13.8783255 ], [ 100.5129358, 13.8783883 ], [ 100.5154419, 13.8766095 ], [ 100.5155077, 13.8766085 ], [ 100.5168336, 13.8729475 ], [ 100.5169073, 13.8729373 ], [ 100.5182909, 13.8691131 ], [ 100.5183478, 13.8691239 ], [ 100.5189339, 13.867417 ], [ 100.5189813, 13.867418 ], [ 100.5207975, 13.8624694 ], [ 100.5208538, 13.8624684 ], [ 100.5205966, 13.8569906 ], [ 100.520626, 13.856961 ], [ 100.5192761, 13.8550435 ], [ 100.5193764, 13.8549881 ], [ 100.5181525, 13.8533919 ], [ 100.5182692, 13.8533362 ], [ 100.5160858, 13.8503156 ], [ 100.516142, 13.8502868 ], [ 100.5155845, 13.8495641 ], [ 100.5156406, 13.8495357 ], [ 100.514071, 13.8473856 ], [ 100.5141097, 13.8473563 ], [ 100.5118464, 13.844088 ], [ 100.5119091, 13.8440694 ], [ 100.5095043, 13.8436759 ], [ 100.5094929, 13.8436422 ], [ 100.5051859, 13.8438061 ], [ 100.505168, 13.8437559 ], [ 100.5029331, 13.8438449 ], [ 100.5029178, 13.8438352 ], [ 100.4987658, 13.8438195 ], [ 100.4987783, 13.8437222 ], [ 100.4968872, 13.8435466 ], [ 100.4969019, 13.8434569 ], [ 100.4920501, 13.843067 ], [ 100.4920071, 13.8430383 ] ] } },
{ "type": "Feature", "properties": { "route_id": 9378824, "name": "17004 ท่าน้ำบางศรีเมือง → วัดประชารังสรรค์", "ref": "17004", "from_stop": "Bang Si Mueang Pier", "to_stop": "Wat Pracha Rangsan", "operator": "ห้างหุ้นส่วนจำกัด ศรีเมืองนนทบุรี", "network": "", "route_type": "bus", "coord_count": 20 }, "geometry": { "type": "LineString", "coordinates": [ [ 100.4883417, 13.8418388 ], [ 100.4883428, 13.8418809 ], [ 100.4833954, 13.8423948 ], [ 100.4833801, 13.8423018 ], [ 100.4795812, 13.8448484 ], [ 100.4795401, 13.8447916 ], [ 100.4789384, 13.8453973 ], [ 100.4788966, 13.8453367 ], [ 100.4607554, 13.8437079 ], [ 100.4607495, 13.8436687 ], [ 100.4530821, 13.8450124 ], [ 100.4530671, 13.8449523 ], [ 100.4445328, 13.8491786 ], [ 100.4445031, 13.8491299 ], [ 100.4439073, 13.85084 ], [ 100.4438347, 13.8508363 ], [ 100.4424782, 13.8616287 ], [ 100.4424402, 13.8616432 ], [ 100.4474642, 13.8634579 ], [ 100.4475107, 13.8634729 ] ] } },
{ "type": "Feature", "properties": { "route_id": 9382739, "name": "516 (2-25) บัวทองเคหะ - เทเวศร์", "ref": "516 (2-25)", "from_stop": "Buathong Kheha", "to_stop": "Thewet", "operator": "BMTA", "network": "BMTA", "route_type": "bus", "coord_count": 58 }, "geometry": { "type": "LineString", "coordinates": [ [ 100.4098318, 13.8778886 ], [ 100.484065, 13.7711293 ], [ 100.3981397, 13.9343425 ], [ 100.4099452, 13.8778922 ], [ 100.5071856, 13.7685739 ], [ 100.4976122, 13.7577995 ], [ 100.4777453, 13.7780114 ], [ 100.4450732, 13.780958 ], [ 100.397806, 13.9368619 ], [ 100.4430402, 13.7803949 ], [ 100.4137724, 13.8376094 ], [ 100.4162749, 13.782553 ], [ 100.4217365, 13.7819729 ], [ 100.4200426, 13.7821648 ], [ 100.4707875, 13.7854099 ], [ 100.4619171, 13.7860143 ], [ 100.4566758, 13.7844407 ], [ 100.4320484, 13.7809242 ], [ 100.4275662, 13.7813735 ], [ 100.4394355, 13.7802267 ], [ 100.4106691, 13.7962229 ], [ 100.4102506, 13.7913872 ], [ 100.4790496, 13.7766535 ], [ 100.3983687, 13.9363651 ], [ 100.3973734, 13.9352516 ], [ 100.3993466, 13.9335771 ], [ 100.4806489, 13.7750362 ], [ 100.4721979, 13.7839224 ], [ 100.4742572, 13.7817348 ], [ 100.4753051, 13.7806085 ], [ 100.4060812, 13.9297068 ], [ 100.4075683, 13.9288552 ], [ 100.4152662, 13.9330008 ], [ 100.4158547, 13.9323762 ], [ 100.4136224, 13.9250718 ], [ 100.4126632, 13.9219136 ], [ 100.4104232, 13.9145886 ], [ 100.4081773, 13.9070916 ], [ 100.4075321, 13.9048203 ], [ 100.4075958, 13.9024206 ], [ 100.4086369, 13.8918326 ], [ 100.4090861, 13.8865543 ], [ 100.4094113, 13.8832632 ], [ 100.4095688, 13.8815917 ], [ 100.4132147, 13.926266 ], [ 100.4107046, 13.8695458 ], [ 100.4112581, 13.8634461 ], [ 100.4116392, 13.8594892 ], [ 100.4119204, 13.8564531 ], [ 100.4126113, 13.8494871 ], [ 100.4130294, 13.8452413 ], [ 100.4135332, 13.8302171 ], [ 100.4131005, 13.8253529 ], [ 100.4119881, 13.8125189 ], [ 100.4084702, 13.8946461 ], [ 100.4113848, 13.8052408 ], [ 100.5012173, 13.7603214 ], [ 100.4884052, 13.7656139 ] ] } },
{ "type": "Feature", "properties": { "route_id": 9382740, "name": "516 (2-25) เทเวศร์ - บัวทองเคหะ", "ref": "516 (2-25)", "from_stop": "Thewet", "to_stop": "Buathong Kheha", "operator": "BMTA", "network": "BMTA", "route_type": "bus", "coord_count": 53 }, "geometry": { "type": "LineString", "coordinates": [ [ 100.4835788, 13.7709813 ], [ 100.5071856, 13.7685739 ], [ 100.4979883, 13.7572484 ], [ 100.4994863, 13.7603943 ], [ 100.4228662, 13.7811461 ], [ 100.4719638, 13.7837196 ], [ 100.4764753, 13.7788999 ], [ 100.4451124, 13.7803838 ], [ 100.397806, 13.9368619 ], [ 100.4272867, 13.7808935 ], [ 100.5049524, 13.7705092 ], [ 100.4536743, 13.7830128 ], [ 100.4572822, 13.7840911 ], [ 100.4614884, 13.785346 ], [ 100.4801453, 13.7748371 ], [ 100.4783131, 13.7768686 ], [ 100.4163872, 13.7820075 ], [ 100.3979438, 13.9362153 ], [ 100.3994384, 13.9332293 ], [ 100.4067717, 13.9290335 ], [ 100.4055093, 13.9297559 ], [ 100.409667, 13.7928511 ], [ 100.4094816, 13.7909591 ], [ 100.4093304, 13.7887701 ], [ 100.4309691, 13.7805134 ], [ 100.4376217, 13.7798371 ], [ 100.4394538, 13.7796548 ], [ 100.4429861, 13.7797936 ], [ 100.4092739, 13.877129 ], [ 100.4093418, 13.8771403 ], [ 100.4088821, 13.8811547 ], [ 100.4089879, 13.8811702 ], [ 100.4083411, 13.8875144 ], [ 100.4083948, 13.8875222 ], [ 100.4079732, 13.8913028 ], [ 100.4069198, 13.9051437 ], [ 100.4085751, 13.9107679 ], [ 100.4096364, 13.9143187 ], [ 100.4123438, 13.9234675 ], [ 100.412752, 13.9252546 ], [ 100.4130717, 13.8376488 ], [ 100.412361, 13.8450993 ], [ 100.4120569, 13.8482467 ], [ 100.4112716, 13.8560684 ], [ 100.4112048, 13.8569572 ], [ 100.4101062, 13.8682892 ], [ 100.4114867, 13.814733 ], [ 100.4124313, 13.8258282 ], [ 100.4128053, 13.830027 ], [ 100.4131348, 13.833536 ], [ 100.4099899, 13.7970274 ], [ 100.4107201, 13.8055468 ], [ 100.4879947, 13.7652886 ] ] } },
{ "type": "Feature", "properties": { "route_id": 9394390, "name": "1010 มจพ. → สี่แยกบางสีทอง", "ref": "Unknown", "from_stop": "King Mongkut's University of Technology North Bangkok", "to_stop": "Bang Si Thong Intersection", "operator": "", "network": "", "route_type": "bus", "coord_count": 10 }, "geometry": { "type": "LineString", "coordinates": [ [ 100.5137382, 13.8188006 ], [ 100.5137544, 13.8188545 ], [ 100.5133674, 13.8125485 ], [ 100.5133237, 13.8124899 ], [ 100.4772364, 13.8062481 ], [ 100.4771801, 13.8062602 ], [ 100.4779499, 13.8102169 ], [ 100.4779243, 13.8102353 ], [ 100.479118, 13.8235473 ], [ 100.4790129, 13.8235116 ] ] } },
{ "type": "Feature", "properties": { "route_id": 9412353, "name": "6162 วัดชลอ → นนทบุรี", "ref": "6162", "from_stop": "Wat Chalo", "to_stop": "Nonthaburi Pier", "operator": "ห้างหุ้นส่วนจำกัด ธนภัสนันท์ เดินรถ", "network": "", "route_type": "bus", "coord_count": 24 }, "geometry": { "type": "LineString", "coordinates": [ [ 100.4770399, 13.8062159 ], [ 100.4770204, 13.8060719 ], [ 100.4773927, 13.8030038 ], [ 100.4774789, 13.8029446 ], [ 100.449667, 13.8045267 ], [ 100.4496243, 13.8045124 ], [ 100.4494393, 13.8097337 ], [ 100.4493952, 13.8097239 ], [ 100.4489248, 13.8187169 ], [ 100.4488968, 13.8187071 ], [ 100.4524109, 13.8247858 ], [ 100.4524122, 13.824837 ], [ 100.4572979, 13.8246554 ], [ 100.4799016, 13.8249956 ], [ 100.479887, 13.825047 ], [ 100.4846015, 13.8273601 ], [ 100.4846018, 13.8273778 ], [ 100.4986752, 13.8361524 ], [ 100.4985437, 13.83609 ], [ 100.4964774, 13.8401376 ], [ 100.4964581, 13.8401246 ], [ 100.4923487, 13.8428059 ], [ 100.4922307, 13.8429408 ], [ 100.4572942, 13.8246006 ] ] } },
{ "type": "Feature", "properties": { "route_id": 9444033, "name": "7 (4-36) เอกชัย - หัวลำโพง", "ref": "7 (4-36)", "from_stop": "Samut Sakhon", "to_stop": "Hua Lamphong", "operator": "T. MANIT TRANSPORTATION", "network": "TSB", "route_type": "bus", "coord_count": 47 }, "geometry": { "type": "LineString", "coordinates": [ [ 100.5162847, 13.7398459 ], [ 100.5154253, 13.7447713 ], [ 100.4080676, 13.7109713 ], [ 100.3096369, 13.5764435 ], [ 100.4953942, 13.7334086 ], [ 100.3980186, 13.7101088 ], [ 100.3708331, 13.6377584 ], [ 100.3726911, 13.6393293 ], [ 100.3666878, 13.6341993 ], [ 100.3677752, 13.6351351 ], [ 100.4934799, 13.7278771 ], [ 100.4939907, 13.7293657 ], [ 100.3752279, 13.7082761 ], [ 100.3772155, 13.7084293 ], [ 100.3798424, 13.7086413 ], [ 100.3825429, 13.708842 ], [ 100.3847004, 13.7090195 ], [ 100.3879537, 13.7093057 ], [ 100.3901666, 13.7094709 ], [ 100.3929381, 13.7096675 ], [ 100.3947038, 13.7098126 ], [ 100.4894763, 13.7270064 ], [ 100.4022927, 13.7104474 ], [ 100.4107104, 13.7111234 ], [ 100.4134491, 13.7113291 ], [ 100.4172049, 13.7116705 ], [ 100.4194539, 13.7118574 ], [ 100.424643, 13.7122477 ], [ 100.4612447, 13.7226666 ], [ 100.4598674, 13.7219364 ], [ 100.4652913, 13.7248821 ], [ 100.4688465, 13.7268395 ], [ 100.4714206, 13.7282511 ], [ 100.4761209, 13.7293192 ], [ 100.4794365, 13.7287397 ], [ 100.4829895, 13.7281181 ], [ 100.3010176, 13.5688455 ], [ 100.3021663, 13.5699135 ], [ 100.3045386, 13.5721894 ], [ 100.3092179, 13.5766347 ], [ 100.3183368, 13.5835676 ], [ 100.3305961, 13.5942549 ], [ 100.3346895, 13.5983364 ], [ 100.3360625, 13.6003219 ], [ 100.337991, 13.6030855 ], [ 100.3996976, 13.710252 ], [ 100.4339161, 13.7129821 ] ] } },
{ "type": "Feature", "properties": { "route_id": 9444045, "name": "7 (4-36) หัวลำโพง - เอกชัย", "ref": "7 (4-36)", "from_stop": "Hua Lamphong", "to_stop": "Samut Sakhon", "operator": "T. MANIT TRANSPORTATION", "network": "TSB", "route_type": "bus", "coord_count": 39 }, "geometry": { "type": "LineString", "coordinates": [ [ 100.5132754, 13.7460216 ], [ 100.5162847, 13.7398459 ], [ 100.3096369, 13.5764435 ], [ 100.4956098, 13.733095 ], [ 100.4898158, 13.7267443 ], [ 100.4008331, 13.7100093 ], [ 100.4767994, 13.7288026 ], [ 100.3653085, 13.632721 ], [ 100.3670107, 13.6341655 ], [ 100.3684781, 13.6354144 ], [ 100.4937946, 13.7278386 ], [ 100.4943705, 13.7294583 ], [ 100.3925324, 13.7093281 ], [ 100.3846241, 13.7086845 ], [ 100.3829899, 13.7085373 ], [ 100.3802697, 13.7083171 ], [ 100.37765, 13.7081124 ], [ 100.3748045, 13.7078634 ], [ 100.3977491, 13.7097635 ], [ 100.3945693, 13.7094894 ], [ 100.3901933, 13.7091508 ], [ 100.3875957, 13.7089522 ], [ 100.416747, 13.7112973 ], [ 100.4140816, 13.7111005 ], [ 100.4117884, 13.7108803 ], [ 100.4096173, 13.7107115 ], [ 100.4195635, 13.7115402 ], [ 100.4234917, 13.7118764 ], [ 100.4270222, 13.7121635 ], [ 100.4628853, 13.7232331 ], [ 100.4652619, 13.7245379 ], [ 100.4693873, 13.726783 ], [ 100.4718274, 13.728066 ], [ 100.4597039, 13.7215307 ], [ 100.4787897, 13.7285366 ], [ 100.4807819, 13.728226 ], [ 100.4830163, 13.7278665 ], [ 100.5034398, 13.7426998 ], [ 100.5054593, 13.7436567 ] ] } },
{ "type": "Feature", "properties": { "route_id": 9446053, "name": "75 (4-13) อู่ธารทิพย์ - หัวลำโพง", "ref": "75 (4-13)", "from_stop": "Tantip Bus Depot", "to_stop": "Hua Lamphong", "operator": "Grand City Buses", "network": "TSB", "route_type": "bus", "coord_count": 50 }, "geometry": { "type": "LineString", "coordinates": [ [ 100.5082678, 13.7074205 ], [ 100.5098511, 13.7088695 ], [ 100.5120136, 13.7116241 ], [ 100.5162847, 13.7398459 ], [ 100.4791253, 13.6436947 ], [ 100.4956573, 13.6796453 ], [ 100.4979906, 13.6781544 ], [ 100.5000408, 13.6768651 ], [ 100.4942464, 13.6805964 ], [ 100.4914845, 13.6825428 ], [ 100.5159889, 13.7207712 ], [ 100.4984641, 13.6985522 ], [ 100.5002191, 13.7001173 ], [ 100.49627, 13.6982173 ], [ 100.5158158, 13.7283059 ], [ 100.4833172, 13.6508557 ], [ 100.485442, 13.6514915 ], [ 100.4914017, 13.6498965 ], [ 100.4892268, 13.6503877 ], [ 100.4961262, 13.6482108 ], [ 100.4965371, 13.6507049 ], [ 100.4974705, 13.6538974 ], [ 100.4986067, 13.655654 ], [ 100.4991922, 13.6568059 ], [ 100.5058141, 13.6714643 ], [ 100.5008269, 13.6593561 ], [ 100.5019779, 13.6612768 ], [ 100.5026232, 13.662628 ], [ 100.5034517, 13.6646811 ], [ 100.5043336, 13.6672127 ], [ 100.5049925, 13.6692541 ], [ 100.4871366, 13.6512436 ], [ 100.4934474, 13.6485699 ], [ 100.4945756, 13.6478454 ], [ 100.4811871, 13.6904705 ], [ 100.4821878, 13.6891351 ], [ 100.4859799, 13.6864485 ], [ 100.5039481, 13.7035067 ], [ 100.4825556, 13.6962032 ], [ 100.4836709, 13.6995032 ], [ 100.4845533, 13.7020498 ], [ 100.4871682, 13.7039902 ], [ 100.5161272, 13.7384944 ], [ 100.5039419, 13.6744209 ], [ 100.5023587, 13.7020592 ], [ 100.505215, 13.7046628 ], [ 100.5065749, 13.7058962 ], [ 100.512816, 13.7134726 ], [ 100.5135639, 13.7151576 ], [ 100.5141231, 13.716449 ] ] } },
{ "type": "Feature", "properties": { "route_id": 9446058, "name": "75 (4-13) หัวลำโพง - อู่ธารทิพย์", "ref": "75 (4-13)", "from_stop": "Hua Lamphong", "to_stop": "Tantip Bus Depot", "operator": "Grand City Buses", "network": "TSB", "route_type": "bus", "coord_count": 52 }, "geometry": { "type": "LineString", "coordinates": [ [ 100.5087601, 13.7076968 ], [ 100.5071856, 13.7062743 ], [ 100.5236412, 13.7297899 ], [ 100.5231658, 13.7273039 ], [ 100.5162847, 13.7398459 ], [ 100.5160632, 13.73664 ], [ 100.4791253, 13.6436947 ], [ 100.4925208, 13.6822037 ], [ 100.4942016, 13.6810177 ], [ 100.4971211, 13.6791043 ], [ 100.4987102, 13.6780623 ], [ 100.4999417, 13.6773208 ], [ 100.5045482, 13.6744098 ], [ 100.5158013, 13.7327357 ], [ 100.4963794, 13.697618 ], [ 100.5169844, 13.730455 ], [ 100.5162821, 13.7245624 ], [ 100.4855973, 13.651336 ], [ 100.4836931, 13.6508876 ], [ 100.5060631, 13.6716251 ], [ 100.4966265, 13.6503659 ], [ 100.5035437, 13.6644593 ], [ 100.5019274, 13.6608742 ], [ 100.5050198, 13.6689045 ], [ 100.5042626, 13.6664732 ], [ 100.502761, 13.6625844 ], [ 100.5009067, 13.6592309 ], [ 100.4992781, 13.6566061 ], [ 100.4978195, 13.6541497 ], [ 100.4872971, 13.6510502 ], [ 100.4890748, 13.6503055 ], [ 100.4932735, 13.6484973 ], [ 100.4918313, 13.6494555 ], [ 100.4949066, 13.6474424 ], [ 100.4861234, 13.6867222 ], [ 100.481345, 13.6911278 ], [ 100.4825406, 13.6892614 ], [ 100.5158695, 13.7202055 ], [ 100.5043336, 13.7036952 ], [ 100.5006528, 13.7003748 ], [ 100.4874186, 13.7034902 ], [ 100.4827778, 13.6959161 ], [ 100.4840053, 13.6994491 ], [ 100.4849014, 13.7020258 ], [ 100.5179834, 13.7369281 ], [ 100.5197104, 13.739604 ], [ 100.5171124, 13.7388848 ], [ 100.5197895, 13.7262525 ], [ 100.5217426, 13.7313172 ], [ 100.4983751, 13.6982878 ], [ 100.5057963, 13.7050005 ], [ 100.5104042, 13.7092111 ] ] } },
{ "type": "Feature", "properties": { "route_id": 9464107, "name": "1024ข พระราม 5 → บางบัวทอง (หลังคาฟ้า)", "ref": "1024ข", "from_stop": "Nonthaburi Pier", "to_stop": "Bang Bua Thong Market", "operator": "บริษัท สหบางบัวทองขนส่ง จำกัด", "network": "", "route_type": "bus", "coord_count": 64 }, "geometry": { "type": "LineString", "coordinates": [ [ 100.4935511, 13.8428207 ], [ 100.4937279, 13.8429234 ], [ 100.4959267, 13.8421646 ], [ 100.4959951, 13.8421889 ], [ 100.4973064, 13.8386746 ], [ 100.4973834, 13.8387052 ], [ 100.4986578, 13.8363798 ], [ 100.4986955, 13.8363808 ], [ 100.4845257, 13.8268562 ], [ 100.4845518, 13.8268013 ], [ 100.4807117, 13.8249432 ], [ 100.4807305, 13.8248964 ], [ 100.4782599, 13.8250614 ], [ 100.4781586, 13.8250155 ], [ 100.477159, 13.8258183 ], [ 100.4771305, 13.825753 ], [ 100.4733521, 13.8263868 ], [ 100.4732846, 13.826325 ], [ 100.4683866, 13.8326563 ], [ 100.4683561, 13.8326346 ], [ 100.4680124, 13.8330773 ], [ 100.467964, 13.8330391 ], [ 100.4548218, 13.839238 ], [ 100.454784, 13.839123 ], [ 100.4501884, 13.8401567 ], [ 100.4502216, 13.8401057 ], [ 100.4411742, 13.8445979 ], [ 100.4410772, 13.8445077 ], [ 100.43997, 13.8456858 ], [ 100.4397514, 13.8455125 ], [ 100.4370424, 13.8483401 ], [ 100.437017, 13.8482278 ], [ 100.4373272, 13.8502295 ], [ 100.4372251, 13.8502546 ], [ 100.437614, 13.8511989 ], [ 100.4374634, 13.8511427 ], [ 100.4382091, 13.8536192 ], [ 100.4381286, 13.8536245 ], [ 100.4385436, 13.8549067 ], [ 100.4384504, 13.8549188 ], [ 100.4391154, 13.8570315 ], [ 100.4390054, 13.857033 ], [ 100.43936, 13.8604868 ], [ 100.4392307, 13.8604546 ], [ 100.4377345, 13.8667581 ], [ 100.4376253, 13.8667254 ], [ 100.4370424, 13.8695371 ], [ 100.4369389, 13.8695004 ], [ 100.4353127, 13.8727612 ], [ 100.4352407, 13.8727221 ], [ 100.4321144, 13.8754837 ], [ 100.4321209, 13.8753536 ], [ 100.4273423, 13.8750883 ], [ 100.4273463, 13.8750425 ], [ 100.4230002, 13.8747782 ], [ 100.4230082, 13.8747103 ], [ 100.4177767, 13.8744006 ], [ 100.4177618, 13.8742423 ], [ 100.4093418, 13.8771403 ], [ 100.4092739, 13.877129 ], [ 100.4089879, 13.8811702 ], [ 100.4088821, 13.8811547 ], [ 100.4212864, 13.9172749 ], [ 100.4213454, 13.9172962 ] ] } },
{ "type": "Feature", "properties": { "route_id": 9464262, "name": "1024ก นครอินทร์ → บางบัวทอง (หลังคาขาว)", "ref": "1024ก", "from_stop": "Nonthaburi Pier Market", "to_stop": "Bang Bua Thong Market", "operator": "บริษัท สหบางบัวทองขนส่ง จำกัด", "network": "", "route_type": "bus", "coord_count": 51 }, "geometry": { "type": "LineString", "coordinates": [ [ 100.4964774, 13.8401376 ], [ 100.4964581, 13.8401246 ], [ 100.4968406, 13.8435392 ], [ 100.496831, 13.8435819 ], [ 100.4984838, 13.8437865 ], [ 100.4984745, 13.8438438 ], [ 100.5021474, 13.8438609 ], [ 100.5021717, 13.8440068 ], [ 100.5095923, 13.8437975 ], [ 100.5116365, 13.8442099 ], [ 100.5115772, 13.844263 ], [ 100.5139745, 13.8475603 ], [ 100.5139281, 13.8475913 ], [ 100.5152964, 13.8494926 ], [ 100.5152404, 13.8495256 ], [ 100.5180175, 13.8534786 ], [ 100.5179236, 13.853531 ], [ 100.5204878, 13.8570448 ], [ 100.5204692, 13.8570538 ], [ 100.5174348, 13.8594761 ], [ 100.5174266, 13.8593713 ], [ 100.5132012, 13.86001 ], [ 100.5131949, 13.8599709 ], [ 100.503641, 13.8617588 ], [ 100.5036269, 13.8616972 ], [ 100.4972153, 13.864196 ], [ 100.4971776, 13.8641058 ], [ 100.4899637, 13.8678882 ], [ 100.4899385, 13.867843 ], [ 100.4830479, 13.8706682 ], [ 100.4830482, 13.8705485 ], [ 100.4569895, 13.8741278 ], [ 100.456973, 13.8740878 ], [ 100.4457146, 13.8764649 ], [ 100.4457194, 13.8764016 ], [ 100.4386533, 13.8759536 ], [ 100.4386578, 13.8758798 ], [ 100.435311, 13.8756997 ], [ 100.435327, 13.8755956 ], [ 100.4320611, 13.8885917 ], [ 100.4319491, 13.8885739 ], [ 100.4310146, 13.8928329 ], [ 100.4309466, 13.8928062 ], [ 100.4298106, 13.8977176 ], [ 100.4297453, 13.8976963 ], [ 100.4242072, 13.9120821 ], [ 100.4240839, 13.9120175 ], [ 100.4225689, 13.9150431 ], [ 100.4224927, 13.9149983 ], [ 100.4212669, 13.9173084 ], [ 100.4211963, 13.9172745 ] ] } },
{ "type": "Feature", "properties": { "route_id": 9464316, "name": "1003บบท บางบัวทอง → ถนนท่าน้ำนนท์", "ref": "1003บบท", "from_stop": "Bang Bua Thong Market", "to_stop": "Bang Si Mueang Pier", "operator": "บริษัท สหบางบัวทองขนส่ง จำกัด", "network": "", "route_type": "bus", "coord_count": 64 }, "geometry": { "type": "LineString", "coordinates": [ [ 100.4212864, 13.9172749 ], [ 100.4213454, 13.9172962 ], [ 100.4225249, 13.9151237 ], [ 100.4225751, 13.9151411 ], [ 100.4271915, 13.9070714 ], [ 100.4272634, 13.9070782 ], [ 100.4286225, 13.9032383 ], [ 100.4286836, 13.9032571 ], [ 100.429467, 13.8996824 ], [ 100.4295489, 13.8997397 ], [ 100.4299869, 13.8975969 ], [ 100.4300386, 13.8976143 ], [ 100.4306955, 13.8946031 ], [ 100.4307725, 13.8946196 ], [ 100.4314985, 13.8913947 ], [ 100.431543, 13.8913985 ], [ 100.4320924, 13.8889511 ], [ 100.4321455, 13.8889666 ], [ 100.4354437, 13.872786 ], [ 100.4354901, 13.8728132 ], [ 100.4378645, 13.866328 ], [ 100.4379561, 13.8663453 ], [ 100.4393212, 13.860641 ], [ 100.4394077, 13.8606548 ], [ 100.4390574, 13.8568041 ], [ 100.4391412, 13.8567769 ], [ 100.4380897, 13.8530765 ], [ 100.4381768, 13.8530516 ], [ 100.4376558, 13.8513682 ], [ 100.4377316, 13.8513589 ], [ 100.4372396, 13.84992 ], [ 100.4373497, 13.8499005 ], [ 100.4370996, 13.8482788 ], [ 100.4371184, 13.8483998 ], [ 100.4394546, 13.8461372 ], [ 100.4395574, 13.8461929 ], [ 100.4406034, 13.8451175 ], [ 100.440692, 13.8451543 ], [ 100.4421569, 13.8436031 ], [ 100.4422518, 13.8436306 ], [ 100.4431308, 13.8425639 ], [ 100.4432061, 13.8426363 ], [ 100.4502332, 13.8401794 ], [ 100.4501954, 13.8402358 ], [ 100.4566254, 13.8396654 ], [ 100.4566118, 13.8397185 ], [ 100.4617853, 13.8379853 ], [ 100.4618348, 13.8380865 ], [ 100.4679448, 13.8331517 ], [ 100.4679756, 13.8331715 ], [ 100.4684671, 13.8332189 ], [ 100.4684117, 13.8332419 ], [ 100.4701126, 13.8349912 ], [ 100.4700735, 13.8350475 ], [ 100.4743457, 13.8381214 ], [ 100.4742955, 13.838179 ], [ 100.4760984, 13.839104 ], [ 100.4760544, 13.8391487 ], [ 100.4781408, 13.8403181 ], [ 100.4781005, 13.8403578 ], [ 100.484486, 13.8422357 ], [ 100.4844917, 13.8423291 ], [ 100.4883417, 13.8418388 ], [ 100.4883428, 13.8418809 ] ] } },
{ "type": "Feature", "properties": { "route_id": 9464355, "name": "1003บก บางกรวย → ถนนท่าน้ำนนท์", "ref": "1003บก", "from_stop": "Bang Kruai", "to_stop": "Bang Si Mueang Pier", "operator": "บริษัท สหบางบัวทองขนส่ง จำกัด", "network": "", "route_type": "bus", "coord_count": 28 }, "geometry": { "type": "LineString", "coordinates": [ [ 100.4772364, 13.8062481 ], [ 100.4771801, 13.8062602 ], [ 100.4779499, 13.8102169 ], [ 100.4779243, 13.8102353 ], [ 100.479118, 13.8235473 ], [ 100.4790129, 13.8235116 ], [ 100.4782599, 13.8250614 ], [ 100.4781586, 13.8250155 ], [ 100.477159, 13.8258183 ], [ 100.4771305, 13.825753 ], [ 100.4733521, 13.8263868 ], [ 100.4732846, 13.826325 ], [ 100.4683866, 13.8326563 ], [ 100.4683561, 13.8326346 ], [ 100.4684671, 13.8332189 ], [ 100.4684117, 13.8332419 ], [ 100.4701126, 13.8349912 ], [ 100.4700735, 13.8350475 ], [ 100.4743457, 13.8381214 ], [ 100.4742955, 13.838179 ], [ 100.4760984, 13.839104 ], [ 100.4760544, 13.8391487 ], [ 100.4781408, 13.8403181 ], [ 100.4781005, 13.8403578 ], [ 100.484486, 13.8422357 ], [ 100.4844917, 13.8423291 ], [ 100.4883417, 13.8418388 ], [ 100.4883428, 13.8418809 ] ] } },
{ "type": "Feature", "properties": { "route_id": 9464364, "name": "1002 บางใหญ่เก่า → ถนนท่าน้ำนนท์", "ref": "1002", "from_stop": "Baan Bang Yai Kao", "to_stop": "Bang Si Mueang Pier", "operator": "บริษัท สหบางบัวทองขนส่ง จำกัด", "network": "", "route_type": "bus", "coord_count": 34 }, "geometry": { "type": "LineString", "coordinates": [ [ 100.4256324, 13.8516433 ], [ 100.4317039, 13.8496959 ], [ 100.4370996, 13.8482788 ], [ 100.4371184, 13.8483998 ], [ 100.4394546, 13.8461372 ], [ 100.4395574, 13.8461929 ], [ 100.4406034, 13.8451175 ], [ 100.440692, 13.8451543 ], [ 100.4421569, 13.8436031 ], [ 100.4422518, 13.8436306 ], [ 100.4431308, 13.8425639 ], [ 100.4432061, 13.8426363 ], [ 100.4502332, 13.8401794 ], [ 100.4501954, 13.8402358 ], [ 100.4566254, 13.8396654 ], [ 100.4566118, 13.8397185 ], [ 100.4617853, 13.8379853 ], [ 100.4618348, 13.8380865 ], [ 100.4679448, 13.8331517 ], [ 100.4679756, 13.8331715 ], [ 100.4684671, 13.8332189 ], [ 100.4684117, 13.8332419 ], [ 100.4701126, 13.8349912 ], [ 100.4700735, 13.8350475 ], [ 100.4743457, 13.8381214 ], [ 100.4742955, 13.838179 ], [ 100.4760984, 13.839104 ], [ 100.4760544, 13.8391487 ], [ 100.4781408, 13.8403181 ], [ 100.4781005, 13.8403578 ], [ 100.484486, 13.8422357 ], [ 100.4844917, 13.8423291 ], [ 100.4883417, 13.8418388 ], [ 100.4883428, 13.8418809 ] ] } },
{ "type": "Feature", "properties": { "route_id": 9464396, "name": "17004 วัดประชารังสรรค์ → ท่าน้ำบางศรีเมือง", "ref": "17004", "from_stop": "Wat Pracha Rangsan", "to_stop": "Bang Si Mueang Pier", "operator": "ห้างหุ้นส่วนจำกัด ศรีเมืองนนทบุรี", "network": "", "route_type": "bus", "coord_count": 20 }, "geometry": { "type": "LineString", "coordinates": [ [ 100.4474642, 13.8634579 ], [ 100.4475107, 13.8634729 ], [ 100.4423868, 13.861555 ], [ 100.442414, 13.8615101 ], [ 100.444563, 13.8491656 ], [ 100.4445866, 13.8492105 ], [ 100.4532723, 13.8451107 ], [ 100.4532839, 13.8451412 ], [ 100.4607777, 13.8438296 ], [ 100.4607811, 13.8438822 ], [ 100.4788654, 13.8454634 ], [ 100.4789007, 13.8455452 ], [ 100.4794078, 13.8450038 ], [ 100.4794384, 13.8450469 ], [ 100.4805487, 13.8440429 ], [ 100.4806121, 13.8441298 ], [ 100.484486, 13.8422357 ], [ 100.4844917, 13.8423291 ], [ 100.4883417, 13.8418388 ], [ 100.4883428, 13.8418809 ] ] } },
{ "type": "Feature", "properties": { "route_id": 9465463, "name": "1053 วัดสาลีโขภิตาราม → นนทบุรี", "ref": "1053", "from_stop": "Wat Sali Kho Phitaram", "to_stop": "Nonthaburi Pier", "operator": "บริษัท สนามบินน้ำ จำกัด", "network": "", "route_type": "bus", "coord_count": 23 }, "geometry": { "type": "LineString", "coordinates": [ [ 100.4679492, 13.9250459 ], [ 100.5029128, 13.9081723 ], [ 100.5289232, 13.9043911 ], [ 100.5357615, 13.9020239 ], [ 100.5189813, 13.867418 ], [ 100.5208538, 13.8624684 ], [ 100.5174266, 13.8593713 ], [ 100.5131949, 13.8599709 ], [ 100.503641, 13.8617588 ], [ 100.5036269, 13.8616972 ], [ 100.4971776, 13.8641058 ], [ 100.4830479, 13.8706682 ], [ 100.4830482, 13.8705485 ], [ 100.4820846, 13.8695999 ], [ 100.4821571, 13.8696048 ], [ 100.4821216, 13.8682423 ], [ 100.4821603, 13.8682408 ], [ 100.4822098, 13.8654251 ], [ 100.4822443, 13.8654164 ], [ 100.4921655, 13.8429708 ], [ 100.4922307, 13.8429408 ], [ 100.4920501, 13.843067 ], [ 100.4920071, 13.8430383 ] ] } },
{ "type": "Feature", "properties": { "route_id": 9476695, "name": "6162 นนทบุรี → วัดชลอ", "ref": "6162", "from_stop": "Nonthaburi Pier", "to_stop": "Wat Chalo", "operator": "ห้างหุ้นส่วนจำกัด ธนภัสนันท์ เดินรถ", "network": "", "route_type": "bus", "coord_count": 24 }, "geometry": { "type": "LineString", "coordinates": [ [ 100.4923487, 13.8428059 ], [ 100.4922307, 13.8429408 ], [ 100.4959267, 13.8421646 ], [ 100.4959951, 13.8421889 ], [ 100.4973064, 13.8386746 ], [ 100.4973834, 13.8387052 ], [ 100.4986578, 13.8363798 ], [ 100.4986955, 13.8363808 ], [ 100.4845257, 13.8268562 ], [ 100.4845518, 13.8268013 ], [ 100.4807117, 13.8249432 ], [ 100.4807305, 13.8248964 ], [ 100.4769364, 13.8234026 ], [ 100.4769502, 13.8233478 ], [ 100.4596914, 13.8238827 ], [ 100.459683, 13.8238365 ], [ 100.4493164, 13.8189827 ], [ 100.4493848, 13.8189855 ], [ 100.4498123, 13.8096659 ], [ 100.4499093, 13.8096595 ], [ 100.4501461, 13.8034374 ], [ 100.450214, 13.8034334 ], [ 100.4770399, 13.8062159 ], [ 100.4770204, 13.8060719 ] ] } },
{ "type": "Feature", "properties": { "route_id": 9663003, "name": "1009 Bus/Van: Minburi > Sai Mai > Saphan Mai", "ref": "1009", "from_stop": "Minburi", "to_stop": "Saphan Mai", "operator": "Siammay", "network": "", "route_type": "bus", "coord_count": 8 }, "geometry": { "type": "LineString", "coordinates": [ [ 100.6235925, 13.9208651 ], [ 100.622455, 13.918986 ], [ 100.6083112, 13.895024 ], [ 100.6092909, 13.8971785 ], [ 100.6093609, 13.8971585 ], [ 100.6082812, 13.8950495 ], [ 100.6939351, 13.9215581 ], [ 100.6961628, 13.9216323 ] ] } },
{ "type": "Feature", "properties": { "route_id": 9691015, "name": "1009 Sukhaphiban 5 Road - Sai Mai - Saphan Mai", "ref": "1009", "from_stop": "ถนนสุขาภิบาล 5", "to_stop": "สะพานใหม่", "operator": "สยามเมย์", "network": "สยามเมย์", "route_type": "bus", "coord_count": 44 }, "geometry": { "type": "LineString", "coordinates": [ [ 100.6772359, 13.9212615 ], [ 100.6797637, 13.9212629 ], [ 100.6540478, 13.885145 ], [ 100.6539421, 13.8851833 ], [ 100.6566701, 13.889408 ], [ 100.658872, 13.893104 ], [ 100.6607247, 13.8963723 ], [ 100.6626043, 13.8989864 ], [ 100.6719409, 13.9075705 ], [ 100.6753099, 13.9106493 ], [ 100.6802854, 13.9152028 ], [ 100.6849335, 13.9213857 ], [ 100.68497, 13.9214575 ], [ 100.6648091, 13.9010394 ], [ 100.668811, 13.9047027 ], [ 100.6774946, 13.9125589 ], [ 100.6847097, 13.9195066 ], [ 100.6847852, 13.9194535 ], [ 100.6092909, 13.8971785 ], [ 100.6082812, 13.8950495 ], [ 100.6736767, 13.9212243 ], [ 100.6718276, 13.921194 ], [ 100.6704886, 13.9211562 ], [ 100.667725, 13.9211092 ], [ 100.6608525, 13.9211177 ], [ 100.6593127, 13.9211738 ], [ 100.6569537, 13.9212785 ], [ 100.6546349, 13.9213586 ], [ 100.6463576, 13.921725 ], [ 100.651429, 13.9215037 ], [ 100.6423718, 13.9218676 ], [ 100.6369799, 13.9221142 ], [ 100.6297862, 13.9206798 ], [ 100.6261545, 13.922741 ], [ 100.6244533, 13.9223648 ], [ 100.622455, 13.918986 ], [ 100.6207928, 13.916097 ], [ 100.6187168, 13.91265 ], [ 100.6171207, 13.9100232 ], [ 100.6150125, 13.9064954 ], [ 100.6125978, 13.9023055 ], [ 100.6083112, 13.895024 ], [ 100.6092909, 13.8971785 ], [ 100.6093609, 13.8971585 ] ] } },
{ "type": "Feature", "properties": { "route_id": 9831671, "name": "10 มบ.คลัสเตอร์ วิลล์ ราชพฤกษ์ → ท่าน้ำนนท์", "ref": "10", "from_stop": "The Cluster Ville Ratchaphruek", "to_stop": "Nonthaburi Pier", "operator": "ห้างหุ้นส่วนจำกัด ศรีเมืองนนทบุรี", "network": "", "route_type": "bus", "coord_count": 22 }, "geometry": { "type": "LineString", "coordinates": [ [ 100.4788654, 13.8454634 ], [ 100.4789007, 13.8455452 ], [ 100.4794078, 13.8450038 ], [ 100.4794384, 13.8450469 ], [ 100.4804657, 13.8417503 ], [ 100.4805131, 13.8416678 ], [ 100.4779044, 13.8401762 ], [ 100.4779673, 13.8400929 ], [ 100.4746047, 13.8257897 ], [ 100.4747231, 13.8258859 ], [ 100.4778121, 13.8254927 ], [ 100.4778301, 13.8255577 ], [ 100.4799016, 13.8249956 ], [ 100.479887, 13.825047 ], [ 100.4846015, 13.8273601 ], [ 100.4846018, 13.8273778 ], [ 100.4986752, 13.8361524 ], [ 100.4985437, 13.83609 ], [ 100.4964774, 13.8401376 ], [ 100.4964581, 13.8401246 ], [ 100.4923487, 13.8428059 ], [ 100.4922307, 13.8429408 ] ] } },
{ "type": "Feature", "properties": { "route_id": 9831706, "name": "10 ท่าน้ำนนทบุรี → มบ.คลัสเตอร์ วิลล์ ราชพฤกษ์", "ref": "10", "from_stop": "Nonthaburi Pier", "to_stop": "The Cluster Ville Ratchaphruek", "operator": "ห้างหุ้นส่วนจำกัด ศรีเมืองนนทบุรี", "network": "", "route_type": "bus", "coord_count": 30 }, "geometry": { "type": "LineString", "coordinates": [ [ 100.4923487, 13.8428059 ], [ 100.4922307, 13.8429408 ], [ 100.4959267, 13.8421646 ], [ 100.4959951, 13.8421889 ], [ 100.4973064, 13.8386746 ], [ 100.4973834, 13.8387052 ], [ 100.4986578, 13.8363798 ], [ 100.4986955, 13.8363808 ], [ 100.4845257, 13.8268562 ], [ 100.4845518, 13.8268013 ], [ 100.4807117, 13.8249432 ], [ 100.4807305, 13.8248964 ], [ 100.4782599, 13.8250614 ], [ 100.4781586, 13.8250155 ], [ 100.477159, 13.8258183 ], [ 100.4771305, 13.825753 ], [ 100.4733521, 13.8263868 ], [ 100.4732846, 13.826325 ], [ 100.4698645, 13.8311589 ], [ 100.4698049, 13.8311593 ], [ 100.4743457, 13.8381214 ], [ 100.4742955, 13.838179 ], [ 100.4760984, 13.839104 ], [ 100.4760544, 13.8391487 ], [ 100.4781408, 13.8403181 ], [ 100.4781005, 13.8403578 ], [ 100.4795812, 13.8448484 ], [ 100.4795401, 13.8447916 ], [ 100.4789384, 13.8453973 ], [ 100.4788966, 13.8453367 ] ] } },
{ "type": "Feature", "properties": { "route_id": 10111136, "name": "1 (รถกะป๊อ) นนทบุรี → วัดชมภูเวก", "ref": "1Kei", "from_stop": "Nonthauri Police Forensic Science", "to_stop": "Wat Chomphu Wek", "operator": "บริษัท สนามบินน้ำ จำกัด", "network": "", "route_type": "bus", "coord_count": 27 }, "geometry": { "type": "LineString", "coordinates": [ [ 100.4921458, 13.8433165 ], [ 100.4921638, 13.843236 ], [ 100.4917333, 13.8441836 ], [ 100.4916911, 13.8441637 ], [ 100.4908817, 13.8470922 ], [ 100.4908385, 13.8470825 ], [ 100.4903298, 13.8490451 ], [ 100.4902752, 13.8490298 ], [ 100.4822071, 13.8578172 ], [ 100.4821044, 13.8578032 ], [ 100.4822011, 13.8617256 ], [ 100.4821419, 13.8617212 ], [ 100.4821017, 13.8654185 ], [ 100.4820664, 13.865414 ], [ 100.4820074, 13.8683798 ], [ 100.4819394, 13.8683782 ], [ 100.4823841, 13.8742083 ], [ 100.4823563, 13.8742083 ], [ 100.4848792, 13.8785723 ], [ 100.4847713, 13.8786572 ], [ 100.4874143, 13.8818526 ], [ 100.4873725, 13.8818781 ], [ 100.4918411, 13.8841835 ], [ 100.4918588, 13.8842176 ], [ 100.494279, 13.88295 ], [ 100.4942889, 13.8829677 ], [ 100.4915772, 13.8853646 ] ] } },
{ "type": "Feature", "properties": { "route_id": 10111137, "name": "1 (รถกะป๊อ) วัดชมภูเวก → นนทบุรี", "ref": "1Kei", "from_stop": "Wat Chomphu Wek", "to_stop": "Soi Nonthaburi 2/1", "operator": "บริษัท สนามบินน้ำ จำกัด", "network": "", "route_type": "bus", "coord_count": 19 }, "geometry": { "type": "LineString", "coordinates": [ [ 100.4935953, 13.8831908 ], [ 100.4935587, 13.8831292 ], [ 100.4875178, 13.8817856 ], [ 100.4875568, 13.8817533 ], [ 100.4851846, 13.878844 ], [ 100.4852192, 13.8788108 ], [ 100.4824429, 13.8737735 ], [ 100.4825011, 13.8737604 ], [ 100.4820846, 13.8695999 ], [ 100.4821571, 13.8696048 ], [ 100.4821216, 13.8682423 ], [ 100.4821603, 13.8682408 ], [ 100.4822098, 13.8654251 ], [ 100.4822443, 13.8654164 ], [ 100.4822939, 13.8621378 ], [ 100.4823297, 13.8621366 ], [ 100.4921655, 13.8429708 ], [ 100.4922307, 13.8429408 ], [ 100.4915531, 13.8853464 ] ] } },
{ "type": "Feature", "properties": { "route_id": 10307081, "name": "3 ท่าน้ำนนท์ → วัดสังฆทาน → บางไผ่ ซอย 5", "ref": "3", "from_stop": "Nonthaburi Pier", "to_stop": "Bang Pai Soi 5", "operator": "ห้างหุ้นส่วนจำกัด ศรีเมืองนนทบุรี", "network": "", "route_type": "bus", "coord_count": 24 }, "geometry": { "type": "LineString", "coordinates": [ [ 100.4923487, 13.8428059 ], [ 100.4922307, 13.8429408 ], [ 100.4959267, 13.8421646 ], [ 100.4959951, 13.8421889 ], [ 100.4973064, 13.8386746 ], [ 100.4973834, 13.8387052 ], [ 100.4986578, 13.8363798 ], [ 100.4986955, 13.8363808 ], [ 100.4923391, 13.8267014 ], [ 100.4924183, 13.8266114 ], [ 100.4943966, 13.8272531 ], [ 100.4944289, 13.8272867 ], [ 100.4969166, 13.8254875 ], [ 100.4969482, 13.8255194 ], [ 100.4979744, 13.8219449 ], [ 100.4980311, 13.8219263 ], [ 100.4963936, 13.8176369 ], [ 100.4964526, 13.8175656 ], [ 100.4946278, 13.8165068 ], [ 100.4946998, 13.8163913 ], [ 100.4928054, 13.8162556 ], [ 100.4927693, 13.8162277 ], [ 100.4910504, 13.8199003 ], [ 100.4910251, 13.8199261 ] ] } },
{ "type": "Feature", "properties": { "route_id": 10307089, "name": "3 บางไผ่ ซอย 5 → วัดสังฆทาน → ท่าน้ำนนท์", "ref": "3", "from_stop": "Bang Pai Soi 5", "to_stop": "Nonthaburi Pier", "operator": "ห้างหุ้นส่วนจำกัด ศรีเมืองนนทบุรี", "network": "", "route_type": "bus", "coord_count": 30 }, "geometry": { "type": "LineString", "coordinates": [ [ 100.4910504, 13.8199003 ], [ 100.4910251, 13.8199261 ], [ 100.492784, 13.8162805 ], [ 100.4928082, 13.8162929 ], [ 100.4946131, 13.8164967 ], [ 100.4945906, 13.8164911 ], [ 100.4964537, 13.8176681 ], [ 100.4964336, 13.8176953 ], [ 100.4979624, 13.8220214 ], [ 100.497904, 13.8220168 ], [ 100.4968742, 13.8255153 ], [ 100.4968334, 13.8254653 ], [ 100.4948743, 13.8268605 ], [ 100.4948398, 13.8267841 ], [ 100.4923391, 13.8267014 ], [ 100.4924183, 13.8266114 ], [ 100.4845257, 13.8268562 ], [ 100.4845518, 13.8268013 ], [ 100.4807117, 13.8249432 ], [ 100.4807305, 13.8248964 ], [ 100.4799016, 13.8249956 ], [ 100.479887, 13.825047 ], [ 100.4846015, 13.8273601 ], [ 100.4846018, 13.8273778 ], [ 100.4986752, 13.8361524 ], [ 100.4985437, 13.83609 ], [ 100.4964774, 13.8401376 ], [ 100.4964581, 13.8401246 ], [ 100.4923487, 13.8428059 ], [ 100.4922307, 13.8429408 ] ] } },
{ "type": "Feature", "properties": { "route_id": 10349801, "name": "17002 แยกศรีพรสวรรค์ → เซ็นทรัลรัตนาธิเบศร์", "ref": "17002", "from_stop": "Si Phon Sawan Intersection", "to_stop": "CentralPlaza Rattanathibet", "operator": "สหกรณ์เดินรถนนทบุรี จำกัด", "network": "", "route_type": "bus", "coord_count": 16 }, "geometry": { "type": "LineString", "coordinates": [ [ 100.4953494, 13.8441549 ], [ 100.4953295, 13.84414 ], [ 100.4957723, 13.8475985 ], [ 100.4957481, 13.8475847 ], [ 100.4962471, 13.8493292 ], [ 100.4962253, 13.8493287 ], [ 100.4964719, 13.8521177 ], [ 100.4964233, 13.8521231 ], [ 100.4983596, 13.8574613 ], [ 100.4983456, 13.8574465 ], [ 100.4991686, 13.8611483 ], [ 100.4991417, 13.861144 ], [ 100.4972153, 13.864196 ], [ 100.4971776, 13.8641058 ], [ 100.4970709, 13.8646748 ], [ 100.4971164, 13.8647477 ] ] } },
{ "type": "Feature", "properties": { "route_id": 10349841, "name": "17002 เซ็นทรัลรัตนาธิเบศร์ → แยกศรีพรสวรรค์", "ref": "17002", "from_stop": "CentralPlaza Rattanathibet", "to_stop": "Si Phon Sawan Intersection", "operator": "สหกรณ์เดินรถนนทบุรี จำกัด", "network": "", "route_type": "bus", "coord_count": 34 }, "geometry": { "type": "LineString", "coordinates": [ [ 100.4970709, 13.8646748 ], [ 100.4971164, 13.8647477 ], [ 100.5038828, 13.8620912 ], [ 100.5039034, 13.8621639 ], [ 100.5091944, 13.8609436 ], [ 100.5092017, 13.8610196 ], [ 100.5147873, 13.8602177 ], [ 100.5182281, 13.8596934 ], [ 100.5182369, 13.8597761 ], [ 100.5190042, 13.85927 ], [ 100.5189942, 13.8591668 ], [ 100.5174348, 13.8594761 ], [ 100.5174266, 13.8593713 ], [ 100.5132012, 13.86001 ], [ 100.5131949, 13.8599709 ], [ 100.503641, 13.8617588 ], [ 100.5036269, 13.8616972 ], [ 100.5016044, 13.8624021 ], [ 100.5015674, 13.8623287 ], [ 100.499481, 13.8616829 ], [ 100.4994712, 13.8616219 ], [ 100.4991028, 13.8608022 ], [ 100.4991637, 13.8607859 ], [ 100.4983627, 13.8570754 ], [ 100.4984006, 13.8570547 ], [ 100.4964883, 13.8521749 ], [ 100.4965682, 13.8521482 ], [ 100.4962207, 13.8492064 ], [ 100.4962939, 13.8491854 ], [ 100.4957742, 13.847723 ], [ 100.4958505, 13.8476864 ], [ 100.495341, 13.8442379 ], [ 100.4953848, 13.844185 ], [ 100.514784, 13.8601831 ] ] } },
{ "type": "Feature", "properties": { "route_id": 10353345, "name": "1102 เข้าซอยเรวดี → วัดปากน้ำ", "ref": "1102", "from_stop": "Rewadee Road", "to_stop": "Wat Pak Nam", "operator": "บริษัท สี่ไชยทอง จำกัด", "network": "", "route_type": "bus", "coord_count": 57 }, "geometry": { "type": "LineString", "coordinates": [ [ 100.4823493, 13.8594554 ], [ 100.4823953, 13.8594475 ], [ 100.4842172, 13.8588385 ], [ 100.4842168, 13.8588817 ], [ 100.4892131, 13.8589655 ], [ 100.489225, 13.8590056 ], [ 100.4922602, 13.8585783 ], [ 100.4922575, 13.8586096 ], [ 100.4933069, 13.8586242 ], [ 100.4933218, 13.858668 ], [ 100.4982268, 13.8573378 ], [ 100.4982385, 13.8573704 ], [ 100.502591, 13.8562608 ], [ 100.5026039, 13.856328 ], [ 100.5070001, 13.8555518 ], [ 100.5070103, 13.8556272 ], [ 100.5170314, 13.854348 ], [ 100.5170428, 13.8544103 ], [ 100.5181525, 13.8533919 ], [ 100.5182692, 13.8533362 ], [ 100.5160858, 13.8503156 ], [ 100.516142, 13.8502868 ], [ 100.5155845, 13.8495641 ], [ 100.5156406, 13.8495357 ], [ 100.514071, 13.8473856 ], [ 100.5141097, 13.8473563 ], [ 100.5118464, 13.844088 ], [ 100.5119091, 13.8440694 ], [ 100.5095043, 13.8436759 ], [ 100.5094929, 13.8436422 ], [ 100.5051859, 13.8438061 ], [ 100.505168, 13.8437559 ], [ 100.5029331, 13.8438449 ], [ 100.5029178, 13.8438352 ], [ 100.4987658, 13.8438195 ], [ 100.4987783, 13.8437222 ], [ 100.4968872, 13.8435466 ], [ 100.4969019, 13.8434569 ], [ 100.4959267, 13.8421646 ], [ 100.4959951, 13.8421889 ], [ 100.4973064, 13.8386746 ], [ 100.4973834, 13.8387052 ], [ 100.4986578, 13.8363798 ], [ 100.4986955, 13.8363808 ], [ 100.500055, 13.8337538 ], [ 100.5001309, 13.8337655 ], [ 100.5008552, 13.8317964 ], [ 100.5009154, 13.8318183 ], [ 100.5020589, 13.8288866 ], [ 100.5021271, 13.82891 ], [ 100.503236, 13.825935 ], [ 100.5032948, 13.8259505 ], [ 100.5035753, 13.8248616 ], [ 100.5036418, 13.8248471 ], [ 100.5056029, 13.8223295 ], [ 100.5056272, 13.8223715 ], [ 100.5060501, 13.8213206 ] ] } },
{ "type": "Feature", "properties": { "route_id": 10353350, "name": "1102 วัดปากน้ำ → เข้าซอยเรวดี", "ref": "1102", "from_stop": "Wat Pak Nam", "to_stop": "Rewadee Road", "operator": "บริษัท สี่ไชยทอง จำกัด", "network": "", "route_type": "bus", "coord_count": 51 }, "geometry": { "type": "LineString", "coordinates": [ [ 100.505986, 13.8212731 ], [ 100.5059336, 13.8212715 ], [ 100.5053428, 13.8222912 ], [ 100.5052969, 13.8221757 ], [ 100.5036264, 13.8240822 ], [ 100.5035752, 13.8240566 ], [ 100.5029288, 13.8264433 ], [ 100.5028872, 13.8264419 ], [ 100.5020294, 13.8286278 ], [ 100.5020012, 13.8286103 ], [ 100.5007705, 13.8316655 ], [ 100.5007406, 13.8316513 ], [ 100.5000189, 13.8335494 ], [ 100.4999138, 13.8335093 ], [ 100.4986752, 13.8361524 ], [ 100.4985437, 13.83609 ], [ 100.4964774, 13.8401376 ], [ 100.4964581, 13.8401246 ], [ 100.4968406, 13.8435392 ], [ 100.496831, 13.8435819 ], [ 100.4984838, 13.8437865 ], [ 100.4984745, 13.8438438 ], [ 100.5021474, 13.8438609 ], [ 100.5021717, 13.8440068 ], [ 100.5095923, 13.8437975 ], [ 100.5116365, 13.8442099 ], [ 100.5115772, 13.844263 ], [ 100.5139745, 13.8475603 ], [ 100.5139281, 13.8475913 ], [ 100.5152964, 13.8494926 ], [ 100.5152404, 13.8495256 ], [ 100.5180175, 13.8534786 ], [ 100.5179236, 13.853531 ], [ 100.5171449, 13.8543397 ], [ 100.517135, 13.8542773 ], [ 100.5071082, 13.8555342 ], [ 100.5070913, 13.8554516 ], [ 100.5025186, 13.8562733 ], [ 100.5024966, 13.8561874 ], [ 100.4980781, 13.8573822 ], [ 100.4980585, 13.8573004 ], [ 100.4934575, 13.8585775 ], [ 100.4934274, 13.8584822 ], [ 100.4923199, 13.8585789 ], [ 100.4923188, 13.8585011 ], [ 100.4891354, 13.8589908 ], [ 100.4891231, 13.8589272 ], [ 100.4842709, 13.8588376 ], [ 100.4842718, 13.8587854 ], [ 100.4825738, 13.8589653 ], [ 100.4825728, 13.8588521 ] ] } },
{ "type": "Feature", "properties": { "route_id": 13513506, "name": "145 (3-18) หมอชิต 2 - ปากน้ำ", "ref": "145 (3-18)", "from_stop": "Mo Chit 2 Bus Terminal (Chatuchak)", "to_stop": "Pak Nam", "operator": "BMTA", "network": "BMTA", "route_type": "bus", "coord_count": 96 }, "geometry": { "type": "LineString", "coordinates": [ [ 100.5479272, 13.810854 ], [ 100.6203021, 13.5622149 ], [ 100.6073598, 13.5833305 ], [ 100.6470558, 13.6883315 ], [ 100.6416771, 13.7371996 ], [ 100.6418569, 13.7263603 ], [ 100.6437216, 13.7138078 ], [ 100.6472589, 13.6909775 ], [ 100.6475975, 13.6951057 ], [ 100.5493186, 13.8132289 ], [ 100.5534966, 13.8027584 ], [ 100.5483789, 13.8043055 ], [ 100.5541188, 13.8037679 ], [ 100.5482086, 13.8081416 ], [ 100.5407277, 13.8046313 ], [ 100.5431934, 13.8040442 ], [ 100.6028886, 13.5788847 ], [ 100.5975845, 13.5959643 ], [ 100.6254562, 13.5791838 ], [ 100.597883, 13.5988069 ], [ 100.5975849, 13.5934804 ], [ 100.6208307, 13.5822435 ], [ 100.6136101, 13.5852758 ], [ 100.597487, 13.5900224 ], [ 100.598828, 13.5872574 ], [ 100.6000452, 13.5847478 ], [ 100.6014746, 13.5818069 ], [ 100.6051337, 13.5966184 ], [ 100.6126592, 13.5985283 ], [ 100.6090906, 13.5957633 ], [ 100.6458049, 13.672695 ], [ 100.6460525, 13.6757497 ], [ 100.6463632, 13.6794556 ], [ 100.6465373, 13.681799 ], [ 100.6467305, 13.6842547 ], [ 100.557207, 13.8088892 ], [ 100.5604946, 13.8149573 ], [ 100.6429171, 13.7674962 ], [ 100.626533, 13.6263754 ], [ 100.6435503, 13.745329 ], [ 100.6442084, 13.7479094 ], [ 100.6456728, 13.7529713 ], [ 100.6460633, 13.7553679 ], [ 100.6458098, 13.758516 ], [ 100.6456115, 13.761129 ], [ 100.6412937, 13.7341218 ], [ 100.6414699, 13.7316413 ], [ 100.6416601, 13.7291163 ], [ 100.642223, 13.7216115 ], [ 100.563246, 13.8119927 ], [ 100.5649022, 13.8110885 ], [ 100.568297, 13.809179 ], [ 100.5700689, 13.8081947 ], [ 100.5721001, 13.807109 ], [ 100.5951023, 13.7941863 ], [ 100.5973454, 13.79295 ], [ 100.6004825, 13.791202 ], [ 100.6027269, 13.7899386 ], [ 100.6046105, 13.7888713 ], [ 100.6065381, 13.7878207 ], [ 100.6105559, 13.7855595 ], [ 100.6124987, 13.7844644 ], [ 100.6151465, 13.783 ], [ 100.6385804, 13.7698947 ], [ 100.6367446, 13.770928 ], [ 100.634122, 13.772388 ], [ 100.6315085, 13.7738424 ], [ 100.6303167, 13.7745145 ], [ 100.6275052, 13.7760756 ], [ 100.6252479, 13.7773396 ], [ 100.6234868, 13.7783139 ], [ 100.6203843, 13.7800574 ], [ 100.6189204, 13.7808777 ], [ 100.5485475, 13.7991581 ], [ 100.6441601, 13.7117328 ], [ 100.6451079, 13.7076234 ], [ 100.6456551, 13.7052436 ], [ 100.6468386, 13.7001878 ], [ 100.6474342, 13.6976382 ], [ 100.6424385, 13.6555649 ], [ 100.6402282, 13.649895 ], [ 100.6355385, 13.6420252 ], [ 100.6341261, 13.6396449 ], [ 100.6333145, 13.6382757 ], [ 100.6308339, 13.6340831 ], [ 100.6290612, 13.6310463 ], [ 100.6404983, 13.7688488 ], [ 100.6249513, 13.6234523 ], [ 100.6233831, 13.6202297 ], [ 100.6213702, 13.6162228 ], [ 100.6190084, 13.6121049 ], [ 100.6165179, 13.6080594 ], [ 100.6147721, 13.6048183 ], [ 100.6133486, 13.6016016 ], [ 100.6192319, 13.5830472 ], [ 100.6237221, 13.5803232 ] ] } },
{ "type": "Feature", "properties": { "route_id": 13513819, "name": "102 (3-12E) แพรกษา - เซ็นทรัลพระราม 3", "ref": "102 (3-12E)", "from_stop": "อู่บ่อดิน", "to_stop": "เซ็นทรัลพระราม 3", "operator": "BMTA", "network": "BMTA", "route_type": "bus", "coord_count": 49 }, "geometry": { "type": "LineString", "coordinates": [ [ 100.5595932, 13.7168195 ], [ 100.5632989, 13.7152921 ], [ 100.5394492, 13.6977495 ], [ 100.5962772, 13.5964657 ], [ 100.5888291, 13.6302476 ], [ 100.5977563, 13.6516965 ], [ 100.6063553, 13.6727763 ], [ 100.5381049, 13.6974649 ], [ 100.5644109, 13.7131822 ], [ 100.563743, 13.7097638 ], [ 100.5333698, 13.6951154 ], [ 100.5410656, 13.6991809 ], [ 100.5391684, 13.6970718 ], [ 100.6080598, 13.5842588 ], [ 100.5611837, 13.7161696 ], [ 100.5972751, 13.5899285 ], [ 100.5973701, 13.5987907 ], [ 100.5884588, 13.6257277 ], [ 100.6029768, 13.5781799 ], [ 100.5998065, 13.584682 ], [ 100.5969291, 13.6022164 ], [ 100.5953854, 13.606785 ], [ 100.5937845, 13.6111128 ], [ 100.5926648, 13.6141649 ], [ 100.5919002, 13.6163364 ], [ 100.5928638, 13.6396976 ], [ 100.5914114, 13.6361529 ], [ 100.5914719, 13.6174715 ], [ 100.5908764, 13.6191136 ], [ 100.5895867, 13.6226335 ], [ 100.6040881, 13.6669666 ], [ 100.6019186, 13.6617889 ], [ 100.60049, 13.6582402 ], [ 100.5997071, 13.6563143 ], [ 100.5993004, 13.6553532 ], [ 100.5475919, 13.7062184 ], [ 100.557334, 13.7163573 ], [ 100.5509596, 13.7100185 ], [ 100.5641338, 13.7096121 ], [ 100.6030067, 13.6644208 ], [ 100.6012728, 13.5816816 ], [ 100.6226804, 13.5807243 ], [ 100.6201272, 13.582367 ], [ 100.6147331, 13.5845584 ], [ 100.6122015, 13.5855527 ], [ 100.6232451, 13.5803602 ], [ 100.6157765, 13.5841913 ], [ 100.6203021, 13.5622149 ], [ 100.6257083, 13.578713 ] ] } },
{ "type": "Feature", "properties": { "route_id": 13513820, "name": "102 (3-12E) เซ็นทรัลพระราม 3 - แพรกษา", "ref": "102 (3-12E)", "from_stop": "เซ็นทรัลพระราม 3", "to_stop": "อู่บ่อดิน", "operator": "BMTA", "network": "BMTA", "route_type": "bus", "coord_count": 50 }, "geometry": { "type": "LineString", "coordinates": [ [ 100.5394492, 13.6977495 ], [ 100.5891358, 13.6299759 ], [ 100.5974672, 13.6502019 ], [ 100.6060888, 13.6710779 ], [ 100.5381049, 13.6974649 ], [ 100.5646709, 13.7130565 ], [ 100.5333698, 13.6951154 ], [ 100.5608084, 13.7196638 ], [ 100.5577735, 13.7189145 ], [ 100.6073598, 13.5833305 ], [ 100.5975849, 13.5934804 ], [ 100.5975845, 13.5959643 ], [ 100.5976955, 13.5991457 ], [ 100.5887109, 13.6258736 ], [ 100.6028886, 13.5788847 ], [ 100.597487, 13.5900224 ], [ 100.598828, 13.5872574 ], [ 100.6000452, 13.5847478 ], [ 100.6014746, 13.5818069 ], [ 100.5955906, 13.6069347 ], [ 100.5928099, 13.6145716 ], [ 100.5938008, 13.611836 ], [ 100.5951111, 13.6444961 ], [ 100.5923113, 13.6375752 ], [ 100.5933204, 13.6400857 ], [ 100.5915085, 13.6356563 ], [ 100.5896948, 13.6232252 ], [ 100.591144, 13.619159 ], [ 100.5985461, 13.6528586 ], [ 100.5998211, 13.655973 ], [ 100.6006766, 13.6579629 ], [ 100.602013, 13.6612652 ], [ 100.6034496, 13.6648346 ], [ 100.6043374, 13.6669548 ], [ 100.5510058, 13.7104303 ], [ 100.5406587, 13.6996164 ], [ 100.5450348, 13.7036169 ], [ 100.5478698, 13.7072521 ], [ 100.5428271, 13.70327 ], [ 100.5658555, 13.7158397 ], [ 100.5972216, 13.6021276 ], [ 100.5456501, 13.7034186 ], [ 100.5634786, 13.7191284 ], [ 100.5669917, 13.7183177 ], [ 100.6136101, 13.5852758 ], [ 100.6192319, 13.5830472 ], [ 100.6208307, 13.5822435 ], [ 100.6237221, 13.5803232 ], [ 100.6203021, 13.5622149 ], [ 100.6254562, 13.5791838 ] ] } },
{ "type": "Feature", "properties": { "route_id": 13517858, "name": "142 (3-17E) ปากน้ำ - อู่แสมดำ", "ref": "142 (3-17E)", "from_stop": "อู่ฟาร์มจระเข้สมุทรปราการ", "to_stop": "อู่แสมดำ", "operator": "BMTA", "network": "BMTA", "route_type": "bus", "coord_count": 69 }, "geometry": { "type": "LineString", "coordinates": [ [ 100.3858451, 13.6218413 ], [ 100.5972751, 13.5899285 ], [ 100.5973701, 13.5987907 ], [ 100.5962772, 13.5964657 ], [ 100.5888291, 13.6302476 ], [ 100.5884588, 13.6257277 ], [ 100.6029768, 13.5781799 ], [ 100.5998065, 13.584682 ], [ 100.5951723, 13.5732613 ], [ 100.5969291, 13.6022164 ], [ 100.5953854, 13.606785 ], [ 100.5937845, 13.6111128 ], [ 100.5926648, 13.6141649 ], [ 100.5919002, 13.6163364 ], [ 100.5928638, 13.6396976 ], [ 100.5914114, 13.6361529 ], [ 100.5914719, 13.6174715 ], [ 100.5908764, 13.6191136 ], [ 100.5895867, 13.6226335 ], [ 100.5977563, 13.6516965 ], [ 100.6040881, 13.6669666 ], [ 100.6019186, 13.6617889 ], [ 100.60049, 13.6582402 ], [ 100.5997071, 13.6563143 ], [ 100.5993004, 13.6553532 ], [ 100.6063553, 13.6727763 ], [ 100.5085268, 13.6715539 ], [ 100.5105242, 13.6702591 ], [ 100.5112902, 13.6701946 ], [ 100.4914845, 13.6825428 ], [ 100.4942464, 13.6805964 ], [ 100.4956573, 13.6796453 ], [ 100.4979906, 13.6781544 ], [ 100.5000408, 13.6768651 ], [ 100.5127078, 13.6689106 ], [ 100.4667568, 13.6784369 ], [ 100.4722481, 13.680149 ], [ 100.4684089, 13.6791021 ], [ 100.4600131, 13.6744976 ], [ 100.47502, 13.6808662 ], [ 100.4153396, 13.6455015 ], [ 100.4207862, 13.6495193 ], [ 100.4229594, 13.6511393 ], [ 100.4291726, 13.6557283 ], [ 100.4252353, 13.6528184 ], [ 100.3893072, 13.6214787 ], [ 100.3935161, 13.6257685 ], [ 100.3973315, 13.6296456 ], [ 100.4003992, 13.6326955 ], [ 100.4037764, 13.6361209 ], [ 100.4063852, 13.6387045 ], [ 100.481053, 13.6831098 ], [ 100.4869313, 13.684054 ], [ 100.4850272, 13.6834099 ], [ 100.4818144, 13.6826057 ], [ 100.4783817, 13.6816648 ], [ 100.6030067, 13.6644208 ], [ 100.4401228, 13.6624596 ], [ 100.4361263, 13.6600526 ], [ 100.6012728, 13.5816816 ], [ 100.447648, 13.6670128 ], [ 100.4451962, 13.6655162 ], [ 100.5039419, 13.6744209 ], [ 100.4627002, 13.6760925 ], [ 100.4613309, 13.6752688 ], [ 100.4560109, 13.6720502 ], [ 100.4506608, 13.6688298 ], [ 100.4490573, 13.6678577 ], [ 100.5984106, 13.5721586 ] ] } },
{ "type": "Feature", "properties": { "route_id": 13517859, "name": "129 (1-14E) บางเขน - สำโรง", "ref": "129 (1-14E)", "from_stop": "อู่บางเขน", "to_stop": "สำโรง", "operator": "BMTA", "network": "BMTA", "route_type": "bus", "coord_count": 27 }, "geometry": { "type": "LineString", "coordinates": [ [ 100.6060888, 13.6710779 ], [ 100.6043374, 13.6669548 ], [ 100.6034496, 13.6648346 ], [ 100.602013, 13.6612652 ], [ 100.6006766, 13.6579629 ], [ 100.5998211, 13.655973 ], [ 100.5985461, 13.6528586 ], [ 100.5974672, 13.6502019 ], [ 100.5951111, 13.6444961 ], [ 100.5933204, 13.6400857 ], [ 100.5923113, 13.6375752 ], [ 100.5915085, 13.6356563 ], [ 100.5917464, 13.6285444 ], [ 100.5923975, 13.8695054 ], [ 100.5558855, 13.7772584 ], [ 100.5615517, 13.8155358 ], [ 100.5767843, 13.8414677 ], [ 100.5847357, 13.8550184 ], [ 100.5928039, 13.8686929 ], [ 100.5912653, 13.8660849 ], [ 100.5896585, 13.8633715 ], [ 100.5670452, 13.8249185 ], [ 100.5655041, 13.8223302 ], [ 100.563992, 13.8197434 ], [ 100.5629618, 13.8179263 ], [ 100.5746331, 13.8378371 ], [ 100.5730666, 13.8352154 ] ] } },
{ "type": "Feature", "properties": { "route_id": 13517860, "name": "129 (1-14E) สำโรง - บางเขน", "ref": "129 (1-14E)", "from_stop": "สำโรง", "to_stop": "อู่บางเขน", "operator": "BMTA", "network": "BMTA", "route_type": "bus", "coord_count": 34 }, "geometry": { "type": "LineString", "coordinates": [ [ 100.6063553, 13.6727763 ], [ 100.6040881, 13.6669666 ], [ 100.5888291, 13.6302476 ], [ 100.5914114, 13.6361529 ], [ 100.5928638, 13.6396976 ], [ 100.5977563, 13.6516965 ], [ 100.5993004, 13.6553532 ], [ 100.5997071, 13.6563143 ], [ 100.60049, 13.6582402 ], [ 100.6019186, 13.6617889 ], [ 100.6040881, 13.6669666 ], [ 100.5917464, 13.6285444 ], [ 100.5923975, 13.8695054 ], [ 100.561455, 13.8161295 ], [ 100.5635104, 13.8194088 ], [ 100.5765011, 13.8415917 ], [ 100.5853146, 13.8564997 ], [ 100.5924629, 13.8685972 ], [ 100.5903535, 13.8650291 ], [ 100.5890188, 13.8628171 ], [ 100.6030067, 13.6644208 ], [ 100.5595495, 13.8076559 ], [ 100.5598476, 13.8052499 ], [ 100.5600178, 13.8032421 ], [ 100.5603244, 13.7996514 ], [ 100.5605514, 13.7973937 ], [ 100.5609956, 13.7940534 ], [ 100.5612229, 13.7906852 ], [ 100.5601365, 13.7864311 ], [ 100.558822, 13.7840301 ], [ 100.5561407, 13.7795484 ], [ 100.5546548, 13.776919 ], [ 100.5529263, 13.7737642 ], [ 100.5513652, 13.7707987 ] ] } },
{ "type": "Feature", "properties": { "route_id": 13517861, "name": "142 (3-17E) อู่แสมดำ - ปากน้ำ", "ref": "142 (3-17E)", "from_stop": "อู่แสมดำ", "to_stop": "อู่ฟาร์มจระเข้สมุทรปราการ", "operator": "BMTA", "network": "BMTA", "route_type": "bus", "coord_count": 69 }, "geometry": { "type": "LineString", "coordinates": [ [ 100.3858451, 13.6218413 ], [ 100.4925208, 13.6822037 ], [ 100.4139842, 13.645368 ], [ 100.3868024, 13.6201486 ], [ 100.3888817, 13.6220751 ], [ 100.4622218, 13.6766263 ], [ 100.4666167, 13.679114 ], [ 100.4679758, 13.6796862 ], [ 100.4716629, 13.6807096 ], [ 100.4744861, 13.6814417 ], [ 100.4783713, 13.6824083 ], [ 100.4178961, 13.6482698 ], [ 100.4208025, 13.6504437 ], [ 100.4223116, 13.6515284 ], [ 100.4246453, 13.6532696 ], [ 100.4288892, 13.6563998 ], [ 100.4448596, 13.666133 ], [ 100.4564426, 13.6731121 ], [ 100.4582183, 13.6742058 ], [ 100.4499979, 13.6692121 ], [ 100.4416151, 13.6641696 ], [ 100.4395618, 13.6629625 ], [ 100.4356226, 13.6605387 ], [ 100.4311642, 13.6578492 ], [ 100.4061092, 13.6393764 ], [ 100.4031167, 13.6364291 ], [ 100.4007128, 13.6340022 ], [ 100.3944561, 13.6276737 ], [ 100.3928319, 13.6260254 ], [ 100.5975849, 13.5934804 ], [ 100.5975845, 13.5959643 ], [ 100.5976955, 13.5991457 ], [ 100.5891358, 13.6299759 ], [ 100.5887109, 13.6258736 ], [ 100.6028886, 13.5788847 ], [ 100.597487, 13.5900224 ], [ 100.598828, 13.5872574 ], [ 100.6000452, 13.5847478 ], [ 100.6014746, 13.5818069 ], [ 100.5951723, 13.5732613 ], [ 100.5955906, 13.6069347 ], [ 100.5928099, 13.6145716 ], [ 100.5938008, 13.611836 ], [ 100.5951111, 13.6444961 ], [ 100.5923113, 13.6375752 ], [ 100.5933204, 13.6400857 ], [ 100.5915085, 13.6356563 ], [ 100.5896948, 13.6232252 ], [ 100.591144, 13.619159 ], [ 100.5974672, 13.6502019 ], [ 100.5985461, 13.6528586 ], [ 100.5998211, 13.655973 ], [ 100.6006766, 13.6579629 ], [ 100.602013, 13.6612652 ], [ 100.6034496, 13.6648346 ], [ 100.6043374, 13.6669548 ], [ 100.6060888, 13.6710779 ], [ 100.5084435, 13.6714562 ], [ 100.5105242, 13.6702591 ], [ 100.4942016, 13.6810177 ], [ 100.4971211, 13.6791043 ], [ 100.4987102, 13.6780623 ], [ 100.4999417, 13.6773208 ], [ 100.5045482, 13.6744098 ], [ 100.5127078, 13.6689106 ], [ 100.5972216, 13.6021276 ], [ 100.4599471, 13.6752534 ], [ 100.5071549, 13.6727948 ], [ 100.5979109, 13.5724808 ] ] } },
{ "type": "Feature", "properties": { "route_id": 13517862, "name": "25 (3-7E) สนามหลวง - ปากน้ำ (ทางด่วน)", "ref": "25 (3-7E)", "from_stop": "", "to_stop": "อู่แพรกษาบ่อดิน", "operator": "BMTA", "network": "BMTA", "route_type": "bus", "coord_count": 40 }, "geometry": { "type": "LineString", "coordinates": [ [ 100.6073598, 13.5833305 ], [ 100.5975849, 13.5934804 ], [ 100.5975845, 13.5959643 ], [ 100.5976955, 13.5991457 ], [ 100.5891358, 13.6299759 ], [ 100.5887109, 13.6258736 ], [ 100.6254562, 13.5791838 ], [ 100.6208307, 13.5822435 ], [ 100.6136101, 13.5852758 ], [ 100.6028886, 13.5788847 ], [ 100.597487, 13.5900224 ], [ 100.598828, 13.5872574 ], [ 100.6000452, 13.5847478 ], [ 100.6014746, 13.5818069 ], [ 100.5955906, 13.6069347 ], [ 100.5928099, 13.6145716 ], [ 100.5938008, 13.611836 ], [ 100.5951111, 13.6444961 ], [ 100.5923113, 13.6375752 ], [ 100.5933204, 13.6400857 ], [ 100.5915085, 13.6356563 ], [ 100.5896948, 13.6232252 ], [ 100.591144, 13.619159 ], [ 100.5974672, 13.6502019 ], [ 100.5985461, 13.6528586 ], [ 100.5998211, 13.655973 ], [ 100.6006766, 13.6579629 ], [ 100.602013, 13.6612652 ], [ 100.6034496, 13.6648346 ], [ 100.6043374, 13.6669548 ], [ 100.6060888, 13.6710779 ], [ 100.4962043, 13.7488804 ], [ 100.5175524, 13.7375829 ], [ 100.4962073, 13.7485237 ], [ 100.5972216, 13.6021276 ], [ 100.6203021, 13.5622149 ], [ 100.501895, 13.7470886 ], [ 100.5148025, 13.7394364 ], [ 100.6192319, 13.5830472 ], [ 100.6237221, 13.5803232 ] ] } },
{ "type": "Feature", "properties": { "route_id": 13517863, "name": "25 (3-7E) ปากน้ำ - สนามหลวง (ทางด่วน)", "ref": "25 (3-7E)", "from_stop": "อู่แพรกษาบ่อดิน", "to_stop": "", "operator": "BMTA", "network": "BMTA", "route_type": "bus", "coord_count": 51 }, "geometry": { "type": "LineString", "coordinates": [ [ 100.6080598, 13.5842588 ], [ 100.6257083, 13.578713 ], [ 100.5962772, 13.5964657 ], [ 100.5888291, 13.6302476 ], [ 100.5977563, 13.6516965 ], [ 100.6063553, 13.6727763 ], [ 100.6203021, 13.5622149 ], [ 100.5973701, 13.5987907 ], [ 100.5884588, 13.6257277 ], [ 100.6029768, 13.5781799 ], [ 100.6226804, 13.5807243 ], [ 100.6201272, 13.582367 ], [ 100.6147331, 13.5845584 ], [ 100.6122015, 13.5855527 ], [ 100.5998065, 13.584682 ], [ 100.5969291, 13.6022164 ], [ 100.5953854, 13.606785 ], [ 100.5937845, 13.6111128 ], [ 100.5926648, 13.6141649 ], [ 100.5919002, 13.6163364 ], [ 100.5928638, 13.6396976 ], [ 100.5914114, 13.6361529 ], [ 100.5914719, 13.6174715 ], [ 100.5908764, 13.6191136 ], [ 100.5895867, 13.6226335 ], [ 100.6040881, 13.6669666 ], [ 100.6019186, 13.6617889 ], [ 100.60049, 13.6582402 ], [ 100.5997071, 13.6563143 ], [ 100.5993004, 13.6553532 ], [ 100.5179834, 13.7369281 ], [ 100.6030067, 13.6644208 ], [ 100.6012728, 13.5816816 ], [ 100.5972751, 13.5899285 ], [ 100.5123253, 13.7384508 ], [ 100.5108666, 13.7396852 ], [ 100.507711, 13.7415174 ], [ 100.5054593, 13.7436567 ], [ 100.495062, 13.74728 ], [ 100.6232451, 13.5803602 ], [ 100.6157765, 13.5841913 ], [ 100.4962043, 13.7488804 ], [ 100.4923547, 13.7565772 ], [ 100.492562, 13.7565688 ], [ 100.4926071, 13.7470839 ], [ 100.4900864, 13.7477913 ], [ 100.4895712, 13.7500224 ], [ 100.4892937, 13.7518624 ], [ 100.4895037, 13.7542281 ], [ 100.4895749, 13.7555655 ], [ 100.4961586, 13.7500781 ] ] } },
{ "type": "Feature", "properties": { "route_id": 13517979, "name": "23 (3-5) เทเวศร์ - ปู่เจ้าสมิงพราย", "ref": "23 (3-5)", "from_stop": "เทเวศร์", "to_stop": "สำโรง", "operator": "BMTA", "network": "BMTA", "route_type": "bus", "coord_count": 57 }, "geometry": { "type": "LineString", "coordinates": [ [ 100.5422427, 13.6458877 ], [ 100.5974672, 13.6502019 ], [ 100.5065677, 13.7671158 ], [ 100.6097014, 13.6800929 ], [ 100.5440419, 13.7496272 ], [ 100.5951111, 13.6444961 ], [ 100.5985461, 13.6528586 ], [ 100.5998211, 13.655973 ], [ 100.6006766, 13.6579629 ], [ 100.602013, 13.6612652 ], [ 100.6034496, 13.6648346 ], [ 100.6043374, 13.6669548 ], [ 100.6088015, 13.6778356 ], [ 100.6076772, 13.6750696 ], [ 100.6066767, 13.6726596 ], [ 100.5470113, 13.7497072 ], [ 100.5358051, 13.7519312 ], [ 100.5372978, 13.7513989 ], [ 100.5863715, 13.7187929 ], [ 100.6105011, 13.6824802 ], [ 100.5143583, 13.7628353 ], [ 100.5111123, 13.765463 ], [ 100.5128862, 13.763951 ], [ 100.5176397, 13.7600219 ], [ 100.50919, 13.7671758 ], [ 100.5954353, 13.7123469 ], [ 100.5919572, 13.7148054 ], [ 100.5889859, 13.7169545 ], [ 100.5877235, 13.7178424 ], [ 100.6010049, 13.7059822 ], [ 100.6023359, 13.7032421 ], [ 100.6004869, 13.7070274 ], [ 100.5277878, 13.7547817 ], [ 100.5246078, 13.7559216 ], [ 100.5892547, 13.6437938 ], [ 100.5873709, 13.6441835 ], [ 100.5850334, 13.6446572 ], [ 100.5820557, 13.6452417 ], [ 100.5799489, 13.6456553 ], [ 100.578563, 13.6459514 ], [ 100.5766973, 13.6463319 ], [ 100.5751671, 13.6466394 ], [ 100.5727965, 13.6471129 ], [ 100.569244, 13.6478285 ], [ 100.566355, 13.6484185 ], [ 100.5655639, 13.6485648 ], [ 100.5642958, 13.6488349 ], [ 100.5626562, 13.6491606 ], [ 100.5582608, 13.6500487 ], [ 100.5526248, 13.6507705 ], [ 100.5482721, 13.6518596 ], [ 100.5471516, 13.6523976 ], [ 100.5435879, 13.6540565 ], [ 100.573957, 13.747317 ], [ 100.5788856, 13.7462029 ], [ 100.5854489, 13.7447176 ], [ 100.588783, 13.7439464 ] ] } },
{ "type": "Feature", "properties": { "route_id": 13518349, "name": "507 (3-13) สายใต้ใหม่ - สำโรง", "ref": "507 (3-13)", "from_stop": "สายใต้ใหม่ (ตลิ่งชัน)", "to_stop": "สำโรง", "operator": "smart bus", "network": "smart bus", "route_type": "bus", "coord_count": 61 }, "geometry": { "type": "LineString", "coordinates": [ [ 100.4244444, 13.7800256 ], [ 100.5891358, 13.6299759 ], [ 100.5974672, 13.6502019 ], [ 100.4884052, 13.7656139 ], [ 100.5408752, 13.7279766 ], [ 100.4777453, 13.7780114 ], [ 100.5608084, 13.7196638 ], [ 100.4275662, 13.7813735 ], [ 100.4939627, 13.7537199 ], [ 100.530414, 13.732345 ], [ 100.5492578, 13.7244531 ], [ 100.6097014, 13.6800929 ], [ 100.484065, 13.7711293 ], [ 100.5951111, 13.6444961 ], [ 100.5933204, 13.6400857 ], [ 100.5915085, 13.6356563 ], [ 100.5985461, 13.6528586 ], [ 100.5998211, 13.655973 ], [ 100.6006766, 13.6579629 ], [ 100.602013, 13.6612652 ], [ 100.6034496, 13.6648346 ], [ 100.6043374, 13.6669548 ], [ 100.6088015, 13.6778356 ], [ 100.6076772, 13.6750696 ], [ 100.6066767, 13.6726596 ], [ 100.4430402, 13.7803949 ], [ 100.4707875, 13.7854099 ], [ 100.4721979, 13.7839224 ], [ 100.4742572, 13.7817348 ], [ 100.4753051, 13.7806085 ], [ 100.5175524, 13.7375829 ], [ 100.4450732, 13.780958 ], [ 100.6105011, 13.6824802 ], [ 100.4619171, 13.7860143 ], [ 100.4566758, 13.7844407 ], [ 100.4320484, 13.7809242 ], [ 100.4394355, 13.7802267 ], [ 100.4790496, 13.7766535 ], [ 100.4944932, 13.7556427 ], [ 100.4939029, 13.7507195 ], [ 100.5824055, 13.7131264 ], [ 100.5849846, 13.7130421 ], [ 100.58013, 13.7135602 ], [ 100.5775888, 13.7146636 ], [ 100.5759589, 13.7153733 ], [ 100.5889726, 13.7129021 ], [ 100.591466, 13.7134044 ], [ 100.5954353, 13.7123469 ], [ 100.6023359, 13.7032421 ], [ 100.6010049, 13.7059822 ], [ 100.6004869, 13.7070274 ], [ 100.4806489, 13.7750362 ], [ 100.426512, 13.7896607 ], [ 100.5320991, 13.7316382 ], [ 100.5347562, 13.7305216 ], [ 100.501895, 13.7470886 ], [ 100.5148025, 13.7394364 ], [ 100.5199323, 13.7364899 ], [ 100.5221915, 13.7355861 ], [ 100.523896, 13.7349011 ], [ 100.5255442, 13.7342503 ] ] } },
{ "type": "Feature", "properties": { "route_id": 13518350, "name": "507 (3-13) สำโรง - สายใต้ใหม่", "ref": "507 (3-13)", "from_stop": "สำโรง", "to_stop": "สายใต้ใหม่ (ตลิ่งชัน)", "operator": "smart bus", "network": "smart bus", "route_type": "bus", "coord_count": 64 }, "geometry": { "type": "LineString", "coordinates": [ [ 100.4244444, 13.7800256 ], [ 100.5888291, 13.6302476 ], [ 100.5977563, 13.6516965 ], [ 100.6072515, 13.674826 ], [ 100.4879947, 13.7652886 ], [ 100.4938507, 13.7545279 ], [ 100.6092009, 13.6795724 ], [ 100.5928638, 13.6396976 ], [ 100.5914114, 13.6361529 ], [ 100.6040881, 13.6669666 ], [ 100.6019186, 13.6617889 ], [ 100.60049, 13.6582402 ], [ 100.5997071, 13.6563143 ], [ 100.5993004, 13.6553532 ], [ 100.6081146, 13.6769336 ], [ 100.5179834, 13.7369281 ], [ 100.4451124, 13.7803838 ], [ 100.4429861, 13.7797936 ], [ 100.4309691, 13.7805134 ], [ 100.4376217, 13.7798371 ], [ 100.4394538, 13.7796548 ], [ 100.4700409, 13.7857529 ], [ 100.4719638, 13.7837196 ], [ 100.4749047, 13.7805832 ], [ 100.600826, 13.7056915 ], [ 100.5996568, 13.7081431 ], [ 100.5597658, 13.7197944 ], [ 100.5636833, 13.7189987 ], [ 100.5553942, 13.7215635 ], [ 100.5463745, 13.7252693 ], [ 100.5309892, 13.7317 ], [ 100.6102722, 13.6826944 ], [ 100.6098667, 13.6812281 ], [ 100.6103245, 13.6850936 ], [ 100.6095124, 13.6879477 ], [ 100.6081481, 13.6907683 ], [ 100.6071962, 13.6926295 ], [ 100.4764753, 13.7788999 ], [ 100.5409739, 13.7275528 ], [ 100.6019841, 13.7033727 ], [ 100.4272867, 13.7808935 ], [ 100.4536743, 13.7830128 ], [ 100.4572822, 13.7840911 ], [ 100.4614884, 13.785346 ], [ 100.4801453, 13.7748371 ], [ 100.4783131, 13.7768686 ], [ 100.5659579, 13.7193197 ], [ 100.5797969, 13.7134499 ], [ 100.576481, 13.7148747 ], [ 100.5848373, 13.7128134 ], [ 100.5869069, 13.7127114 ], [ 100.5892642, 13.7126542 ], [ 100.5913325, 13.7130971 ], [ 100.5947883, 13.7125226 ], [ 100.5353832, 13.7298722 ], [ 100.6030067, 13.6644208 ], [ 100.5494243, 13.7240187 ], [ 100.5123253, 13.7384508 ], [ 100.5108666, 13.7396852 ], [ 100.507711, 13.7415174 ], [ 100.5054593, 13.7436567 ], [ 100.495062, 13.74728 ], [ 100.5234179, 13.7348082 ], [ 100.5264863, 13.7335351 ] ] } },
{ "type": "Feature", "properties": { "route_id": 13526524, "name": "511 ปอ. ปากน้ำ - สายใต้ใหม่", "ref": "511", "from_stop": "", "to_stop": "สถานีขนส่งสายใต้ใหม่", "operator": "BMTA", "network": "BMTA", "route_type": "bus", "coord_count": 79 }, "geometry": { "type": "LineString", "coordinates": [ [ 100.4244444, 13.7800256 ], [ 100.506975, 13.7563015 ], [ 100.5962772, 13.5964657 ], [ 100.5888291, 13.6302476 ], [ 100.5977563, 13.6516965 ], [ 100.6072515, 13.674826 ], [ 100.4879947, 13.7652886 ], [ 100.500132, 13.756808 ], [ 100.4979883, 13.7572484 ], [ 100.4835788, 13.7709813 ], [ 100.6092009, 13.6795724 ], [ 100.5404919, 13.7473108 ], [ 100.5973701, 13.5987907 ], [ 100.5972751, 13.5899285 ], [ 100.5998065, 13.584682 ], [ 100.6029768, 13.5781799 ], [ 100.5969291, 13.6022164 ], [ 100.5953854, 13.606785 ], [ 100.5937845, 13.6111128 ], [ 100.5926648, 13.6141649 ], [ 100.5919002, 13.6163364 ], [ 100.5928638, 13.6396976 ], [ 100.5914114, 13.6361529 ], [ 100.5884588, 13.6257277 ], [ 100.5908764, 13.6191136 ], [ 100.5914719, 13.6174715 ], [ 100.5895867, 13.6226335 ], [ 100.6040881, 13.6669666 ], [ 100.6019186, 13.6617889 ], [ 100.60049, 13.6582402 ], [ 100.5997071, 13.6563143 ], [ 100.5993004, 13.6553532 ], [ 100.6081146, 13.6769336 ], [ 100.4451124, 13.7803838 ], [ 100.4429861, 13.7797936 ], [ 100.4309691, 13.7805134 ], [ 100.4376217, 13.7798371 ], [ 100.4394538, 13.7796548 ], [ 100.4700409, 13.7857529 ], [ 100.4719638, 13.7837196 ], [ 100.4749047, 13.7805832 ], [ 100.5190499, 13.7568185 ], [ 100.5142729, 13.7564903 ], [ 100.5113722, 13.7563974 ], [ 100.5038548, 13.7560264 ], [ 100.6102722, 13.6826944 ], [ 100.6098667, 13.6812281 ], [ 100.6103245, 13.6850936 ], [ 100.6095124, 13.6879477 ], [ 100.6081481, 13.6907683 ], [ 100.6071962, 13.6926295 ], [ 100.5951723, 13.5732613 ], [ 100.4764753, 13.7788999 ], [ 100.6019841, 13.7033727 ], [ 100.4272867, 13.7808935 ], [ 100.5831506, 13.720841 ], [ 100.581136, 13.7222791 ], [ 100.4536743, 13.7830128 ], [ 100.4572822, 13.7840911 ], [ 100.4614884, 13.785346 ], [ 100.4801453, 13.7748371 ], [ 100.4783131, 13.7768686 ], [ 100.5384927, 13.7507609 ], [ 100.5947883, 13.7125226 ], [ 100.600826, 13.7056915 ], [ 100.5785161, 13.7241236 ], [ 100.5762427, 13.7256995 ], [ 100.5733352, 13.7277658 ], [ 100.5700844, 13.730058 ], [ 100.6030067, 13.6644208 ], [ 100.5279643, 13.7544814 ], [ 100.5244766, 13.7557325 ], [ 100.5984106, 13.5721586 ], [ 100.5584835, 13.738242 ], [ 100.556887, 13.7393716 ], [ 100.5550034, 13.7407235 ], [ 100.5515032, 13.7424776 ], [ 100.5488387, 13.7429623 ], [ 100.5457823, 13.7435105 ] ] } },
{ "type": "Feature", "properties": { "route_id": 13526525, "name": "511 ปอ. สายใต้ใหม่ - ปากน้ำ", "ref": "511", "from_stop": "สถานีขนส่งสายใต้ใหม่", "to_stop": "", "operator": "BMTA", "network": "BMTA", "route_type": "bus", "coord_count": 83 }, "geometry": { "type": "LineString", "coordinates": [ [ 100.4244444, 13.7800256 ], [ 100.5071075, 13.756458 ], [ 100.484065, 13.7711293 ], [ 100.5974672, 13.6502019 ], [ 100.4884052, 13.7656139 ], [ 100.5891358, 13.6299759 ], [ 100.5407658, 13.7470321 ], [ 100.6097014, 13.6800929 ], [ 100.4976122, 13.7577995 ], [ 100.4777453, 13.7780114 ], [ 100.4275662, 13.7813735 ], [ 100.5096768, 13.7573124 ], [ 100.5149102, 13.7580755 ], [ 100.5132685, 13.7596619 ], [ 100.5975845, 13.5959643 ], [ 100.6028886, 13.5788847 ], [ 100.5951723, 13.5732613 ], [ 100.5424649, 13.7443211 ], [ 100.545275, 13.743836 ], [ 100.5491343, 13.7431362 ], [ 100.5539147, 13.741748 ], [ 100.5553952, 13.7407003 ], [ 100.5565441, 13.7398879 ], [ 100.557941, 13.7388954 ], [ 100.5593354, 13.7379057 ], [ 100.5976955, 13.5991457 ], [ 100.5975849, 13.5934804 ], [ 100.597487, 13.5900224 ], [ 100.598828, 13.5872574 ], [ 100.6000452, 13.5847478 ], [ 100.6014746, 13.5818069 ], [ 100.5955906, 13.6069347 ], [ 100.5928099, 13.6145716 ], [ 100.5938008, 13.611836 ], [ 100.5951111, 13.6444961 ], [ 100.5923113, 13.6375752 ], [ 100.5933204, 13.6400857 ], [ 100.5915085, 13.6356563 ], [ 100.5887109, 13.6258736 ], [ 100.5896948, 13.6232252 ], [ 100.591144, 13.619159 ], [ 100.5985461, 13.6528586 ], [ 100.5998211, 13.655973 ], [ 100.6006766, 13.6579629 ], [ 100.602013, 13.6612652 ], [ 100.6034496, 13.6648346 ], [ 100.6043374, 13.6669548 ], [ 100.6088015, 13.6778356 ], [ 100.6076772, 13.6750696 ], [ 100.4430402, 13.7803949 ], [ 100.4707875, 13.7854099 ], [ 100.4721979, 13.7839224 ], [ 100.4742572, 13.7817348 ], [ 100.4753051, 13.7806085 ], [ 100.5190244, 13.7570015 ], [ 100.5002565, 13.7572674 ], [ 100.5358051, 13.7519312 ], [ 100.5372978, 13.7513989 ], [ 100.4450732, 13.780958 ], [ 100.5863715, 13.7187929 ], [ 100.6105011, 13.6824802 ], [ 100.4619171, 13.7860143 ], [ 100.4566758, 13.7844407 ], [ 100.4320484, 13.7809242 ], [ 100.4394355, 13.7802267 ], [ 100.4790496, 13.7766535 ], [ 100.5954353, 13.7123469 ], [ 100.5877235, 13.7178424 ], [ 100.5889859, 13.7169545 ], [ 100.5919572, 13.7148054 ], [ 100.6023359, 13.7032421 ], [ 100.6010049, 13.7059822 ], [ 100.6004869, 13.7070274 ], [ 100.572109, 13.7289099 ], [ 100.5737929, 13.7276983 ], [ 100.5758339, 13.7262693 ], [ 100.5779938, 13.7247389 ], [ 100.4806489, 13.7750362 ], [ 100.426512, 13.7896607 ], [ 100.5972216, 13.6021276 ], [ 100.5277878, 13.7547817 ], [ 100.5246078, 13.7559216 ], [ 100.5979109, 13.5724808 ] ] } },
{ "type": "Feature", "properties": { "route_id": 13526526, "name": "511 ปอ. ปากน้ำ - สายใต้ใหม่ (ทางด่วน)", "ref": "511", "from_stop": "", "to_stop": "สถานีขนส่งสายใต้ใหม่", "operator": "BMTA", "network": "BMTA", "route_type": "bus", "coord_count": 67 }, "geometry": { "type": "LineString", "coordinates": [ [ 100.4244444, 13.7800256 ], [ 100.506975, 13.7563015 ], [ 100.5962772, 13.5964657 ], [ 100.5888291, 13.6302476 ], [ 100.5977563, 13.6516965 ], [ 100.6072515, 13.674826 ], [ 100.4879947, 13.7652886 ], [ 100.500132, 13.756808 ], [ 100.4979883, 13.7572484 ], [ 100.4835788, 13.7709813 ], [ 100.6092009, 13.6795724 ], [ 100.6020308, 13.6941122 ], [ 100.5973701, 13.5987907 ], [ 100.5972751, 13.5899285 ], [ 100.5998065, 13.584682 ], [ 100.6029768, 13.5781799 ], [ 100.5969291, 13.6022164 ], [ 100.5953854, 13.606785 ], [ 100.5937845, 13.6111128 ], [ 100.5926648, 13.6141649 ], [ 100.5919002, 13.6163364 ], [ 100.5928638, 13.6396976 ], [ 100.5914114, 13.6361529 ], [ 100.5884588, 13.6257277 ], [ 100.5908764, 13.6191136 ], [ 100.5914719, 13.6174715 ], [ 100.5895867, 13.6226335 ], [ 100.6040881, 13.6669666 ], [ 100.6019186, 13.6617889 ], [ 100.60049, 13.6582402 ], [ 100.5997071, 13.6563143 ], [ 100.5993004, 13.6553532 ], [ 100.6081146, 13.6769336 ], [ 100.5465767, 13.74945 ], [ 100.5424351, 13.7496752 ], [ 100.4451124, 13.7803838 ], [ 100.4429861, 13.7797936 ], [ 100.4309691, 13.7805134 ], [ 100.4376217, 13.7798371 ], [ 100.4394538, 13.7796548 ], [ 100.4700409, 13.7857529 ], [ 100.4719638, 13.7837196 ], [ 100.4749047, 13.7805832 ], [ 100.5190499, 13.7568185 ], [ 100.5142729, 13.7564903 ], [ 100.5113722, 13.7563974 ], [ 100.5038548, 13.7560264 ], [ 100.6044723, 13.6951538 ], [ 100.6102722, 13.6826944 ], [ 100.6098667, 13.6812281 ], [ 100.6103245, 13.6850936 ], [ 100.6095124, 13.6879477 ], [ 100.6081481, 13.6907683 ], [ 100.6071962, 13.6926295 ], [ 100.5951723, 13.5732613 ], [ 100.4764753, 13.7788999 ], [ 100.4272867, 13.7808935 ], [ 100.4536743, 13.7830128 ], [ 100.4572822, 13.7840911 ], [ 100.4614884, 13.785346 ], [ 100.4801453, 13.7748371 ], [ 100.4783131, 13.7768686 ], [ 100.5384927, 13.7507609 ], [ 100.6030067, 13.6644208 ], [ 100.5279643, 13.7544814 ], [ 100.5244766, 13.7557325 ], [ 100.5984106, 13.5721586 ] ] } },
{ "type": "Feature", "properties": { "route_id": 13526527, "name": "511 ปอ. สายใต้ใหม่ - ปากน้ำ (ทางด่วน)", "ref": "511", "from_stop": "", "to_stop": "ปากน้ำ", "operator": "BMTA", "network": "BMTA", "route_type": "bus", "coord_count": 65 }, "geometry": { "type": "LineString", "coordinates": [ [ 100.4244444, 13.7800256 ], [ 100.5974672, 13.6502019 ], [ 100.4884052, 13.7656139 ], [ 100.5071075, 13.756458 ], [ 100.484065, 13.7711293 ], [ 100.5891358, 13.6299759 ], [ 100.6097014, 13.6800929 ], [ 100.5440419, 13.7496272 ], [ 100.4976122, 13.7577995 ], [ 100.4777453, 13.7780114 ], [ 100.4275662, 13.7813735 ], [ 100.5096768, 13.7573124 ], [ 100.5149102, 13.7580755 ], [ 100.5132685, 13.7596619 ], [ 100.5975845, 13.5959643 ], [ 100.6028886, 13.5788847 ], [ 100.5951723, 13.5732613 ], [ 100.5975849, 13.5934804 ], [ 100.597487, 13.5900224 ], [ 100.598828, 13.5872574 ], [ 100.6000452, 13.5847478 ], [ 100.5955906, 13.6069347 ], [ 100.5976955, 13.5991457 ], [ 100.6014746, 13.5818069 ], [ 100.5928099, 13.6145716 ], [ 100.5938008, 13.611836 ], [ 100.5951111, 13.6444961 ], [ 100.5923113, 13.6375752 ], [ 100.5933204, 13.6400857 ], [ 100.5915085, 13.6356563 ], [ 100.5887109, 13.6258736 ], [ 100.5896948, 13.6232252 ], [ 100.591144, 13.619159 ], [ 100.5985461, 13.6528586 ], [ 100.5998211, 13.655973 ], [ 100.6006766, 13.6579629 ], [ 100.602013, 13.6612652 ], [ 100.6034496, 13.6648346 ], [ 100.6043374, 13.6669548 ], [ 100.6088015, 13.6778356 ], [ 100.6076772, 13.6750696 ], [ 100.4430402, 13.7803949 ], [ 100.4707875, 13.7854099 ], [ 100.4721979, 13.7839224 ], [ 100.4742572, 13.7817348 ], [ 100.4753051, 13.7806085 ], [ 100.5190244, 13.7570015 ], [ 100.5002565, 13.7572674 ], [ 100.5358051, 13.7519312 ], [ 100.5372978, 13.7513989 ], [ 100.603363, 13.6948262 ], [ 100.6010518, 13.6938622 ], [ 100.4450732, 13.780958 ], [ 100.6105011, 13.6824802 ], [ 100.4619171, 13.7860143 ], [ 100.4566758, 13.7844407 ], [ 100.4320484, 13.7809242 ], [ 100.4394355, 13.7802267 ], [ 100.4790496, 13.7766535 ], [ 100.4806489, 13.7750362 ], [ 100.426512, 13.7896607 ], [ 100.5972216, 13.6021276 ], [ 100.5277878, 13.7547817 ], [ 100.5246078, 13.7559216 ], [ 100.5979109, 13.5724808 ] ] } },
{ "type": "Feature", "properties": { "route_id": 13531415, "name": "536 (3-24E) ปากน้ำ - หมอชิต 2", "ref": "536 (3-24E)", "from_stop": "อู่ฟาร์มจระเข้สมุทรปราการ", "to_stop": "สถานีขนส่งหมอชิต 2", "operator": "BMTA", "network": "BMTA", "route_type": "bus", "coord_count": 57 }, "geometry": { "type": "LineString", "coordinates": [ [ 100.5478489, 13.8107796 ], [ 100.5962772, 13.5964657 ], [ 100.5888291, 13.6302476 ], [ 100.5977563, 13.6516965 ], [ 100.6063553, 13.6727763 ], [ 100.5374584, 13.764699 ], [ 100.5416766, 13.7533375 ], [ 100.5431934, 13.8040442 ], [ 100.5407277, 13.8046313 ], [ 100.5414578, 13.799013 ], [ 100.6029768, 13.5781799 ], [ 100.5998065, 13.584682 ], [ 100.5972751, 13.5899285 ], [ 100.5973701, 13.5987907 ], [ 100.5969291, 13.6022164 ], [ 100.5953854, 13.606785 ], [ 100.5937845, 13.6111128 ], [ 100.5926648, 13.6141649 ], [ 100.5919002, 13.6163364 ], [ 100.5914719, 13.6174715 ], [ 100.5908764, 13.6191136 ], [ 100.5895867, 13.6226335 ], [ 100.5884588, 13.6257277 ], [ 100.5914114, 13.6361529 ], [ 100.5928638, 13.6396976 ], [ 100.6040881, 13.6669666 ], [ 100.6019186, 13.6617889 ], [ 100.60049, 13.6582402 ], [ 100.5997071, 13.6563143 ], [ 100.5993004, 13.6553532 ], [ 100.5351326, 13.7662143 ], [ 100.5318135, 13.7677143 ], [ 100.5294315, 13.7711669 ], [ 100.5406868, 13.7637208 ], [ 100.5465767, 13.74945 ], [ 100.5424351, 13.7496752 ], [ 100.5424022, 13.7608296 ], [ 100.5324387, 13.7785724 ], [ 100.5338832, 13.7822995 ], [ 100.5347252, 13.7843023 ], [ 100.5358157, 13.7869499 ], [ 100.536905, 13.789659 ], [ 100.5386603, 13.7951675 ], [ 100.5383899, 13.7936936 ], [ 100.5425607, 13.7978536 ], [ 100.5405486, 13.7980385 ], [ 100.5425607, 13.7978536 ], [ 100.5479754, 13.8053937 ], [ 100.5951723, 13.5732613 ], [ 100.6030067, 13.6644208 ], [ 100.548221, 13.7989218 ], [ 100.5481727, 13.8007799 ], [ 100.5423759, 13.7579039 ], [ 100.6012728, 13.5816816 ], [ 100.5478544, 13.7979075 ], [ 100.5315882, 13.7765684 ], [ 100.5984106, 13.5721586 ] ] } },
{ "type": "Feature", "properties": { "route_id": 13531416, "name": "536 (3-24E) หมอชิต 2 - ปากน้ำ", "ref": "536 (3-24E)", "from_stop": "สถานีขนส่งหมอชิต 2", "to_stop": "", "operator": "", "network": "BMTA", "route_type": "bus", "coord_count": 49 }, "geometry": { "type": "LineString", "coordinates": [ [ 100.5478489, 13.8107796 ], [ 100.5318811, 13.7767759 ], [ 100.5306768, 13.7737785 ], [ 100.5891358, 13.6299759 ], [ 100.5974672, 13.6502019 ], [ 100.6060888, 13.6710779 ], [ 100.5384722, 13.7641638 ], [ 100.5493186, 13.8132289 ], [ 100.6028886, 13.5788847 ], [ 100.6014746, 13.5818069 ], [ 100.6000452, 13.5847478 ], [ 100.598828, 13.5872574 ], [ 100.597487, 13.5900224 ], [ 100.5975849, 13.5934804 ], [ 100.5975845, 13.5959643 ], [ 100.5976955, 13.5991457 ], [ 100.5955906, 13.6069347 ], [ 100.5938008, 13.611836 ], [ 100.5928099, 13.6145716 ], [ 100.591144, 13.619159 ], [ 100.5896948, 13.6232252 ], [ 100.5887109, 13.6258736 ], [ 100.5915085, 13.6356563 ], [ 100.5923113, 13.6375752 ], [ 100.5933204, 13.6400857 ], [ 100.5951111, 13.6444961 ], [ 100.5985461, 13.6528586 ], [ 100.5998211, 13.655973 ], [ 100.6006766, 13.6579629 ], [ 100.602013, 13.6612652 ], [ 100.6034496, 13.6648346 ], [ 100.6043374, 13.6669548 ], [ 100.5334227, 13.76721 ], [ 100.5483789, 13.8043055 ], [ 100.530582, 13.7684699 ], [ 100.5440419, 13.7496272 ], [ 100.5296271, 13.7710375 ], [ 100.5416749, 13.7525418 ], [ 100.5951723, 13.5732613 ], [ 100.5972216, 13.6021276 ], [ 100.5352911, 13.7592845 ], [ 100.5366969, 13.7618132 ], [ 100.5370853, 13.7574182 ], [ 100.5384652, 13.7570995 ], [ 100.5411741, 13.7564679 ], [ 100.5979109, 13.5724808 ], [ 100.5482086, 13.8081416 ], [ 100.5407277, 13.8046313 ], [ 100.5431934, 13.8040442 ] ] } },
{ "type": "Feature", "properties": { "route_id": 13724637, "name": "141 (4-24E) อู่แสมดำ - จุฬาลงกรณ์มหาวิทยาลัย", "ref": "141 (4-24E)", "from_stop": "", "to_stop": "", "operator": "BMTA", "network": "BMTA", "route_type": "bus", "coord_count": 49 }, "geometry": { "type": "LineString", "coordinates": [ [ 100.3858451, 13.6218413 ], [ 100.4925208, 13.6822037 ], [ 100.4139842, 13.645368 ], [ 100.3868024, 13.6201486 ], [ 100.3888817, 13.6220751 ], [ 100.4622218, 13.6766263 ], [ 100.4666167, 13.679114 ], [ 100.4679758, 13.6796862 ], [ 100.4716629, 13.6807096 ], [ 100.4744861, 13.6814417 ], [ 100.4783713, 13.6824083 ], [ 100.4178961, 13.6482698 ], [ 100.4208025, 13.6504437 ], [ 100.4223116, 13.6515284 ], [ 100.4246453, 13.6532696 ], [ 100.4288892, 13.6563998 ], [ 100.4448596, 13.666133 ], [ 100.5632989, 13.7152921 ], [ 100.4564426, 13.6731121 ], [ 100.4582183, 13.6742058 ], [ 100.4499979, 13.6692121 ], [ 100.4416151, 13.6641696 ], [ 100.4395618, 13.6629625 ], [ 100.4356226, 13.6605387 ], [ 100.4311642, 13.6578492 ], [ 100.4061092, 13.6393764 ], [ 100.4031167, 13.6364291 ], [ 100.4007128, 13.6340022 ], [ 100.3944561, 13.6276737 ], [ 100.3928319, 13.6260254 ], [ 100.533885, 13.7337063 ], [ 100.5084435, 13.6714562 ], [ 100.5105242, 13.6702591 ], [ 100.5336611, 13.7321764 ], [ 100.4942016, 13.6810177 ], [ 100.4971211, 13.6791043 ], [ 100.4987102, 13.6780623 ], [ 100.4999417, 13.6773208 ], [ 100.5045482, 13.6744098 ], [ 100.5127078, 13.6689106 ], [ 100.5611837, 13.7161696 ], [ 100.5409739, 13.7275528 ], [ 100.481053, 13.6831098 ], [ 100.5577735, 13.7189145 ], [ 100.5644109, 13.7131822 ], [ 100.5353832, 13.7298722 ], [ 100.5494243, 13.7240187 ], [ 100.4599471, 13.6752534 ], [ 100.5071549, 13.6727948 ] ] } },
{ "type": "Feature", "properties": { "route_id": 13724638, "name": "141 (4-24E) จุฬาลงกรณ์มหาวิทยาลัย - อู่แสมดำ", "ref": "141 (4-24E)", "from_stop": "", "to_stop": "", "operator": "BMTA", "network": "BMTA", "route_type": "bus", "coord_count": 58 }, "geometry": { "type": "LineString", "coordinates": [ [ 100.3858451, 13.6218413 ], [ 100.533885, 13.7337063 ], [ 100.5085268, 13.6715539 ], [ 100.5105242, 13.6702591 ], [ 100.5112902, 13.6701946 ], [ 100.534724, 13.7392848 ], [ 100.5350965, 13.7417262 ], [ 100.5355829, 13.7446968 ], [ 100.4914845, 13.6825428 ], [ 100.4942464, 13.6805964 ], [ 100.4956573, 13.6796453 ], [ 100.4979906, 13.6781544 ], [ 100.5000408, 13.6768651 ], [ 100.5127078, 13.6689106 ], [ 100.4667568, 13.6784369 ], [ 100.4722481, 13.680149 ], [ 100.4684089, 13.6791021 ], [ 100.4600131, 13.6744976 ], [ 100.47502, 13.6808662 ], [ 100.4153396, 13.6455015 ], [ 100.4207862, 13.6495193 ], [ 100.4229594, 13.6511393 ], [ 100.5579154, 13.7195849 ], [ 100.4291726, 13.6557283 ], [ 100.4252353, 13.6528184 ], [ 100.5304872, 13.7435144 ], [ 100.3893072, 13.6214787 ], [ 100.3935161, 13.6257685 ], [ 100.3973315, 13.6296456 ], [ 100.4003992, 13.6326955 ], [ 100.4037764, 13.6361209 ], [ 100.4063852, 13.6387045 ], [ 100.4869313, 13.684054 ], [ 100.4850272, 13.6834099 ], [ 100.4818144, 13.6826057 ], [ 100.4783817, 13.6816648 ], [ 100.5646709, 13.7130565 ], [ 100.5320991, 13.7316382 ], [ 100.530414, 13.732345 ], [ 100.5347562, 13.7305216 ], [ 100.5492578, 13.7244531 ], [ 100.4401228, 13.6624596 ], [ 100.4361263, 13.6600526 ], [ 100.447648, 13.6670128 ], [ 100.4451962, 13.6655162 ], [ 100.5039419, 13.6744209 ], [ 100.560538, 13.7166804 ], [ 100.5291355, 13.7342923 ], [ 100.5294139, 13.736137 ], [ 100.529702, 13.7381985 ], [ 100.5300542, 13.7405426 ], [ 100.5334091, 13.7456566 ], [ 100.4627002, 13.6760925 ], [ 100.4613309, 13.6752688 ], [ 100.4560109, 13.6720502 ], [ 100.4506608, 13.6688298 ], [ 100.4490573, 13.6678577 ], [ 100.5408752, 13.7279766 ] ] } },
{ "type": "Feature", "properties": { "route_id": 13725138, "name": "76 (4-14) อู่แสมดำ - ประตูน้ำ", "ref": "76 (4-14)", "from_stop": "", "to_stop": "", "operator": "BMTA", "network": "BMTA", "route_type": "bus", "coord_count": 56 }, "geometry": { "type": "LineString", "coordinates": [ [ 100.5424351, 13.7496752 ], [ 100.3858451, 13.6218413 ], [ 100.5447707, 13.7280459 ], [ 100.4139842, 13.645368 ], [ 100.3868024, 13.6201486 ], [ 100.3888817, 13.6220751 ], [ 100.4811871, 13.6904705 ], [ 100.4821878, 13.6891351 ], [ 100.4859799, 13.6864485 ], [ 100.4856809, 13.6843237 ], [ 100.4834282, 13.6836982 ], [ 100.4622218, 13.6766263 ], [ 100.4666167, 13.679114 ], [ 100.4679758, 13.6796862 ], [ 100.4716629, 13.6807096 ], [ 100.4744861, 13.6814417 ], [ 100.4783713, 13.6824083 ], [ 100.4825556, 13.6962032 ], [ 100.4836709, 13.6995032 ], [ 100.4845533, 13.7020498 ], [ 100.4873205, 13.7100576 ], [ 100.4178961, 13.6482698 ], [ 100.4208025, 13.6504437 ], [ 100.4223116, 13.6515284 ], [ 100.4246453, 13.6532696 ], [ 100.4288892, 13.6563998 ], [ 100.4448596, 13.666133 ], [ 100.4564426, 13.6731121 ], [ 100.4582183, 13.6742058 ], [ 100.4499979, 13.6692121 ], [ 100.4416151, 13.6641696 ], [ 100.4395618, 13.6629625 ], [ 100.4356226, 13.6605387 ], [ 100.4311642, 13.6578492 ], [ 100.4061092, 13.6393764 ], [ 100.4031167, 13.6364291 ], [ 100.4007128, 13.6340022 ], [ 100.3944561, 13.6276737 ], [ 100.3928319, 13.6260254 ], [ 100.5408752, 13.7279766 ], [ 100.5014919, 13.7212984 ], [ 100.5447008, 13.7280872 ], [ 100.5453105, 13.7316239 ], [ 100.5200469, 13.7235696 ], [ 100.5215159, 13.7240815 ], [ 100.481053, 13.6831098 ], [ 100.4864542, 13.7075065 ], [ 100.4884896, 13.7133679 ], [ 100.4893465, 13.7159003 ], [ 100.5334699, 13.728363 ], [ 100.5311468, 13.72755 ], [ 100.492988, 13.7213257 ], [ 100.4962417, 13.7214188 ], [ 100.4996522, 13.7213468 ], [ 100.5450864, 13.7303236 ], [ 100.4599471, 13.6752534 ] ] } },
{ "type": "Feature", "properties": { "route_id": 13725139, "name": "76 (4-14) ประตูน้ำ - อู่แสมดำ", "ref": "76 (4-14)", "from_stop": "", "to_stop": "", "operator": "BMTA", "network": "BMTA", "route_type": "bus", "coord_count": 55 }, "geometry": { "type": "LineString", "coordinates": [ [ 100.3858451, 13.6218413 ], [ 100.5424351, 13.7496752 ], [ 100.481345, 13.6911278 ], [ 100.4667568, 13.6784369 ], [ 100.4722481, 13.680149 ], [ 100.4684089, 13.6791021 ], [ 100.4600131, 13.6744976 ], [ 100.47502, 13.6808662 ], [ 100.4153396, 13.6455015 ], [ 100.4207862, 13.6495193 ], [ 100.4229594, 13.6511393 ], [ 100.4291726, 13.6557283 ], [ 100.4252353, 13.6528184 ], [ 100.3893072, 13.6214787 ], [ 100.3935161, 13.6257685 ], [ 100.4003992, 13.6326955 ], [ 100.4037764, 13.6361209 ], [ 100.4063852, 13.6387045 ], [ 100.4825406, 13.6892614 ], [ 100.4783817, 13.6816648 ], [ 100.4827778, 13.6959161 ], [ 100.4849014, 13.7020258 ], [ 100.4401228, 13.6624596 ], [ 100.4361263, 13.6600526 ], [ 100.447648, 13.6670128 ], [ 100.4451962, 13.6655162 ], [ 100.4627002, 13.6760925 ], [ 100.4613309, 13.6752688 ], [ 100.4560109, 13.6720502 ], [ 100.4506608, 13.6688298 ], [ 100.4490573, 13.6678577 ], [ 100.5194687, 13.7217981 ], [ 100.5002483, 13.7206386 ], [ 100.4906404, 13.718738 ], [ 100.3871041, 13.6192712 ], [ 100.3973315, 13.6296456 ], [ 100.4861234, 13.6867222 ], [ 100.5345701, 13.7285062 ], [ 100.4869313, 13.684054 ], [ 100.4818144, 13.6826057 ], [ 100.4850272, 13.6834099 ], [ 100.4865561, 13.7067938 ], [ 100.4875642, 13.7097733 ], [ 100.4889574, 13.713834 ], [ 100.489799, 13.7162701 ], [ 100.4840053, 13.6994491 ], [ 100.4970113, 13.7207216 ], [ 100.4936313, 13.7207323 ], [ 100.5407658, 13.7470321 ], [ 100.5400076, 13.7420514 ], [ 100.5395857, 13.7394394 ], [ 100.539204, 13.7369876 ], [ 100.5227957, 13.7243275 ], [ 100.5207919, 13.7235996 ], [ 100.5310647, 13.7272758 ] ] } },
{ "type": "Feature", "properties": { "route_id": 13725144, "name": "522 ปอ. สถานีรถไฟฟ้ารังสิต - สถานีรถไฟฟ้าแยก คปอ.", "ref": "522 Shorts", "from_stop": "", "to_stop": "", "operator": "BMTA", "network": "BMTA", "route_type": "bus", "coord_count": 21 }, "geometry": { "type": "LineString", "coordinates": [ [ 100.6257976, 13.9259874 ], [ 100.6025767, 13.9894414 ], [ 100.602599, 13.9894547 ], [ 100.6258705, 13.9260091 ], [ 100.6257389, 13.9260118 ], [ 100.6154737, 13.9908192 ], [ 100.6229253, 13.9487311 ], [ 100.6234397, 13.9456309 ], [ 100.6238313, 13.94328 ], [ 100.6245718, 13.9397157 ], [ 100.6255677, 13.9338069 ], [ 100.625086, 13.936339 ], [ 100.6260899, 13.9307838 ], [ 100.6208584, 13.9601375 ], [ 100.6202644, 13.9637258 ], [ 100.6192432, 13.9691991 ], [ 100.6182542, 13.9747975 ], [ 100.6097362, 13.987586 ], [ 100.6082971, 13.9873844 ], [ 100.6198122, 13.9662194 ], [ 100.6161466, 13.9872721 ] ] } },
{ "type": "Feature", "properties": { "route_id": 13725145, "name": "522 ปอ. สถานีรถไฟฟ้าแยก คปอ. - สถานีรถไฟฟ้ารังสิต", "ref": "522 Shorts", "from_stop": "", "to_stop": "", "operator": "BMTA", "network": "BMTA", "route_type": "bus", "coord_count": 19 }, "geometry": { "type": "LineString", "coordinates": [ [ 100.6257976, 13.9259874 ], [ 100.6025767, 13.9894414 ], [ 100.6222623, 13.9495636 ], [ 100.6229932, 13.9454727 ], [ 100.6234286, 13.9432131 ], [ 100.6240049, 13.9398549 ], [ 100.6256705, 13.930655 ], [ 100.6250742, 13.9338667 ], [ 100.6246674, 13.9362761 ], [ 100.6074477, 13.9868205 ], [ 100.6129998, 13.9877223 ], [ 100.6176401, 13.9747595 ], [ 100.6185681, 13.9696724 ], [ 100.6193474, 13.9651202 ], [ 100.6198594, 13.9624903 ], [ 100.6202428, 13.9602779 ], [ 100.602599, 13.9894547 ], [ 100.6258705, 13.9260091 ], [ 100.6257389, 13.9260118 ] ] } },
{ "type": "Feature", "properties": { "route_id": 13725328, "name": "138 (4-22E) อู่ราชประชา - หมอชิต 2", "ref": "138 (4-22E)", "from_stop": "", "to_stop": "", "operator": "", "network": "BMTA", "route_type": "bus", "coord_count": 36 }, "geometry": { "type": "LineString", "coordinates": [ [ 100.5479515, 13.8108763 ], [ 100.5314845, 13.6303608 ], [ 100.5084435, 13.6714562 ], [ 100.5105242, 13.6702591 ], [ 100.517136, 13.662868 ], [ 100.5157342, 13.666396 ], [ 100.5127078, 13.6689106 ], [ 100.5181834, 13.660304 ], [ 100.5414578, 13.799013 ], [ 100.5425607, 13.7978536 ], [ 100.5425607, 13.7978536 ], [ 100.5479754, 13.8053937 ], [ 100.5312557, 13.6309905 ], [ 100.5266312, 13.6391634 ], [ 100.5225743, 13.649295 ], [ 100.5204885, 13.6545056 ], [ 100.5551092, 13.8045801 ], [ 100.55669, 13.8072755 ], [ 100.5431934, 13.8040442 ], [ 100.5407277, 13.8046313 ], [ 100.5595495, 13.8076559 ], [ 100.5598476, 13.8052499 ], [ 100.5600178, 13.8032421 ], [ 100.5603244, 13.7996514 ], [ 100.5605514, 13.7973937 ], [ 100.5609956, 13.7940534 ], [ 100.5612229, 13.7906852 ], [ 100.5601365, 13.7864311 ], [ 100.558822, 13.7840301 ], [ 100.5561407, 13.7795484 ], [ 100.5546548, 13.776919 ], [ 100.5529263, 13.7737642 ], [ 100.5513652, 13.7707987 ], [ 100.548221, 13.7989218 ], [ 100.5481727, 13.8007799 ], [ 100.5478544, 13.7979075 ] ] } },
{ "type": "Feature", "properties": { "route_id": 13725329, "name": "138 (4-22E) หมอชิต 2 - อู่ราชประชา", "ref": "138 (4-22E)", "from_stop": "", "to_stop": "", "operator": "", "network": "BMTA", "route_type": "bus", "coord_count": 22 }, "geometry": { "type": "LineString", "coordinates": [ [ 100.5479515, 13.8108763 ], [ 100.5314845, 13.6303608 ], [ 100.5493186, 13.8132289 ], [ 100.5112902, 13.6701946 ], [ 100.5182749, 13.6609796 ], [ 100.5170342, 13.664121 ], [ 100.516005, 13.6666127 ], [ 100.5134441, 13.668817 ], [ 100.5144926, 13.6681699 ], [ 100.5483789, 13.8043055 ], [ 100.5213642, 13.6531706 ], [ 100.5205215, 13.6553265 ], [ 100.5195731, 13.6576277 ], [ 100.5271163, 13.6389191 ], [ 100.5558855, 13.7772584 ], [ 100.5534966, 13.8027584 ], [ 100.5541188, 13.8037679 ], [ 100.5600639, 13.8097079 ], [ 100.5485475, 13.7991581 ], [ 100.5482086, 13.8081416 ], [ 100.5407277, 13.8046313 ], [ 100.5431934, 13.8040442 ] ] } },
{ "type": "Feature", "properties": { "route_id": 13727214, "name": "S7 (558) เคหะธนบุรี - ท่าอากาศยานสุวรรณภูมิ", "ref": "S7 (558)", "from_stop": "", "to_stop": "", "operator": "smart bus", "network": "smart bus", "route_type": "bus", "coord_count": 50 }, "geometry": { "type": "LineString", "coordinates": [ [ 100.7690116, 13.7107624 ], [ 100.4925208, 13.6822037 ], [ 100.4622218, 13.6766263 ], [ 100.4666167, 13.679114 ], [ 100.4679758, 13.6796862 ], [ 100.4716629, 13.6807096 ], [ 100.4744861, 13.6814417 ], [ 100.4783713, 13.6824083 ], [ 100.4564426, 13.6731121 ], [ 100.4582183, 13.6742058 ], [ 100.4499979, 13.6692121 ], [ 100.4416151, 13.6641696 ], [ 100.4395618, 13.6629625 ], [ 100.4356226, 13.6605387 ], [ 100.4311642, 13.6578492 ], [ 100.4288892, 13.6563998 ], [ 100.4246453, 13.6532696 ], [ 100.4223116, 13.6515284 ], [ 100.4208025, 13.6504437 ], [ 100.7398409, 13.6344227 ], [ 100.4942016, 13.6810177 ], [ 100.4971211, 13.6791043 ], [ 100.4987102, 13.6780623 ], [ 100.4999417, 13.6773208 ], [ 100.5045482, 13.6744098 ], [ 100.5127078, 13.6689106 ], [ 100.5105242, 13.6702591 ], [ 100.5084435, 13.6714562 ], [ 100.6391899, 13.6672573 ], [ 100.6466892, 13.6658058 ], [ 100.6496031, 13.6652325 ], [ 100.6427184, 13.6665763 ], [ 100.634536, 13.668175 ], [ 100.6211797, 13.6708194 ], [ 100.6246501, 13.6701267 ], [ 100.6165074, 13.6717071 ], [ 100.6819747, 13.6504671 ], [ 100.7113622, 13.6341727 ], [ 100.6978687, 13.6416334 ], [ 100.690784, 13.645592 ], [ 100.671983, 13.6559191 ], [ 100.6673985, 13.6584243 ], [ 100.6651133, 13.6597091 ], [ 100.6620182, 13.6614038 ], [ 100.6573968, 13.6636037 ], [ 100.481053, 13.6831098 ], [ 100.5071549, 13.6727948 ], [ 100.4599471, 13.6752534 ], [ 100.4448596, 13.666133 ], [ 100.4191445, 13.6502589 ] ] } },
{ "type": "Feature", "properties": { "route_id": 13727215, "name": "S7 (558) ท่าอากาศยานสุวรรณภูมิ - เคหะธนบุรี", "ref": "S7 (558)", "from_stop": "", "to_stop": "", "operator": "smart bus", "network": "smart bus", "route_type": "bus", "coord_count": 54 }, "geometry": { "type": "LineString", "coordinates": [ [ 100.740531, 13.6343092 ], [ 100.7690116, 13.7107624 ], [ 100.5112902, 13.6701946 ], [ 100.5127078, 13.6689106 ], [ 100.5105242, 13.6702591 ], [ 100.5085268, 13.6715539 ], [ 100.5000408, 13.6768651 ], [ 100.4979906, 13.6781544 ], [ 100.4956573, 13.6796453 ], [ 100.4942464, 13.6805964 ], [ 100.4914845, 13.6825428 ], [ 100.6212377, 13.6699114 ], [ 100.6180447, 13.6705498 ], [ 100.681635, 13.6495354 ], [ 100.6745226, 13.653537 ], [ 100.6574731, 13.6626872 ], [ 100.6514167, 13.6640364 ], [ 100.6417801, 13.6659104 ], [ 100.6714653, 13.6552129 ], [ 100.6667593, 13.6578103 ], [ 100.661104, 13.6609321 ], [ 100.6626997, 13.6600769 ], [ 100.6476995, 13.6647287 ], [ 100.4722481, 13.680149 ], [ 100.4684089, 13.6791021 ], [ 100.4667568, 13.6784369 ], [ 100.4600131, 13.6744976 ], [ 100.47502, 13.6808662 ], [ 100.4153396, 13.6455015 ], [ 100.4207862, 13.6495193 ], [ 100.4229594, 13.6511393 ], [ 100.4291726, 13.6557283 ], [ 100.6237998, 13.6694312 ], [ 100.7110807, 13.6333758 ], [ 100.6975235, 13.6408805 ], [ 100.4869313, 13.684054 ], [ 100.4850272, 13.6834099 ], [ 100.4818144, 13.6826057 ], [ 100.4783817, 13.6816648 ], [ 100.4139842, 13.645368 ], [ 100.4401228, 13.6624596 ], [ 100.4361263, 13.6600526 ], [ 100.6342886, 13.6673831 ], [ 100.5039419, 13.6744209 ], [ 100.4627002, 13.6760925 ], [ 100.4613309, 13.6752688 ], [ 100.4560109, 13.6720502 ], [ 100.4506608, 13.6688298 ], [ 100.447648, 13.6670128 ], [ 100.4490573, 13.6678577 ], [ 100.4451962, 13.6655162 ], [ 100.4252353, 13.6528184 ], [ 100.4178961, 13.6482698 ], [ 100.4191445, 13.6502589 ] ] } },
{ "type": "Feature", "properties": { "route_id": 13727645, "name": "543 ปอ. บางเขน - ลำลูกกา คลอง 7", "ref": "543 (1-25)", "from_stop": "", "to_stop": "", "operator": "BMTA", "network": "BMTA", "route_type": "bus", "coord_count": 27 }, "geometry": { "type": "LineString", "coordinates": [ [ 100.5923975, 13.8695054 ], [ 100.7527774, 13.937605 ], [ 100.6473495, 13.932445 ], [ 100.6529732, 13.932318 ], [ 100.6572336, 13.9322137 ], [ 100.6605348, 13.9321206 ], [ 100.6418626, 13.9368684 ], [ 100.642105, 13.9392219 ], [ 100.6423626, 13.9419523 ], [ 100.6340077, 13.9507798 ], [ 100.6379797, 13.9504218 ], [ 100.6261957, 13.949965 ], [ 100.6299942, 13.9517684 ], [ 100.6430656, 13.9487854 ], [ 100.6222623, 13.9495636 ], [ 100.6229932, 13.9454727 ], [ 100.6234286, 13.9432131 ], [ 100.6240049, 13.9398549 ], [ 100.6256705, 13.930655 ], [ 100.6250742, 13.9338667 ], [ 100.6246674, 13.9362761 ], [ 100.6257976, 13.9259874 ], [ 100.6097743, 13.897996 ], [ 100.593655, 13.8706376 ], [ 100.5994049, 13.8804423 ], [ 100.6013047, 13.8836034 ], [ 100.6022443, 13.885194 ] ] } },
{ "type": "Feature", "properties": { "route_id": 13727646, "name": "543 (1-25) ลำลูกกา คลอง 7 - บางเขน", "ref": "543 (1-25)", "from_stop": "", "to_stop": "", "operator": "BMTA", "network": "BMTA", "route_type": "bus", "coord_count": 25 }, "geometry": { "type": "LineString", "coordinates": [ [ 100.5923975, 13.8695054 ], [ 100.7527774, 13.937605 ], [ 100.6539172, 13.9320492 ], [ 100.6578604, 13.9319624 ], [ 100.6606772, 13.93188 ], [ 100.6415624, 13.9364436 ], [ 100.6418395, 13.9392004 ], [ 100.6421851, 13.9425812 ], [ 100.6376707, 13.9501797 ], [ 100.6338232, 13.9505702 ], [ 100.6298252, 13.9515606 ], [ 100.626083, 13.9495896 ], [ 100.6229253, 13.9487311 ], [ 100.6234397, 13.9456309 ], [ 100.6238313, 13.94328 ], [ 100.6428453, 13.9491831 ], [ 100.6245718, 13.9397157 ], [ 100.6255677, 13.9338069 ], [ 100.625086, 13.936339 ], [ 100.6260899, 13.9307838 ], [ 100.6266628, 13.926034 ], [ 100.6478183, 13.9322173 ], [ 100.5948514, 13.8721725 ], [ 100.6025046, 13.885199 ], [ 100.6012336, 13.8830222 ] ] } },
{ "type": "Feature", "properties": { "route_id": 13727778, "name": "539 (4-62) อ้อมน้อย - อนุสาวรีย์ชัยสมรภูมิ", "ref": "539 (4-62)", "from_stop": "", "to_stop": "", "operator": "Boon Mongkolkan", "network": "DLT", "route_type": "bus", "coord_count": 61 }, "geometry": { "type": "LineString", "coordinates": [ [ 100.5374584, 13.764699 ], [ 100.286626, 13.7057119 ], [ 100.4430402, 13.7803949 ], [ 100.5104312, 13.7775581 ], [ 100.5129879, 13.7763878 ], [ 100.507343, 13.7789331 ], [ 100.5352563, 13.7663587 ], [ 100.5334227, 13.76721 ], [ 100.530582, 13.7684699 ], [ 100.4878345, 13.786987 ], [ 100.485106, 13.7878868 ], [ 100.4833564, 13.7884727 ], [ 100.4806447, 13.7893766 ], [ 100.4780943, 13.7902129 ], [ 100.4746801, 13.7895924 ], [ 100.4705196, 13.7884492 ], [ 100.4450732, 13.780958 ], [ 100.3964337, 13.7845627 ], [ 100.4017709, 13.7840117 ], [ 100.4053684, 13.7836364 ], [ 100.4162749, 13.782553 ], [ 100.4217365, 13.7819729 ], [ 100.4200426, 13.7821648 ], [ 100.3300342, 13.7173422 ], [ 100.3301329, 13.710391 ], [ 100.3304035, 13.706966 ], [ 100.4320484, 13.7809242 ], [ 100.4275662, 13.7813735 ], [ 100.4394355, 13.7802267 ], [ 100.3863743, 13.7855903 ], [ 100.3893411, 13.7852776 ], [ 100.363738, 13.7879248 ], [ 100.3680186, 13.7874969 ], [ 100.3719734, 13.7870862 ], [ 100.3760432, 13.786663 ], [ 100.3778536, 13.7864868 ], [ 100.38082, 13.7861635 ], [ 100.3281844, 13.7689689 ], [ 100.3284357, 13.7619127 ], [ 100.3280582, 13.7723195 ], [ 100.3338247, 13.7881584 ], [ 100.3394302, 13.7883642 ], [ 100.3420484, 13.7884599 ], [ 100.2875021, 13.7078387 ], [ 100.2894575, 13.7076365 ], [ 100.2935832, 13.7072292 ], [ 100.3006807, 13.7065674 ], [ 100.3041087, 13.7061868 ], [ 100.3099016, 13.7056011 ], [ 100.3133368, 13.7052807 ], [ 100.3153958, 13.7050949 ], [ 100.3196301, 13.7046647 ], [ 100.3248657, 13.7042805 ], [ 100.3288567, 13.7044916 ], [ 100.3435844, 13.788527 ], [ 100.3514552, 13.7888124 ], [ 100.3535838, 13.7888472 ], [ 100.3565134, 13.7886997 ], [ 100.3573806, 13.7886013 ], [ 100.3609234, 13.7882397 ], [ 100.3589243, 13.78844 ] ] } },
{ "type": "Feature", "properties": { "route_id": 13727779, "name": "539 (4-62) อนุสาวรีย์ชัยสมรภูมิ - อ้อมน้อย", "ref": "539 (4-62)", "from_stop": "", "to_stop": "", "operator": "Boon Mongkolkan", "network": "DLT", "route_type": "bus", "coord_count": 56 }, "geometry": { "type": "LineString", "coordinates": [ [ 100.5374584, 13.764699 ], [ 100.4228662, 13.7811461 ], [ 100.286626, 13.7057119 ], [ 100.4451124, 13.7803838 ], [ 100.4429861, 13.7797936 ], [ 100.4309691, 13.7805134 ], [ 100.4376217, 13.7798371 ], [ 100.4394538, 13.7796548 ], [ 100.5096457, 13.7777739 ], [ 100.5130328, 13.7762272 ], [ 100.5067108, 13.7790378 ], [ 100.5351326, 13.7662143 ], [ 100.5318135, 13.7677143 ], [ 100.5272069, 13.7698063 ], [ 100.4860183, 13.7872705 ], [ 100.4887762, 13.7863219 ], [ 100.4828437, 13.788297 ], [ 100.4803389, 13.7891378 ], [ 100.4747243, 13.7893166 ], [ 100.4775548, 13.7899003 ], [ 100.4272867, 13.7808935 ], [ 100.3304097, 13.7180715 ], [ 100.4018942, 13.78348 ], [ 100.3971982, 13.7839567 ], [ 100.3897134, 13.7847241 ], [ 100.4163872, 13.7820075 ], [ 100.3846097, 13.7852589 ], [ 100.3778471, 13.7859484 ], [ 100.3759154, 13.7861605 ], [ 100.371917, 13.7865659 ], [ 100.3681789, 13.7869517 ], [ 100.3637431, 13.7874366 ], [ 100.3281505, 13.7810693 ], [ 100.3285911, 13.7690721 ], [ 100.3287915, 13.7634784 ], [ 100.3284097, 13.7735029 ], [ 100.3416248, 13.7879206 ], [ 100.3393858, 13.7878456 ], [ 100.3338442, 13.7876428 ], [ 100.3041237, 13.7058313 ], [ 100.3101246, 13.7052279 ], [ 100.3132988, 13.7049364 ], [ 100.3152957, 13.7047387 ], [ 100.3196554, 13.7043081 ], [ 100.323647, 13.7038851 ], [ 100.3290872, 13.7041184 ], [ 100.2870562, 13.7075177 ], [ 100.29043, 13.7071903 ], [ 100.2937053, 13.7068292 ], [ 100.2963765, 13.7065308 ], [ 100.3300689, 13.6990054 ], [ 100.3593361, 13.7878843 ], [ 100.3573462, 13.7880898 ], [ 100.3516433, 13.7882944 ], [ 100.347907, 13.7881606 ], [ 100.3444275, 13.7880314 ] ] } },
{ "type": "Feature", "properties": { "route_id": 13727865, "name": "28 (4-38) สายใต้ใหม่ - ม.ราชภัฏจันทรเกษม", "ref": "28 (4-38)", "from_stop": "", "to_stop": "", "operator": "smart bus", "network": "smart bus", "route_type": "bus", "coord_count": 47 }, "geometry": { "type": "LineString", "coordinates": [ [ 100.4244444, 13.7800256 ], [ 100.569873, 13.8263721 ], [ 100.5380731, 13.7657563 ], [ 100.5534966, 13.8027584 ], [ 100.5541188, 13.8037679 ], [ 100.4275662, 13.7813735 ], [ 100.4777453, 13.7780114 ], [ 100.4430402, 13.7803949 ], [ 100.5104312, 13.7775581 ], [ 100.5129879, 13.7763878 ], [ 100.507343, 13.7789331 ], [ 100.4974742, 13.7834726 ], [ 100.5352563, 13.7663587 ], [ 100.5334227, 13.76721 ], [ 100.530582, 13.7684699 ], [ 100.4707875, 13.7854099 ], [ 100.4721979, 13.7839224 ], [ 100.4742572, 13.7817348 ], [ 100.4753051, 13.7806085 ], [ 100.4450732, 13.780958 ], [ 100.4619171, 13.7860143 ], [ 100.4566758, 13.7844407 ], [ 100.4320484, 13.7809242 ], [ 100.4394355, 13.7802267 ], [ 100.4790496, 13.7766535 ], [ 100.482872, 13.774719 ], [ 100.4913258, 13.7827259 ], [ 100.4886819, 13.7810523 ], [ 100.4865506, 13.779053 ], [ 100.4851828, 13.7774599 ], [ 100.4806489, 13.7750362 ], [ 100.5750936, 13.8114079 ], [ 100.5752921, 13.8153944 ], [ 100.5753582, 13.8181436 ], [ 100.5744767, 13.8215402 ], [ 100.5730448, 13.8236965 ], [ 100.5604946, 13.8149573 ], [ 100.5711165, 13.8253483 ], [ 100.563246, 13.8119927 ], [ 100.5649022, 13.8110885 ], [ 100.568297, 13.809179 ], [ 100.5700689, 13.8081947 ], [ 100.5721001, 13.807109 ], [ 100.557207, 13.8088892 ], [ 100.426512, 13.7896607 ], [ 100.541733, 13.772033 ], [ 100.5398137, 13.7679206 ] ] } },
{ "type": "Feature", "properties": { "route_id": 13727866, "name": "28 (4-38) ม.ราชภัฏจันทรเกษม - สายใต้ใหม่", "ref": "28 (4-38)", "from_stop": "", "to_stop": "", "operator": "smart bus", "network": "smart bus", "route_type": "bus", "coord_count": 48 }, "geometry": { "type": "LineString", "coordinates": [ [ 100.5374584, 13.764699 ], [ 100.4244444, 13.7800256 ], [ 100.569873, 13.8263721 ], [ 100.4451124, 13.7803838 ], [ 100.4429861, 13.7797936 ], [ 100.4309691, 13.7805134 ], [ 100.4376217, 13.7798371 ], [ 100.4394538, 13.7796548 ], [ 100.4764753, 13.7788999 ], [ 100.5096457, 13.7777739 ], [ 100.5130328, 13.7762272 ], [ 100.5067108, 13.7790378 ], [ 100.4980007, 13.7828697 ], [ 100.5351326, 13.7662143 ], [ 100.5318135, 13.7677143 ], [ 100.5272069, 13.7698063 ], [ 100.4700409, 13.7857529 ], [ 100.4719638, 13.7837196 ], [ 100.4749047, 13.7805832 ], [ 100.4272867, 13.7808935 ], [ 100.5398857, 13.7674918 ], [ 100.5471218, 13.7862728 ], [ 100.4614884, 13.785346 ], [ 100.4572822, 13.7840911 ], [ 100.4536743, 13.7830128 ], [ 100.4783131, 13.7768686 ], [ 100.4801453, 13.7748371 ], [ 100.4835433, 13.7751566 ], [ 100.4854854, 13.7774537 ], [ 100.4867407, 13.7789502 ], [ 100.4898919, 13.7815682 ], [ 100.491652, 13.7826381 ], [ 100.5733177, 13.806118 ], [ 100.5709949, 13.8074286 ], [ 100.5677518, 13.8092322 ], [ 100.5662104, 13.8100981 ], [ 100.56444, 13.8110715 ], [ 100.5629648, 13.8118956 ], [ 100.5609662, 13.812993 ], [ 100.5754643, 13.8125854 ], [ 100.5756477, 13.8159756 ], [ 100.5756902, 13.818147 ], [ 100.575057, 13.8209977 ], [ 100.5731727, 13.8240295 ], [ 100.5410995, 13.7697313 ], [ 100.5509873, 13.7969982 ], [ 100.5501941, 13.7948002 ], [ 100.5495225, 13.7929764 ] ] } },
{ "type": "Feature", "properties": { "route_id": 13731011, "name": "S1 ท่าอากาศยานสุวรรณภูมิ - สนามหลวง", "ref": "S1", "from_stop": "Suvarnabhumi Airport", "to_stop": "Sanam Luang", "operator": "BMTA", "network": "BMTA", "route_type": "bus", "coord_count": 11 }, "geometry": { "type": "LineString", "coordinates": [ [ 100.4937121, 13.7581118 ], [ 100.506975, 13.7563015 ], [ 100.7505439, 13.6935092 ], [ 100.5190499, 13.7568185 ], [ 100.5142729, 13.7564903 ], [ 100.5113722, 13.7563974 ], [ 100.5038548, 13.7560264 ], [ 100.4994148, 13.7608955 ], [ 100.4967343, 13.7607004 ], [ 100.4927653, 13.7597844 ], [ 100.492211, 13.760042 ] ] } },
{ "type": "Feature", "properties": { "route_id": 13731012, "name": "S1 สนามหลวง - ท่าอากาศยานสุวรรณภูมิ", "ref": "S1", "from_stop": "", "to_stop": "", "operator": "BMTA", "network": "BMTA", "route_type": "bus", "coord_count": 13 }, "geometry": { "type": "LineString", "coordinates": [ [ 100.4937121, 13.7581118 ], [ 100.5071075, 13.756458 ], [ 100.4976122, 13.7577995 ], [ 100.7510203, 13.69317 ], [ 100.5190244, 13.7570015 ], [ 100.4921642, 13.7597612 ], [ 100.4933394, 13.7620149 ], [ 100.4943947, 13.7628333 ], [ 100.4967343, 13.7607004 ], [ 100.5002565, 13.7572674 ], [ 100.5096768, 13.7573124 ], [ 100.5149102, 13.7580755 ], [ 100.5132685, 13.7596619 ] ] } },
{ "type": "Feature", "properties": { "route_id": 13731708, "name": "S2 (554) รังสิต - ท่าอากาศยานสุวรรณภูมิ", "ref": "S2 (554)", "from_stop": "", "to_stop": "", "operator": "smart bus", "network": "smart bus", "route_type": "bus", "coord_count": 34 }, "geometry": { "type": "LineString", "coordinates": [ [ 100.6025538, 13.9960407 ], [ 100.7690116, 13.7107624 ], [ 100.7533917, 13.7138711 ], [ 100.7605279, 13.7120123 ], [ 100.7633175, 13.7113176 ], [ 100.6082971, 13.9873844 ], [ 100.6097362, 13.987586 ], [ 100.6154737, 13.9908192 ], [ 100.6182542, 13.9747975 ], [ 100.6192432, 13.9691991 ], [ 100.6202644, 13.9637258 ], [ 100.6208584, 13.9601375 ], [ 100.6198122, 13.9662194 ], [ 100.5969853, 13.9116915 ], [ 100.5983955, 13.9141393 ], [ 100.5934266, 13.9052546 ], [ 100.6027904, 13.922042 ], [ 100.5852035, 13.8823667 ], [ 100.5905521, 13.8793609 ], [ 100.586162, 13.8818295 ], [ 100.6017377, 13.8716413 ], [ 100.6047974, 13.8699325 ], [ 100.6071603, 13.8686562 ], [ 100.6105721, 13.866823 ], [ 100.613327, 13.8653543 ], [ 100.643906, 13.848852 ], [ 100.6463793, 13.8474975 ], [ 100.6484363, 13.8463863 ], [ 100.6533181, 13.8437301 ], [ 100.6567568, 13.8418628 ], [ 100.6580897, 13.8411441 ], [ 100.6658056, 13.8356785 ], [ 100.6675676, 13.8339778 ], [ 100.6704941, 13.8311564 ] ] } },
{ "type": "Feature", "properties": { "route_id": 13731709, "name": "S2 (554) ท่าอากาศยานสุวรรณภูมิ - รังสิต", "ref": "S2 (554)", "from_stop": "", "to_stop": "", "operator": "smart bus", "network": "smart bus", "route_type": "bus", "coord_count": 35 }, "geometry": { "type": "LineString", "coordinates": [ [ 100.6025538, 13.9960407 ], [ 100.7690116, 13.7107624 ], [ 100.6202428, 13.9602779 ], [ 100.6198594, 13.9624903 ], [ 100.6193474, 13.9651202 ], [ 100.6185681, 13.9696724 ], [ 100.6176401, 13.9747595 ], [ 100.6129998, 13.9877223 ], [ 100.6074477, 13.9868205 ], [ 100.7644304, 13.7128443 ], [ 100.761974, 13.7112842 ], [ 100.7604316, 13.7116672 ], [ 100.7533917, 13.7138711 ], [ 100.6023924, 13.9221723 ], [ 100.5819468, 13.8855546 ], [ 100.5838173, 13.8889483 ], [ 100.5891283, 13.8982968 ], [ 100.5932899, 13.905859 ], [ 100.5901426, 13.879268 ], [ 100.5856103, 13.8818337 ], [ 100.6013372, 13.871433 ], [ 100.6130199, 13.8651342 ], [ 100.6103701, 13.8665532 ], [ 100.6062097, 13.8688139 ], [ 100.6046439, 13.8696555 ], [ 100.6417974, 13.8496085 ], [ 100.6666797, 13.8343748 ], [ 100.6650098, 13.8359993 ], [ 100.6579934, 13.8408381 ], [ 100.6567247, 13.8415246 ], [ 100.6530355, 13.843515 ], [ 100.6499129, 13.8451544 ], [ 100.6469255, 13.846845 ], [ 100.6690947, 13.8320225 ], [ 100.5810659, 13.8825284 ] ] } },
{ "type": "Feature", "properties": { "route_id": 13731713, "name": "A1 ท่าอากาศยานดอนเมือง - หมอชิต 2", "ref": "A1", "from_stop": "", "to_stop": "", "operator": "", "network": "BMTA", "route_type": "bus", "coord_count": 10 }, "geometry": { "type": "LineString", "coordinates": [ [ 100.5933924, 13.9026668 ], [ 100.6024681, 13.9210096 ], [ 100.6018155, 13.9198087 ], [ 100.5479754, 13.8053937 ], [ 100.5551092, 13.8045801 ], [ 100.55669, 13.8072755 ], [ 100.5590922, 13.8186833 ], [ 100.548221, 13.7989218 ], [ 100.5481727, 13.8007799 ], [ 100.5481822, 13.8110941 ] ] } },
{ "type": "Feature", "properties": { "route_id": 13731714, "name": "A1 หมอชิต 2 - ท่าอากาศยานดอนเมือง", "ref": "A1", "from_stop": "", "to_stop": "", "operator": "", "network": "BMTA", "route_type": "bus", "coord_count": 13 }, "geometry": { "type": "LineString", "coordinates": [ [ 100.5933924, 13.9026668 ], [ 100.5934266, 13.9052546 ], [ 100.5969853, 13.9116915 ], [ 100.5983955, 13.9141393 ], [ 100.601082, 13.9182161 ], [ 100.557207, 13.8088892 ], [ 100.5483789, 13.8043055 ], [ 100.5534966, 13.8027584 ], [ 100.5541188, 13.8037679 ], [ 100.5485475, 13.7991581 ], [ 100.5588242, 13.8142246 ], [ 100.5493186, 13.8132289 ], [ 100.5481822, 13.8110941 ] ] } },
{ "type": "Feature", "properties": { "route_id": 13732521, "name": "A3 ท่าอากาศยานดอนเมือง - สวนลุมพินี", "ref": "A3", "from_stop": "", "to_stop": "", "operator": "", "network": "BMTA", "route_type": "bus", "coord_count": 18 }, "geometry": { "type": "LineString", "coordinates": [ [ 100.5453105, 13.7316239 ], [ 100.5408752, 13.7279766 ], [ 100.5407658, 13.7470321 ], [ 100.5933924, 13.9026668 ], [ 100.6024681, 13.9210096 ], [ 100.6024681, 13.9210096 ], [ 100.6018155, 13.9198087 ], [ 100.6018155, 13.9198087 ], [ 100.5447008, 13.7280872 ], [ 100.5381451, 13.7329546 ], [ 100.5458694, 13.763376 ], [ 100.5425767, 13.7576831 ], [ 100.5426067, 13.7604858 ], [ 100.5400076, 13.7420514 ], [ 100.5395857, 13.7394394 ], [ 100.539204, 13.7369876 ], [ 100.5375458, 13.7315036 ], [ 100.5450864, 13.7303236 ] ] } },
{ "type": "Feature", "properties": { "route_id": 13732522, "name": "A3 สวนลุมพินี - ท่าอากาศยานดอนเมือง", "ref": "A3", "from_stop": "", "to_stop": "", "operator": "", "network": "BMTA", "route_type": "bus", "coord_count": 17 }, "geometry": { "type": "LineString", "coordinates": [ [ 100.5403341, 13.7342044 ], [ 100.5453105, 13.7316239 ], [ 100.5416766, 13.7533375 ], [ 100.5404919, 13.7473108 ], [ 100.5933924, 13.9026668 ], [ 100.5934266, 13.9052546 ], [ 100.5969853, 13.9116915 ], [ 100.5983955, 13.9141393 ], [ 100.601082, 13.9182161 ], [ 100.5424022, 13.7608296 ], [ 100.5446513, 13.7633488 ], [ 100.5492835, 13.7672697 ], [ 100.5423759, 13.7579039 ], [ 100.5445653, 13.734066 ], [ 100.539723, 13.7421205 ], [ 100.5393405, 13.7395572 ], [ 100.5389693, 13.7371917 ] ] } },
{ "type": "Feature", "properties": { "route_id": 13732523, "name": "A4 ท่าอากาศยานดอนเมือง - สนามหลวง", "ref": "A4", "from_stop": "", "to_stop": "", "operator": "", "network": "BMTA", "route_type": "bus", "coord_count": 6 }, "geometry": { "type": "LineString", "coordinates": [ [ 100.4937121, 13.7581118 ], [ 100.506975, 13.7563015 ], [ 100.5933924, 13.9026668 ], [ 100.4994863, 13.7603943 ], [ 100.5008181, 13.7604297 ], [ 100.5021169, 13.7580943 ] ] } },
{ "type": "Feature", "properties": { "route_id": 13732605, "name": "A4 สนามหลวง - ท่าอากาศยานดอนเมือง", "ref": "A4", "from_stop": "", "to_stop": "", "operator": "", "network": "BMTA", "route_type": "bus", "coord_count": 17 }, "geometry": { "type": "LineString", "coordinates": [ [ 100.4937121, 13.7581118 ], [ 100.4976122, 13.7577995 ], [ 100.5071075, 13.756458 ], [ 100.4921642, 13.7597612 ], [ 100.4933394, 13.7620149 ], [ 100.4943947, 13.7628333 ], [ 100.4967343, 13.7607004 ], [ 100.5002565, 13.7572674 ], [ 100.5190244, 13.7570015 ], [ 100.5933924, 13.9026668 ], [ 100.5934266, 13.9052546 ], [ 100.5969853, 13.9116915 ], [ 100.5983955, 13.9141393 ], [ 100.601082, 13.9182161 ], [ 100.5096768, 13.7573124 ], [ 100.5149102, 13.7580755 ], [ 100.5132685, 13.7596619 ] ] } },
{ "type": "Feature", "properties": { "route_id": 13734805, "name": "543ก (1-34) บางเขน - นนทบุรี", "ref": "543ก (1-34)", "from_stop": "", "to_stop": "", "operator": "", "network": "BMTA", "route_type": "bus", "coord_count": 23 }, "geometry": { "type": "LineString", "coordinates": [ [ 100.4937279, 13.8429234 ], [ 100.4937418, 13.8428799 ], [ 100.5923975, 13.8695054 ], [ 100.5847357, 13.8550184 ], [ 100.5767843, 13.8414677 ], [ 100.5928039, 13.8686929 ], [ 100.5912653, 13.8660849 ], [ 100.5896585, 13.8633715 ], [ 100.531944, 13.8303992 ], [ 100.5342232, 13.830661 ], [ 100.5374269, 13.8304005 ], [ 100.5448525, 13.8298925 ], [ 100.5296545, 13.8291587 ], [ 100.5246213, 13.8246741 ], [ 100.527237, 13.8270115 ], [ 100.5150236, 13.8155246 ], [ 100.523058, 13.8232611 ], [ 100.5215222, 13.8218533 ], [ 100.5202786, 13.8207329 ], [ 100.5180945, 13.81874 ], [ 100.5628904, 13.8294315 ], [ 100.5746331, 13.8378371 ], [ 100.5730666, 13.8352154 ] ] } },
{ "type": "Feature", "properties": { "route_id": 13734806, "name": "543ก (1-34) นนทบุรี - บางเขน", "ref": "543ก (1-34)", "from_stop": "", "to_stop": "", "operator": "", "network": "BMTA", "route_type": "bus", "coord_count": 22 }, "geometry": { "type": "LineString", "coordinates": [ [ 100.4937279, 13.8429234 ], [ 100.4937418, 13.8428799 ], [ 100.5923975, 13.8695054 ], [ 100.5765011, 13.8415917 ], [ 100.5853146, 13.8564997 ], [ 100.5924629, 13.8685972 ], [ 100.5903535, 13.8650291 ], [ 100.5890188, 13.8628171 ], [ 100.5322369, 13.830833 ], [ 100.5344943, 13.8309736 ], [ 100.5372673, 13.8307382 ], [ 100.5425058, 13.8303401 ], [ 100.5444508, 13.8302173 ], [ 100.5295488, 13.8295091 ], [ 100.5264991, 13.826706 ], [ 100.5243683, 13.8247513 ], [ 100.5157648, 13.8179201 ], [ 100.5229124, 13.8234274 ], [ 100.5211062, 13.8217913 ], [ 100.5195295, 13.8203747 ], [ 100.5179641, 13.818961 ], [ 100.5637394, 13.8293912 ] ] } },
{ "type": "Feature", "properties": { "route_id": 13734808, "name": "510 (1-19) ม.ธรรมศาสตร์ ศูนย์รังสิต - อนุสาวรีย์ชัยสมรภูมิ", "ref": "510 (1-19)", "from_stop": "", "to_stop": "", "operator": "BMTA", "network": "BMTA", "route_type": "bus", "coord_count": 38 }, "geometry": { "type": "LineString", "coordinates": [ [ 100.537986, 13.7658134 ], [ 100.5894116, 14.0797507 ], [ 100.55669, 13.8072755 ], [ 100.5525741, 13.8002484 ], [ 100.5590922, 13.8186833 ], [ 100.6015207, 14.0755937 ], [ 100.6166627, 14.039733 ], [ 100.6177576, 14.0666054 ], [ 100.6027904, 13.922042 ], [ 100.5551092, 13.8045801 ], [ 100.6154807, 14.0759754 ], [ 100.6184706, 14.0856523 ], [ 100.6183081, 14.0814511 ], [ 100.6180808, 14.0752199 ], [ 100.6004098, 14.0657496 ], [ 100.6046176, 14.0656663 ], [ 100.5398857, 13.7674918 ], [ 100.5471218, 13.7862728 ], [ 100.6057916, 14.067497 ], [ 100.6092199, 14.0674539 ], [ 100.6078724, 14.0748471 ], [ 100.6174985, 14.0602686 ], [ 100.6170322, 14.0488758 ], [ 100.617313, 14.056373 ], [ 100.6161466, 13.9872721 ], [ 100.6198653, 13.952205 ], [ 100.6182415, 13.9492812 ], [ 100.6168655, 13.9468632 ], [ 100.6154281, 13.9442847 ], [ 100.6141279, 13.9419944 ], [ 100.612676, 13.9394102 ], [ 100.6075561, 13.9304843 ], [ 100.6058752, 13.9274954 ], [ 100.5810659, 13.8825284 ], [ 100.5410995, 13.7697313 ], [ 100.5509873, 13.7969982 ], [ 100.5501941, 13.7948002 ], [ 100.5495225, 13.7929764 ] ] } },
{ "type": "Feature", "properties": { "route_id": 13734809, "name": "510 (1-19) อนุสาวรีย์ชัยสมรภูมิ - ม.ธรรมศาสตร์ ศูนย์รังสิต", "ref": "510 (1-19)", "from_stop": "", "to_stop": "", "operator": "BMTA", "network": "BMTA", "route_type": "bus", "coord_count": 44 }, "geometry": { "type": "LineString", "coordinates": [ [ 100.537986, 13.7658134 ], [ 100.5894116, 14.0797507 ], [ 100.5534966, 13.8027584 ], [ 100.5541188, 13.8037679 ], [ 100.557207, 13.8088892 ], [ 100.6023924, 13.9221723 ], [ 100.6202428, 13.9602779 ], [ 100.6198594, 13.9624903 ], [ 100.6193474, 13.9651202 ], [ 100.6185681, 13.9696724 ], [ 100.6176401, 13.9747595 ], [ 100.6148972, 13.9900268 ], [ 100.6170139, 14.0653112 ], [ 100.6174451, 14.0748576 ], [ 100.6165904, 14.0756378 ], [ 100.6054523, 14.0749795 ], [ 100.6092024, 14.067342 ], [ 100.60581, 14.067384 ], [ 100.6052461, 14.0663189 ], [ 100.6016671, 14.0753285 ], [ 100.5819468, 13.8855546 ], [ 100.5838173, 13.8889483 ], [ 100.5891283, 13.8982968 ], [ 100.5932899, 13.905859 ], [ 100.6160553, 14.04004 ], [ 100.616886, 14.060238 ], [ 100.6164329, 14.0490103 ], [ 100.5588242, 13.8142246 ], [ 100.5583285, 13.8188214 ], [ 100.5581299, 13.821977 ], [ 100.5577701, 13.8250213 ], [ 100.6036296, 13.9241977 ], [ 100.6055389, 13.9275756 ], [ 100.6077377, 13.9315088 ], [ 100.612221, 13.9396666 ], [ 100.6133353, 13.9416347 ], [ 100.6149452, 13.9445381 ], [ 100.6163544, 13.9470167 ], [ 100.6188388, 13.9515118 ], [ 100.6200807, 13.9537528 ], [ 100.541733, 13.772033 ], [ 100.5398137, 13.7679206 ], [ 100.5569982, 13.8332724 ], [ 100.5573852, 13.839602 ] ] } },
{ "type": "Feature", "properties": { "route_id": 13735109, "name": "111 วงกลม : เจริญนคร - ตลาดพลู (วนขวา)", "ref": "111", "from_stop": "", "to_stop": "", "operator": "BMTA", "network": "BMTA", "route_type": "bus", "coord_count": 30 }, "geometry": { "type": "LineString", "coordinates": [ [ 100.4920852, 13.707106 ], [ 100.5089638, 13.7280992 ], [ 100.509106, 13.7226233 ], [ 100.4771305, 13.7209248 ], [ 100.4949741, 13.7268573 ], [ 100.4719648, 13.7150109 ], [ 100.4721328, 13.7166854 ], [ 100.4723885, 13.7186793 ], [ 100.4874186, 13.7034902 ], [ 100.4849014, 13.7020258 ], [ 100.4840053, 13.6994491 ], [ 100.4827778, 13.6959161 ], [ 100.4747482, 13.7202385 ], [ 100.4678117, 13.7049723 ], [ 100.4687159, 13.7071927 ], [ 100.4692513, 13.7084517 ], [ 100.470019, 13.7100822 ], [ 100.4705886, 13.7113711 ], [ 100.4676822, 13.7025717 ], [ 100.4675832, 13.7000727 ], [ 100.4682445, 13.6990663 ], [ 100.4705273, 13.6986429 ], [ 100.4718767, 13.6980345 ], [ 100.4744098, 13.6968454 ], [ 100.4771505, 13.6955985 ], [ 100.4794627, 13.6945017 ], [ 100.4894763, 13.7270064 ], [ 100.4862215, 13.72529 ], [ 100.483724, 13.7228904 ], [ 100.4800473, 13.721777 ] ] } },
{ "type": "Feature", "properties": { "route_id": 13735110, "name": "111 วงกลม : เจริญนคร - ตลาดพลู (วนซ้าย)", "ref": "111", "from_stop": "", "to_stop": "", "operator": "BMTA", "network": "BMTA", "route_type": "bus", "coord_count": 36 }, "geometry": { "type": "LineString", "coordinates": [ [ 100.4777992, 13.7210093 ], [ 100.4825556, 13.6962032 ], [ 100.4836709, 13.6995032 ], [ 100.4845533, 13.7020498 ], [ 100.4735144, 13.7197839 ], [ 100.4763405, 13.720597 ], [ 100.4933975, 13.7081032 ], [ 100.5086255, 13.7201308 ], [ 100.5089485, 13.7236841 ], [ 100.5088119, 13.7277657 ], [ 100.5062069, 13.729355 ], [ 100.5045045, 13.7289336 ], [ 100.4898158, 13.7267443 ], [ 100.499864, 13.7278172 ], [ 100.4871682, 13.7039902 ], [ 100.471554, 13.7134667 ], [ 100.4720385, 13.7147498 ], [ 100.4721898, 13.7162564 ], [ 100.4724883, 13.7185306 ], [ 100.4680153, 13.7006837 ], [ 100.4678802, 13.7026064 ], [ 100.4676776, 13.7043654 ], [ 100.4681803, 13.7055605 ], [ 100.4688151, 13.7071359 ], [ 100.4693559, 13.7084137 ], [ 100.4707063, 13.7113726 ], [ 100.4678184, 13.6991612 ], [ 100.4701138, 13.6989147 ], [ 100.4717645, 13.6982067 ], [ 100.473701, 13.6973018 ], [ 100.4769886, 13.6957792 ], [ 100.4792676, 13.694721 ], [ 100.4809408, 13.7219006 ], [ 100.4834604, 13.7226428 ], [ 100.485616, 13.7244885 ], [ 100.4955289, 13.7267788 ] ] } },
{ "type": "Feature", "properties": { "route_id": 13738617, "name": "20 ปอ. พระสมุทรเจดีย์ - ท่าดินแดง", "ref": "20", "from_stop": "", "to_stop": "", "operator": "", "network": "BMTA", "route_type": "bus", "coord_count": 46 }, "geometry": { "type": "LineString", "coordinates": [ [ 100.5025856, 13.7333866 ], [ 100.5841467, 13.5976487 ], [ 100.5312557, 13.6309905 ], [ 100.5266312, 13.6391634 ], [ 100.5225743, 13.649295 ], [ 100.5204885, 13.6545056 ], [ 100.5181834, 13.660304 ], [ 100.517136, 13.662868 ], [ 100.5157342, 13.666396 ], [ 100.5127078, 13.6689106 ], [ 100.5105242, 13.6702591 ], [ 100.5085268, 13.6715539 ], [ 100.4914845, 13.6825428 ], [ 100.4942464, 13.6805964 ], [ 100.4956573, 13.6796453 ], [ 100.4979906, 13.6781544 ], [ 100.5000408, 13.6768651 ], [ 100.4949741, 13.7268573 ], [ 100.5709503, 13.5935702 ], [ 100.4921168, 13.7239107 ], [ 100.4811871, 13.6904705 ], [ 100.4821878, 13.6891351 ], [ 100.4859799, 13.6864485 ], [ 100.4825556, 13.6962032 ], [ 100.4836709, 13.6995032 ], [ 100.4845533, 13.7020498 ], [ 100.4893465, 13.7159003 ], [ 100.4884896, 13.7133679 ], [ 100.4873205, 13.7100576 ], [ 100.4864542, 13.7075065 ], [ 100.4902547, 13.7185043 ], [ 100.5790815, 13.594253 ], [ 100.5822989, 13.5962084 ], [ 100.5657632, 13.5935803 ], [ 100.5576396, 13.6019741 ], [ 100.5552577, 13.6046028 ], [ 100.5530521, 13.6070408 ], [ 100.535517, 13.62636 ], [ 100.5391342, 13.6223649 ], [ 100.5461174, 13.6147239 ], [ 100.5475664, 13.6131165 ], [ 100.5504412, 13.6099303 ], [ 100.5335867, 13.6284612 ], [ 100.5039419, 13.6744209 ], [ 100.5034446, 13.7358059 ], [ 100.56779, 13.5933285 ] ] } },
{ "type": "Feature", "properties": { "route_id": 13738618, "name": "20 ปอ. ท่าดินแดง - พระสมุทรเจดีย์", "ref": "20", "from_stop": "", "to_stop": "", "operator": "", "network": "BMTA", "route_type": "bus", "coord_count": 43 }, "geometry": { "type": "LineString", "coordinates": [ [ 100.5028166, 13.7336236 ], [ 100.516005, 13.6666127 ], [ 100.5170342, 13.664121 ], [ 100.5182749, 13.6609796 ], [ 100.5144926, 13.6681699 ], [ 100.5134441, 13.668817 ], [ 100.5112902, 13.6701946 ], [ 100.5045482, 13.6744098 ], [ 100.4999417, 13.6773208 ], [ 100.4971211, 13.6791043 ], [ 100.4942016, 13.6810177 ], [ 100.4925208, 13.6822037 ], [ 100.5213642, 13.6531706 ], [ 100.5271163, 13.6389191 ], [ 100.5700071, 13.5938179 ], [ 100.4935155, 13.72566 ], [ 100.4906404, 13.718738 ], [ 100.499864, 13.7278172 ], [ 100.4861234, 13.6867222 ], [ 100.481345, 13.6911278 ], [ 100.4825406, 13.6892614 ], [ 100.489799, 13.7162701 ], [ 100.4889574, 13.713834 ], [ 100.4875642, 13.7097733 ], [ 100.4865561, 13.7067938 ], [ 100.4827778, 13.6959161 ], [ 100.4840053, 13.6994491 ], [ 100.4849014, 13.7020258 ], [ 100.5840654, 13.5979247 ], [ 100.5820262, 13.5963727 ], [ 100.5792919, 13.5945799 ], [ 100.5532681, 13.6072905 ], [ 100.5580686, 13.6019931 ], [ 100.5657706, 13.5939284 ], [ 100.5338362, 13.6286658 ], [ 100.5355533, 13.6267887 ], [ 100.5399102, 13.6220012 ], [ 100.5462633, 13.6150201 ], [ 100.5501646, 13.6107205 ], [ 100.5841467, 13.5976487 ], [ 100.4955289, 13.7267788 ], [ 100.5071549, 13.6727948 ], [ 100.5034446, 13.7358059 ] ] } },
{ "type": "Feature", "properties": { "route_id": 13738619, "name": "195 (3-50) เดอะมอลล์ท่าพระ - อู่คลองเตย", "ref": "195 (3-50)", "from_stop": "", "to_stop": "", "operator": "BMTA", "network": "BMTA", "route_type": "bus", "coord_count": 24 }, "geometry": { "type": "LineString", "coordinates": [ [ 100.516005, 13.6666127 ], [ 100.5654237, 13.7157595 ], [ 100.4861234, 13.6867222 ], [ 100.481345, 13.6911278 ], [ 100.4825406, 13.6892614 ], [ 100.4805101, 13.7088576 ], [ 100.4821454, 13.7071151 ], [ 100.4849014, 13.7020258 ], [ 100.4840053, 13.6994491 ], [ 100.4827778, 13.6959161 ], [ 100.5478698, 13.7072521 ], [ 100.5510058, 13.7104303 ], [ 100.5475583, 13.6869426 ], [ 100.5473802, 13.6893233 ], [ 100.5471327, 13.6931083 ], [ 100.5456563, 13.698951 ], [ 100.5456501, 13.7034186 ], [ 100.5112902, 13.6701946 ], [ 100.5134441, 13.668817 ], [ 100.5144926, 13.6681699 ], [ 100.5071549, 13.6727948 ], [ 100.560538, 13.7166804 ], [ 100.5637676, 13.7153716 ], [ 100.4788312, 13.7133221 ] ] } },
{ "type": "Feature", "properties": { "route_id": 13738620, "name": "195 (3-50) อู่คลองเตย - เดอะมอลล์ท่าพระ", "ref": "195 (3-50)", "from_stop": "", "to_stop": "", "operator": "BMTA", "network": "BMTA", "route_type": "bus", "coord_count": 32 }, "geometry": { "type": "LineString", "coordinates": [ [ 100.5157342, 13.666396 ], [ 100.5127078, 13.6689106 ], [ 100.5105242, 13.6702591 ], [ 100.5085268, 13.6715539 ], [ 100.5000408, 13.6768651 ], [ 100.4956573, 13.6796453 ], [ 100.4979906, 13.6781544 ], [ 100.4942464, 13.6805964 ], [ 100.4914845, 13.6825428 ], [ 100.5654237, 13.7157595 ], [ 100.5611837, 13.7161696 ], [ 100.5579154, 13.7195849 ], [ 100.5585977, 13.7193262 ], [ 100.4811871, 13.6904705 ], [ 100.4821878, 13.6891351 ], [ 100.4859799, 13.6864485 ], [ 100.4825556, 13.6962032 ], [ 100.4836709, 13.6995032 ], [ 100.4845533, 13.7020498 ], [ 100.4845309, 13.7052203 ], [ 100.4816895, 13.7070624 ], [ 100.4800866, 13.7088726 ], [ 100.4785061, 13.7133361 ], [ 100.5475919, 13.7062184 ], [ 100.557334, 13.7163573 ], [ 100.5509596, 13.7100185 ], [ 100.5477933, 13.6896543 ], [ 100.5475981, 13.6925967 ], [ 100.5463327, 13.6981383 ], [ 100.5459568, 13.7028245 ], [ 100.5039419, 13.6744209 ], [ 100.5632989, 13.7152921 ] ] } },
{ "type": "Feature", "properties": { "route_id": 13756007, "name": "3-21 (207) ม.รามคำแหง - ม.รามคำแหง 2", "ref": "3-21 (207)", "from_stop": "", "to_stop": "", "operator": "BMTA", "network": "BMTA", "route_type": "bus", "coord_count": 51 }, "geometry": { "type": "LineString", "coordinates": [ [ 100.6843885, 13.6705582 ], [ 100.6470558, 13.6883315 ], [ 100.6416771, 13.7371996 ], [ 100.6418569, 13.7263603 ], [ 100.6437216, 13.7138078 ], [ 100.6179719, 13.7591697 ], [ 100.6472589, 13.6909775 ], [ 100.6475975, 13.6951057 ], [ 100.6837862, 13.6689312 ], [ 100.6830323, 13.6667809 ], [ 100.6467305, 13.6842547 ], [ 100.6465373, 13.681799 ], [ 100.6463632, 13.6794556 ], [ 100.6460525, 13.6757497 ], [ 100.6458049, 13.672695 ], [ 100.6466892, 13.6658058 ], [ 100.6496031, 13.6652325 ], [ 100.651572, 13.6648577 ], [ 100.6749817, 13.6542523 ], [ 100.682146, 13.6639933 ], [ 100.6462466, 13.6677248 ], [ 100.671983, 13.6559191 ], [ 100.6673985, 13.6584243 ], [ 100.6651133, 13.6597091 ], [ 100.6620182, 13.6614038 ], [ 100.6573968, 13.6636037 ], [ 100.6435503, 13.745329 ], [ 100.6442084, 13.7479094 ], [ 100.6456728, 13.7529713 ], [ 100.6460633, 13.7553679 ], [ 100.6458098, 13.758516 ], [ 100.6456115, 13.761129 ], [ 100.6412937, 13.7341218 ], [ 100.6414699, 13.7316413 ], [ 100.6416601, 13.7291163 ], [ 100.642223, 13.7216115 ], [ 100.6180964, 13.7595569 ], [ 100.6228216, 13.7602484 ], [ 100.6270932, 13.7607263 ], [ 100.6313122, 13.7612199 ], [ 100.6347865, 13.7616055 ], [ 100.6380937, 13.761999 ], [ 100.6394807, 13.7621509 ], [ 100.6037402, 13.7482104 ], [ 100.6068141, 13.7489683 ], [ 100.609143, 13.7511958 ], [ 100.6441601, 13.7117328 ], [ 100.6451079, 13.7076234 ], [ 100.6456551, 13.7052436 ], [ 100.6468386, 13.7001878 ], [ 100.6474342, 13.6976382 ] ] } },
{ "type": "Feature", "properties": { "route_id": 13756008, "name": "3-21 (207) ม.รามคำแหง 2 - ม.รามคำแหง", "ref": "3-21 (207)", "from_stop": "ม.รามคำแหง 2", "to_stop": "ม.รามคำแหง", "operator": "BMTA", "network": "BMTA", "route_type": "bus", "coord_count": 46 }, "geometry": { "type": "LineString", "coordinates": [ [ 100.6843943, 13.6702054 ], [ 100.6179719, 13.7591697 ], [ 100.6433883, 13.7134403 ], [ 100.6798642, 13.6488904 ], [ 100.6411981, 13.7374181 ], [ 100.6415496, 13.7260737 ], [ 100.6466899, 13.6879247 ], [ 100.6470189, 13.692069 ], [ 100.6472665, 13.6954968 ], [ 100.6773446, 13.6543784 ], [ 100.6714653, 13.6552129 ], [ 100.6667593, 13.6578103 ], [ 100.661104, 13.6609321 ], [ 100.6626997, 13.6600769 ], [ 100.6514167, 13.6640364 ], [ 100.6574731, 13.6626872 ], [ 100.6476995, 13.6647287 ], [ 100.6833551, 13.6672655 ], [ 100.6839218, 13.6689099 ], [ 100.6822107, 13.6637508 ], [ 100.6814476, 13.6613143 ], [ 100.6745226, 13.653537 ], [ 100.6436892, 13.6651787 ], [ 100.6432185, 13.745148 ], [ 100.6441472, 13.7487351 ], [ 100.6458072, 13.7554508 ], [ 100.6456388, 13.7577573 ], [ 100.6411514, 13.7312587 ], [ 100.6408932, 13.7344241 ], [ 100.6419241, 13.7209979 ], [ 100.6413702, 13.7286162 ], [ 100.6426949, 13.7622391 ], [ 100.6403755, 13.7620057 ], [ 100.6367027, 13.7616002 ], [ 100.6334772, 13.7612301 ], [ 100.6306998, 13.7609139 ], [ 100.6260065, 13.7603756 ], [ 100.6213153, 13.7598292 ], [ 100.6455466, 13.6732831 ], [ 100.6457845, 13.6768969 ], [ 100.6460664, 13.6800343 ], [ 100.6462869, 13.682874 ], [ 100.6464391, 13.6847888 ], [ 100.646529, 13.7001074 ], [ 100.6453242, 13.7052302 ], [ 100.6446321, 13.7082412 ] ] } },
{ "type": "Feature", "properties": { "route_id": 13903252, "name": "147 (4-25) วงกลม : เคหะธนบุรี - ท่าพระ (วนขวา)", "ref": "147 (4-25)", "from_stop": "", "to_stop": "", "operator": "smart bus", "network": "smart bus", "route_type": "bus", "coord_count": 61 }, "geometry": { "type": "LineString", "coordinates": [ [ 100.4080676, 13.7109713 ], [ 100.4722481, 13.680149 ], [ 100.4684089, 13.6791021 ], [ 100.4667568, 13.6784369 ], [ 100.4600131, 13.6744976 ], [ 100.4613309, 13.6752688 ], [ 100.4627002, 13.6760925 ], [ 100.47502, 13.6808662 ], [ 100.4153396, 13.6455015 ], [ 100.4207862, 13.6495193 ], [ 100.4229594, 13.6511393 ], [ 100.4788312, 13.7133221 ], [ 100.4805101, 13.7088576 ], [ 100.4821454, 13.7071151 ], [ 100.4291726, 13.6557283 ], [ 100.4252353, 13.6528184 ], [ 100.4050998, 13.6512067 ], [ 100.4046195, 13.6530885 ], [ 100.4050439, 13.6609441 ], [ 100.405164, 13.6626255 ], [ 100.4052887, 13.6644902 ], [ 100.405571, 13.6683907 ], [ 100.4861234, 13.6867222 ], [ 100.481345, 13.6911278 ], [ 100.4825406, 13.6892614 ], [ 100.4869313, 13.684054 ], [ 100.4850272, 13.6834099 ], [ 100.4818144, 13.6826057 ], [ 100.4783817, 13.6816648 ], [ 100.4849014, 13.7020258 ], [ 100.4840053, 13.6994491 ], [ 100.4827778, 13.6959161 ], [ 100.4107104, 13.7111234 ], [ 100.4134491, 13.7113291 ], [ 100.4172049, 13.7116705 ], [ 100.4194539, 13.7118574 ], [ 100.424643, 13.7122477 ], [ 100.4780813, 13.7171457 ], [ 100.4752102, 13.7276647 ], [ 100.4612447, 13.7226666 ], [ 100.4598674, 13.7219364 ], [ 100.4652913, 13.7248821 ], [ 100.4688465, 13.7268395 ], [ 100.4714206, 13.7282511 ], [ 100.4139842, 13.645368 ], [ 100.4178961, 13.6482698 ], [ 100.4208025, 13.6504437 ], [ 100.4223116, 13.6515284 ], [ 100.4246453, 13.6532696 ], [ 100.4401228, 13.6624596 ], [ 100.4361263, 13.6600526 ], [ 100.447648, 13.6670128 ], [ 100.4451962, 13.6655162 ], [ 100.4339161, 13.7129821 ], [ 100.4191445, 13.6502589 ], [ 100.4191445, 13.6502589 ], [ 100.4057906, 13.672042 ], [ 100.4062646, 13.6786383 ], [ 100.4072165, 13.6928218 ], [ 100.4078985, 13.6927734 ], [ 100.4061886, 13.7044808 ] ] } },
{ "type": "Feature", "properties": { "route_id": 13903253, "name": "147 (4-25) วงกลม : เคหะธนบุรี - ท่าพระ (วนซ้าย)", "ref": "147 (4-25)", "from_stop": "", "to_stop": "", "operator": "smart bus", "network": "smart bus", "route_type": "bus", "coord_count": 55 }, "geometry": { "type": "LineString", "coordinates": [ [ 100.4785061, 13.7133361 ], [ 100.4139842, 13.645368 ], [ 100.4811871, 13.6904705 ], [ 100.4821878, 13.6891351 ], [ 100.4859799, 13.6864485 ], [ 100.4856809, 13.6843237 ], [ 100.481053, 13.6831098 ], [ 100.4834282, 13.6836982 ], [ 100.4622218, 13.6766263 ], [ 100.4666167, 13.679114 ], [ 100.4679758, 13.6796862 ], [ 100.4716629, 13.6807096 ], [ 100.4744861, 13.6814417 ], [ 100.4783713, 13.6824083 ], [ 100.4825556, 13.6962032 ], [ 100.4836709, 13.6995032 ], [ 100.4845533, 13.7020498 ], [ 100.4816895, 13.7070624 ], [ 100.4800866, 13.7088726 ], [ 100.4845309, 13.7052203 ], [ 100.416747, 13.7112973 ], [ 100.4140816, 13.7111005 ], [ 100.4117884, 13.7108803 ], [ 100.4096173, 13.7107115 ], [ 100.4195635, 13.7115402 ], [ 100.4234917, 13.7118764 ], [ 100.4270222, 13.7121635 ], [ 100.4777882, 13.716909 ], [ 100.4748823, 13.7275749 ], [ 100.4628853, 13.7232331 ], [ 100.4652619, 13.7245379 ], [ 100.4693873, 13.726783 ], [ 100.4718274, 13.728066 ], [ 100.4597039, 13.7215307 ], [ 100.4178961, 13.6482698 ], [ 100.4208025, 13.6504437 ], [ 100.4223116, 13.6515284 ], [ 100.4246453, 13.6532696 ], [ 100.4288892, 13.6563998 ], [ 100.4599471, 13.6752534 ], [ 100.4060063, 13.6647852 ], [ 100.4395618, 13.6629625 ], [ 100.4448596, 13.666133 ], [ 100.4191445, 13.6502589 ], [ 100.4191445, 13.6502589 ], [ 100.4055387, 13.6519969 ], [ 100.4052873, 13.6543355 ], [ 100.4057537, 13.6610734 ], [ 100.4063798, 13.6705577 ], [ 100.4065313, 13.672926 ], [ 100.4068524, 13.6774961 ], [ 100.4071602, 13.6809403 ], [ 100.4079399, 13.694514 ], [ 100.4077582, 13.6966641 ], [ 100.4068287, 13.7046473 ] ] } },
{ "type": "Feature", "properties": { "route_id": 13904175, "name": "108 (4-19) วงกลม : เดอะมอลล์ท่าพระ - อนุสาวรีย์ชัยสมรภูมิ (วนขวา)", "ref": "108 (4-19)", "from_stop": "The Mall Thapra", "to_stop": "Victory Monument", "operator": "smart bus", "network": "smart bus", "route_type": "bus", "coord_count": 44 }, "geometry": { "type": "LineString", "coordinates": [ [ 100.4785061, 13.7133361 ], [ 100.5384722, 13.7641638 ], [ 100.4785061, 13.7133361 ], [ 100.5291355, 13.7342923 ], [ 100.5294139, 13.736137 ], [ 100.529702, 13.7381985 ], [ 100.5300542, 13.7405426 ], [ 100.5160632, 13.73664 ], [ 100.5104312, 13.7775581 ], [ 100.5129879, 13.7763878 ], [ 100.507343, 13.7789331 ], [ 100.4974742, 13.7834726 ], [ 100.5179834, 13.7369281 ], [ 100.5194687, 13.7217981 ], [ 100.5002483, 13.7206386 ], [ 100.4906404, 13.718738 ], [ 100.5169844, 13.730455 ], [ 100.4690924, 13.7578341 ], [ 100.5304872, 13.7435144 ], [ 100.469533, 13.7589915 ], [ 100.4723327, 13.7623299 ], [ 100.4765228, 13.7672746 ], [ 100.4780998, 13.7691251 ], [ 100.4791446, 13.7703343 ], [ 100.482872, 13.774719 ], [ 100.4913258, 13.7827259 ], [ 100.4886819, 13.7810523 ], [ 100.4865506, 13.779053 ], [ 100.4851828, 13.7774599 ], [ 100.4845309, 13.7052203 ], [ 100.4816895, 13.7070624 ], [ 100.4800866, 13.7088726 ], [ 100.4865561, 13.7067938 ], [ 100.4875642, 13.7097733 ], [ 100.4889574, 13.713834 ], [ 100.489799, 13.7162701 ], [ 100.4777882, 13.716909 ], [ 100.4748823, 13.7275749 ], [ 100.5366969, 13.7618132 ], [ 100.5352911, 13.7592845 ], [ 100.5327982, 13.7548007 ], [ 100.5337995, 13.756611 ], [ 100.5234179, 13.7348082 ], [ 100.5264863, 13.7335351 ] ] } },
{ "type": "Feature", "properties": { "route_id": 13904176, "name": "108 (4-19) วงกลม : เดอะมอลล์ท่าพระ - อนุสาวรีย์ชัยสมรภูมิ (วนซ้าย)", "ref": "108 (4-19)", "from_stop": "Victory Monument", "to_stop": "The Mall Thapra", "operator": "smart bus", "network": "smart bus", "route_type": "bus", "coord_count": 44 }, "geometry": { "type": "LineString", "coordinates": [ [ 100.5374584, 13.764699 ], [ 100.4788312, 13.7133221 ], [ 100.5014919, 13.7212984 ], [ 100.4873205, 13.7100576 ], [ 100.5288227, 13.7340804 ], [ 100.5291586, 13.7361738 ], [ 100.5294507, 13.7381189 ], [ 100.5298947, 13.7410141 ], [ 100.5303629, 13.7443552 ], [ 100.5272069, 13.7698063 ], [ 100.5318135, 13.7677143 ], [ 100.5351326, 13.7662143 ], [ 100.4805101, 13.7088576 ], [ 100.4821454, 13.7071151 ], [ 100.4734043, 13.7632374 ], [ 100.4980007, 13.7828697 ], [ 100.5096457, 13.7777739 ], [ 100.5175524, 13.7375829 ], [ 100.4715503, 13.7610637 ], [ 100.5162821, 13.7245624 ], [ 100.470841, 13.7403082 ], [ 100.469303, 13.7575512 ], [ 100.5158158, 13.7283059 ], [ 100.4699833, 13.7592066 ], [ 100.491652, 13.7826381 ], [ 100.4898919, 13.7815682 ], [ 100.4867407, 13.7789502 ], [ 100.4854854, 13.7774537 ], [ 100.4835433, 13.7751566 ], [ 100.4864542, 13.7075065 ], [ 100.4884896, 13.7133679 ], [ 100.4893465, 13.7159003 ], [ 100.5314676, 13.752007 ], [ 100.4767963, 13.7672144 ], [ 100.4783051, 13.7689734 ], [ 100.4795292, 13.7703867 ], [ 100.4780813, 13.7171457 ], [ 100.4752102, 13.7276647 ], [ 100.5199323, 13.7364899 ], [ 100.5221915, 13.7355861 ], [ 100.523896, 13.7349011 ], [ 100.5255442, 13.7342503 ], [ 100.4729093, 13.7322 ], [ 100.4719565, 13.7340095 ] ] } },
{ "type": "Feature", "properties": { "route_id": 13922303, "name": "504 (1-18E) รังสิต - บางรัก", "ref": "504 (1-18E)", "from_stop": "Rangsit", "to_stop": "Thanon Tok Intersection", "operator": "smart bus", "network": "smart bus", "route_type": "bus", "coord_count": 35 }, "geometry": { "type": "LineString", "coordinates": [ [ 100.6082971, 13.9873844 ], [ 100.5159889, 13.7207712 ], [ 100.5407658, 13.7470321 ], [ 100.6154737, 13.9908192 ], [ 100.6025538, 13.9960407 ], [ 100.6097362, 13.987586 ], [ 100.6182542, 13.9747975 ], [ 100.6192432, 13.9691991 ], [ 100.6198122, 13.9662194 ], [ 100.6202644, 13.9637258 ], [ 100.6208584, 13.9601375 ], [ 100.5381451, 13.7329546 ], [ 100.5416749, 13.7525418 ], [ 100.6027904, 13.922042 ], [ 100.5194687, 13.7217981 ], [ 100.5186804, 13.7182267 ], [ 100.5458694, 13.763376 ], [ 100.5345701, 13.7285062 ], [ 100.6161466, 13.9872721 ], [ 100.5425767, 13.7576831 ], [ 100.5426067, 13.7604858 ], [ 100.6198653, 13.952205 ], [ 100.6182415, 13.9492812 ], [ 100.6168655, 13.9468632 ], [ 100.6154281, 13.9442847 ], [ 100.6141279, 13.9419944 ], [ 100.612676, 13.9394102 ], [ 100.6075561, 13.9304843 ], [ 100.6058752, 13.9274954 ], [ 100.5400076, 13.7420514 ], [ 100.5395857, 13.7394394 ], [ 100.539204, 13.7369876 ], [ 100.5227957, 13.7243275 ], [ 100.5207919, 13.7235996 ], [ 100.5310647, 13.7272758 ] ] } },
{ "type": "Feature", "properties": { "route_id": 13922397, "name": "504 (1-18E) บางรัก - รังสิต", "ref": "504 (1-18E)", "from_stop": "Thanon Tok Intersection", "to_stop": "Rangsit", "operator": "smart bus", "network": "smart bus", "route_type": "bus", "coord_count": 33 }, "geometry": { "type": "LineString", "coordinates": [ [ 100.5159889, 13.7207712 ], [ 100.5404919, 13.7473108 ], [ 100.5416766, 13.7533375 ], [ 100.6025538, 13.9960407 ], [ 100.6074477, 13.9868205 ], [ 100.6129998, 13.9877223 ], [ 100.6202428, 13.9602779 ], [ 100.6198594, 13.9624903 ], [ 100.6193474, 13.9651202 ], [ 100.6185681, 13.9696724 ], [ 100.6176401, 13.9747595 ], [ 100.6023924, 13.9221723 ], [ 100.5200469, 13.7235696 ], [ 100.5215159, 13.7240815 ], [ 100.5173506, 13.7225949 ], [ 100.5446513, 13.7633488 ], [ 100.5373248, 13.7316867 ], [ 100.5381907, 13.7339384 ], [ 100.5334699, 13.728363 ], [ 100.5311468, 13.72755 ], [ 100.5492835, 13.7672697 ], [ 100.6036296, 13.9241977 ], [ 100.6055389, 13.9275756 ], [ 100.6077377, 13.9315088 ], [ 100.612221, 13.9396666 ], [ 100.6133353, 13.9416347 ], [ 100.6149452, 13.9445381 ], [ 100.6163544, 13.9470167 ], [ 100.6188388, 13.9515118 ], [ 100.6200807, 13.9537528 ], [ 100.5389693, 13.7371917 ], [ 100.5393405, 13.7395572 ], [ 100.539723, 13.7421205 ] ] } },
{ "type": "Feature", "properties": { "route_id": 13936340, "name": "35 (4-8) เคหะธนบุรี - บางลำพู", "ref": "35 (4-8)", "from_stop": "เคหะธนบุรี", "to_stop": "บางลำพู", "operator": "B.B.Rich (Thailand)", "network": "TSB", "route_type": "bus", "coord_count": 67 }, "geometry": { "type": "LineString", "coordinates": [ [ 100.4139842, 13.645368 ], [ 100.5074894, 13.7493929 ], [ 100.4979883, 13.7572484 ], [ 100.500132, 13.756808 ], [ 100.49627, 13.6982173 ], [ 100.4994863, 13.7603943 ], [ 100.5179834, 13.7369281 ], [ 100.5162821, 13.7245624 ], [ 100.5158158, 13.7283059 ], [ 100.4978287, 13.6966129 ], [ 100.5008442, 13.6934316 ], [ 100.5026846, 13.6914792 ], [ 100.5040009, 13.6905776 ], [ 100.5069697, 13.6899899 ], [ 100.5106831, 13.6897117 ], [ 100.5139087, 13.688898 ], [ 100.5166484, 13.6879993 ], [ 100.4975824, 13.7627001 ], [ 100.4811871, 13.6904705 ], [ 100.4821878, 13.6891351 ], [ 100.4859799, 13.6864485 ], [ 100.4856809, 13.6843237 ], [ 100.481053, 13.6831098 ], [ 100.4834282, 13.6836982 ], [ 100.4825556, 13.6962032 ], [ 100.4783713, 13.6824083 ], [ 100.4744861, 13.6814417 ], [ 100.4716629, 13.6807096 ], [ 100.4679758, 13.6796862 ], [ 100.4666167, 13.679114 ], [ 100.4622218, 13.6766263 ], [ 100.4836709, 13.6995032 ], [ 100.4845533, 13.7020498 ], [ 100.4871682, 13.7039902 ], [ 100.4921642, 13.7597612 ], [ 100.5187486, 13.6869996 ], [ 100.5282816, 13.6801069 ], [ 100.5269117, 13.6814424 ], [ 100.5248868, 13.6830107 ], [ 100.5234175, 13.6841288 ], [ 100.525989, 13.732016 ], [ 100.5217426, 13.7313172 ], [ 100.4178961, 13.6482698 ], [ 100.4208025, 13.6504437 ], [ 100.4223116, 13.6515284 ], [ 100.4288892, 13.6563998 ], [ 100.4246453, 13.6532696 ], [ 100.5123253, 13.7384508 ], [ 100.5108666, 13.7396852 ], [ 100.507711, 13.7415174 ], [ 100.4599471, 13.6752534 ], [ 100.4448596, 13.666133 ], [ 100.5234179, 13.7348082 ], [ 100.5264863, 13.7335351 ], [ 100.4564426, 13.6731121 ], [ 100.4582183, 13.6742058 ], [ 100.4499979, 13.6692121 ], [ 100.4416151, 13.6641696 ], [ 100.4395618, 13.6629625 ], [ 100.4356226, 13.6605387 ], [ 100.4311642, 13.6578492 ], [ 100.506975, 13.7563015 ], [ 100.5159889, 13.7207712 ], [ 100.5120136, 13.7116241 ], [ 100.512816, 13.7134726 ], [ 100.5135639, 13.7151576 ], [ 100.5141231, 13.716449 ] ] } },
{ "type": "Feature", "properties": { "route_id": 13936341, "name": "35 (4-8) บางลำพู - เคหะธนบุรี", "ref": "35 (4-8)", "from_stop": "บางลำพู", "to_stop": "เคหะธนบุรี", "operator": "B.B.Rich (Thailand)", "network": "TSB", "route_type": "bus", "coord_count": 59 }, "geometry": { "type": "LineString", "coordinates": [ [ 100.5236412, 13.7297899 ], [ 100.5231658, 13.7273039 ], [ 100.514768, 13.7367148 ], [ 100.4153396, 13.6455015 ], [ 100.5238537, 13.7316787 ], [ 100.4976122, 13.7577995 ], [ 100.4963794, 13.697618 ], [ 100.4994863, 13.7603943 ], [ 100.4401228, 13.6624596 ], [ 100.5175524, 13.7375829 ], [ 100.4291726, 13.6557283 ], [ 100.4252353, 13.6528184 ], [ 100.5169844, 13.730455 ], [ 100.5056348, 13.6896848 ], [ 100.5247759, 13.7317558 ], [ 100.4978449, 13.6960059 ], [ 100.5044438, 13.6899628 ], [ 100.5078604, 13.6895191 ], [ 100.5007357, 13.6929205 ], [ 100.4861234, 13.6867222 ], [ 100.481345, 13.6911278 ], [ 100.4825406, 13.6892614 ], [ 100.5096016, 13.7555166 ], [ 100.4967343, 13.7607004 ], [ 100.5093136, 13.7532992 ], [ 100.5158695, 13.7202055 ], [ 100.4874186, 13.7034902 ], [ 100.4827778, 13.6959161 ], [ 100.4840053, 13.6994491 ], [ 100.4849014, 13.7020258 ], [ 100.5021511, 13.6914096 ], [ 100.5112178, 13.6892326 ], [ 100.5132916, 13.688665 ], [ 100.5164732, 13.6876408 ], [ 100.5189002, 13.6864515 ], [ 100.526317, 13.6814003 ], [ 100.5236361, 13.6834409 ], [ 100.5197895, 13.7262525 ], [ 100.4229594, 13.6511393 ], [ 100.4207862, 13.6495193 ], [ 100.4361263, 13.6600526 ], [ 100.4600131, 13.6744976 ], [ 100.447648, 13.6670128 ], [ 100.4451962, 13.6655162 ], [ 100.4850272, 13.6834099 ], [ 100.5199323, 13.7364899 ], [ 100.5221915, 13.7355861 ], [ 100.523896, 13.7349011 ], [ 100.5255442, 13.7342503 ], [ 100.47502, 13.6808662 ], [ 100.4722481, 13.680149 ], [ 100.4684089, 13.6791021 ], [ 100.4667568, 13.6784369 ], [ 100.4627002, 13.6760925 ], [ 100.4613309, 13.6752688 ], [ 100.4560109, 13.6720502 ], [ 100.4506608, 13.6688298 ], [ 100.4490573, 13.6678577 ], [ 100.5071075, 13.756458 ] ] } },
{ "type": "Feature", "properties": { "route_id": 13946879, "name": "68 สมุทรสาคร - บางลำพู", "ref": "68 Mahachai", "from_stop": "", "to_stop": "", "operator": "BMTA", "network": "BMTA", "route_type": "bus", "coord_count": 68 }, "geometry": { "type": "LineString", "coordinates": [ [ 100.2608878, 13.5470466 ], [ 100.4994863, 13.7603943 ], [ 100.4884052, 13.7656139 ], [ 100.4785061, 13.7133361 ], [ 100.4139842, 13.645368 ], [ 100.4976122, 13.7577995 ], [ 100.484065, 13.7711293 ], [ 100.4811871, 13.6904705 ], [ 100.4821878, 13.6891351 ], [ 100.4859799, 13.6864485 ], [ 100.4856809, 13.6843237 ], [ 100.4834282, 13.6836982 ], [ 100.4622218, 13.6766263 ], [ 100.4666167, 13.679114 ], [ 100.4679758, 13.6796862 ], [ 100.4716629, 13.6807096 ], [ 100.4744861, 13.6814417 ], [ 100.4783713, 13.6824083 ], [ 100.4825556, 13.6962032 ], [ 100.4836709, 13.6995032 ], [ 100.4845533, 13.7020498 ], [ 100.2636124, 13.5479862 ], [ 100.265996, 13.5484582 ], [ 100.2685568, 13.5488993 ], [ 100.3722349, 13.6052147 ], [ 100.3819666, 13.6150679 ], [ 100.3888817, 13.6220751 ], [ 100.4178961, 13.6482698 ], [ 100.4208025, 13.6504437 ], [ 100.4223116, 13.6515284 ], [ 100.4246453, 13.6532696 ], [ 100.4288892, 13.6563998 ], [ 100.4448596, 13.666133 ], [ 100.4564426, 13.6731121 ], [ 100.4582183, 13.6742058 ], [ 100.4499979, 13.6692121 ], [ 100.4416151, 13.6641696 ], [ 100.4395618, 13.6629625 ], [ 100.4356226, 13.6605387 ], [ 100.4311642, 13.6578492 ], [ 100.4061092, 13.6393764 ], [ 100.4031167, 13.6364291 ], [ 100.4007128, 13.6340022 ], [ 100.3944561, 13.6276737 ], [ 100.3928319, 13.6260254 ], [ 100.3644111, 13.5973219 ], [ 100.4690924, 13.7578341 ], [ 100.3869552, 13.6201161 ], [ 100.469533, 13.7589915 ], [ 100.4723327, 13.7623299 ], [ 100.4780998, 13.7691251 ], [ 100.4791446, 13.7703343 ], [ 100.4765228, 13.7672746 ], [ 100.481053, 13.6831098 ], [ 100.4845309, 13.7052203 ], [ 100.4816895, 13.7070624 ], [ 100.4800866, 13.7088726 ], [ 100.318662, 13.5860482 ], [ 100.3269377, 13.589107 ], [ 100.3315683, 13.5908472 ], [ 100.3552928, 13.5928703 ], [ 100.3183889, 13.585148 ], [ 100.4777882, 13.716909 ], [ 100.4748823, 13.7275749 ], [ 100.4599471, 13.6752534 ], [ 100.5008181, 13.7604297 ], [ 100.5002565, 13.7572674 ], [ 100.5021169, 13.7580943 ] ] } },
{ "type": "Feature", "properties": { "route_id": 13946880, "name": "68 บางลำพู - สมุทรสาคร", "ref": "68 Mahachai", "from_stop": "", "to_stop": "", "operator": "BMTA", "network": "BMTA", "route_type": "bus", "coord_count": 67 }, "geometry": { "type": "LineString", "coordinates": [ [ 100.4994863, 13.7603943 ], [ 100.2608878, 13.5470466 ], [ 100.4229594, 13.6511393 ], [ 100.4207862, 13.6495193 ], [ 100.4153396, 13.6455015 ], [ 100.4879947, 13.7652886 ], [ 100.47502, 13.6808662 ], [ 100.4722481, 13.680149 ], [ 100.4684089, 13.6791021 ], [ 100.4667568, 13.6784369 ], [ 100.4600131, 13.6744976 ], [ 100.4788312, 13.7133221 ], [ 100.2618887, 13.5472562 ], [ 100.364651, 13.5965059 ], [ 100.4291726, 13.6557283 ], [ 100.4252353, 13.6528184 ], [ 100.3825132, 13.6146228 ], [ 100.3893072, 13.6214787 ], [ 100.3935161, 13.6257685 ], [ 100.4003992, 13.6326955 ], [ 100.4037764, 13.6361209 ], [ 100.4063852, 13.6387045 ], [ 100.481345, 13.6911278 ], [ 100.4825406, 13.6892614 ], [ 100.4783817, 13.6816648 ], [ 100.4827778, 13.6959161 ], [ 100.4849014, 13.7020258 ], [ 100.2700601, 13.5489366 ], [ 100.2660505, 13.5482032 ], [ 100.3636643, 13.5954957 ], [ 100.3728578, 13.6048446 ], [ 100.4401228, 13.6624596 ], [ 100.4361263, 13.6600526 ], [ 100.447648, 13.6670128 ], [ 100.4451962, 13.6655162 ], [ 100.4627002, 13.6760925 ], [ 100.4613309, 13.6752688 ], [ 100.4560109, 13.6720502 ], [ 100.4506608, 13.6688298 ], [ 100.4490573, 13.6678577 ], [ 100.4805101, 13.7088576 ], [ 100.4821454, 13.7071151 ], [ 100.4835788, 13.7709813 ], [ 100.4734043, 13.7632374 ], [ 100.3871041, 13.6192712 ], [ 100.4715503, 13.7610637 ], [ 100.470841, 13.7403082 ], [ 100.469303, 13.7575512 ], [ 100.3973315, 13.6296456 ], [ 100.4699833, 13.7592066 ], [ 100.4861234, 13.6867222 ], [ 100.4869313, 13.684054 ], [ 100.4818144, 13.6826057 ], [ 100.4850272, 13.6834099 ], [ 100.4840053, 13.6994491 ], [ 100.3556184, 13.5921651 ], [ 100.3319907, 13.5902678 ], [ 100.3268173, 13.5883259 ], [ 100.3526081, 13.59229 ], [ 100.3577003, 13.5921841 ], [ 100.4795292, 13.7703867 ], [ 100.4783051, 13.7689734 ], [ 100.4767963, 13.7672144 ], [ 100.4780813, 13.7171457 ], [ 100.4752102, 13.7276647 ], [ 100.4729093, 13.7322 ], [ 100.4719565, 13.7340095 ] ] } },
{ "type": "Feature", "properties": { "route_id": 13946882, "name": "68 (4-12) อู่แสมดำ - บางลำพู", "ref": "68 (4-12)", "from_stop": "", "to_stop": "", "operator": "BMTA", "network": "BMTA", "route_type": "bus", "coord_count": 57 }, "geometry": { "type": "LineString", "coordinates": [ [ 100.3858451, 13.6218413 ], [ 100.4994863, 13.7603943 ], [ 100.4884052, 13.7656139 ], [ 100.4139842, 13.645368 ], [ 100.3868024, 13.6201486 ], [ 100.3888817, 13.6220751 ], [ 100.4976122, 13.7577995 ], [ 100.484065, 13.7711293 ], [ 100.4811871, 13.6904705 ], [ 100.4821878, 13.6891351 ], [ 100.4859799, 13.6864485 ], [ 100.4856809, 13.6843237 ], [ 100.4834282, 13.6836982 ], [ 100.4622218, 13.6766263 ], [ 100.4666167, 13.679114 ], [ 100.4679758, 13.6796862 ], [ 100.4716629, 13.6807096 ], [ 100.4744861, 13.6814417 ], [ 100.4783713, 13.6824083 ], [ 100.4825556, 13.6962032 ], [ 100.4836709, 13.6995032 ], [ 100.4845533, 13.7020498 ], [ 100.4785061, 13.7133361 ], [ 100.4178961, 13.6482698 ], [ 100.4208025, 13.6504437 ], [ 100.4223116, 13.6515284 ], [ 100.4246453, 13.6532696 ], [ 100.4288892, 13.6563998 ], [ 100.4448596, 13.666133 ], [ 100.4564426, 13.6731121 ], [ 100.4582183, 13.6742058 ], [ 100.4499979, 13.6692121 ], [ 100.4416151, 13.6641696 ], [ 100.4395618, 13.6629625 ], [ 100.4356226, 13.6605387 ], [ 100.4311642, 13.6578492 ], [ 100.4061092, 13.6393764 ], [ 100.4031167, 13.6364291 ], [ 100.4007128, 13.6340022 ], [ 100.3944561, 13.6276737 ], [ 100.3928319, 13.6260254 ], [ 100.4690924, 13.7578341 ], [ 100.469533, 13.7589915 ], [ 100.4723327, 13.7623299 ], [ 100.4765228, 13.7672746 ], [ 100.4780998, 13.7691251 ], [ 100.4791446, 13.7703343 ], [ 100.481053, 13.6831098 ], [ 100.4845309, 13.7052203 ], [ 100.4816895, 13.7070624 ], [ 100.4800866, 13.7088726 ], [ 100.4777882, 13.716909 ], [ 100.4748823, 13.7275749 ], [ 100.4599471, 13.6752534 ], [ 100.5008181, 13.7604297 ], [ 100.5002565, 13.7572674 ], [ 100.5021169, 13.7580943 ] ] } },
{ "type": "Feature", "properties": { "route_id": 13946883, "name": "68 (4-12) บางลำพู - อู่แสมดำ", "ref": "68 (4-12)", "from_stop": "", "to_stop": "", "operator": "BMTA", "network": "BMTA", "route_type": "bus", "coord_count": 62 }, "geometry": { "type": "LineString", "coordinates": [ [ 100.3858451, 13.6218413 ], [ 100.4994863, 13.7603943 ], [ 100.4229594, 13.6511393 ], [ 100.4207862, 13.6495193 ], [ 100.4153396, 13.6455015 ], [ 100.4879947, 13.7652886 ], [ 100.47502, 13.6808662 ], [ 100.4722481, 13.680149 ], [ 100.4684089, 13.6791021 ], [ 100.4667568, 13.6784369 ], [ 100.4600131, 13.6744976 ], [ 100.4788312, 13.7133221 ], [ 100.4291726, 13.6557283 ], [ 100.4252353, 13.6528184 ], [ 100.3825132, 13.6146228 ], [ 100.3893072, 13.6214787 ], [ 100.3935161, 13.6257685 ], [ 100.4003992, 13.6326955 ], [ 100.4037764, 13.6361209 ], [ 100.4063852, 13.6387045 ], [ 100.481345, 13.6911278 ], [ 100.4825406, 13.6892614 ], [ 100.4783817, 13.6816648 ], [ 100.4827778, 13.6959161 ], [ 100.4849014, 13.7020258 ], [ 100.500132, 13.756808 ], [ 100.4401228, 13.6624596 ], [ 100.4361263, 13.6600526 ], [ 100.447648, 13.6670128 ], [ 100.4451962, 13.6655162 ], [ 100.4627002, 13.6760925 ], [ 100.4613309, 13.6752688 ], [ 100.4560109, 13.6720502 ], [ 100.4506608, 13.6688298 ], [ 100.4490573, 13.6678577 ], [ 100.4805101, 13.7088576 ], [ 100.4821454, 13.7071151 ], [ 100.4734043, 13.7632374 ], [ 100.4715503, 13.7610637 ], [ 100.470841, 13.7403082 ], [ 100.469303, 13.7575512 ], [ 100.3871041, 13.6192712 ], [ 100.3973315, 13.6296456 ], [ 100.4699833, 13.7592066 ], [ 100.4861234, 13.6867222 ], [ 100.4869313, 13.684054 ], [ 100.4818144, 13.6826057 ], [ 100.4850272, 13.6834099 ], [ 100.4840053, 13.6994491 ], [ 100.4979883, 13.7572484 ], [ 100.5038548, 13.7560264 ], [ 100.4795292, 13.7703867 ], [ 100.4783051, 13.7689734 ], [ 100.4767963, 13.7672144 ], [ 100.4780813, 13.7171457 ], [ 100.4752102, 13.7276647 ], [ 100.4729093, 13.7322 ], [ 100.4719565, 13.7340095 ], [ 100.5012173, 13.7603214 ], [ 100.5033267, 13.7589151 ], [ 100.5046886, 13.7569391 ], [ 100.4835788, 13.7709813 ] ] } },
{ "type": "Feature", "properties": { "route_id": 13946885, "name": "68 มจธ.บางขุนเทียน - บางลำพู", "ref": "68 KMUTT", "from_stop": "", "to_stop": "", "operator": "BMTA", "network": "BMTA", "route_type": "bus", "coord_count": 74 }, "geometry": { "type": "LineString", "coordinates": [ [ 100.4399889, 13.5746517 ], [ 100.4229594, 13.6511393 ], [ 100.4207862, 13.6495193 ], [ 100.4153396, 13.6455015 ], [ 100.4291726, 13.6557283 ], [ 100.4252353, 13.6528184 ], [ 100.4811871, 13.6904705 ], [ 100.4821878, 13.6891351 ], [ 100.4859799, 13.6864485 ], [ 100.4856809, 13.6843237 ], [ 100.4834282, 13.6836982 ], [ 100.4622218, 13.6766263 ], [ 100.4666167, 13.679114 ], [ 100.4679758, 13.6796862 ], [ 100.4716629, 13.6807096 ], [ 100.4744861, 13.6814417 ], [ 100.4783713, 13.6824083 ], [ 100.4825556, 13.6962032 ], [ 100.4836709, 13.6995032 ], [ 100.4845533, 13.7020498 ], [ 100.4139842, 13.645368 ], [ 100.4178961, 13.6482698 ], [ 100.4208025, 13.6504437 ], [ 100.4223116, 13.6515284 ], [ 100.4246453, 13.6532696 ], [ 100.4288892, 13.6563998 ], [ 100.4448596, 13.666133 ], [ 100.4564426, 13.6731121 ], [ 100.4582183, 13.6742058 ], [ 100.4499979, 13.6692121 ], [ 100.4416151, 13.6641696 ], [ 100.4395618, 13.6629625 ], [ 100.4356226, 13.6605387 ], [ 100.4311642, 13.6578492 ], [ 100.4785061, 13.7133361 ], [ 100.4994863, 13.7603943 ], [ 100.484065, 13.7711293 ], [ 100.4884052, 13.7656139 ], [ 100.4976122, 13.7577995 ], [ 100.4341854, 13.6290321 ], [ 100.4336251, 13.6318141 ], [ 100.4332285, 13.6338865 ], [ 100.4327631, 13.6366018 ], [ 100.432464, 13.6384173 ], [ 100.4320774, 13.6407509 ], [ 100.4316478, 13.6438163 ], [ 100.4312613, 13.6467024 ], [ 100.4309833, 13.64884 ], [ 100.4306542, 13.6514061 ], [ 100.4383048, 13.5700495 ], [ 100.4225858, 13.5731572 ], [ 100.425828, 13.5800571 ], [ 100.4278575, 13.5847592 ], [ 100.43004, 13.5912959 ], [ 100.4325376, 13.598626 ], [ 100.434744, 13.6052068 ], [ 100.4356382, 13.6079401 ], [ 100.437814, 13.6203326 ], [ 100.481053, 13.6831098 ], [ 100.4845309, 13.7052203 ], [ 100.4816895, 13.7070624 ], [ 100.4800866, 13.7088726 ], [ 100.4599471, 13.6752534 ], [ 100.4777882, 13.716909 ], [ 100.4748823, 13.7275749 ], [ 100.5008181, 13.7604297 ], [ 100.4690924, 13.7578341 ], [ 100.469533, 13.7589915 ], [ 100.4723327, 13.7623299 ], [ 100.4765228, 13.7672746 ], [ 100.4780998, 13.7691251 ], [ 100.4791446, 13.7703343 ], [ 100.5002565, 13.7572674 ], [ 100.5021169, 13.7580943 ] ] } },
{ "type": "Feature", "properties": { "route_id": 13946886, "name": "68 บางลำพู - มจธ.บางขุนเทียน", "ref": "68 KMUTT", "from_stop": "", "to_stop": "", "operator": "BMTA", "network": "BMTA", "route_type": "bus", "coord_count": 66 }, "geometry": { "type": "LineString", "coordinates": [ [ 100.4789985, 13.7158046 ], [ 100.4399889, 13.5746517 ], [ 100.481345, 13.6911278 ], [ 100.4825406, 13.6892614 ], [ 100.4783817, 13.6816648 ], [ 100.47502, 13.6808662 ], [ 100.4722481, 13.680149 ], [ 100.4684089, 13.6791021 ], [ 100.4667568, 13.6784369 ], [ 100.4827778, 13.6959161 ], [ 100.4849014, 13.7020258 ], [ 100.4401228, 13.6624596 ], [ 100.4361263, 13.6600526 ], [ 100.447648, 13.6670128 ], [ 100.4451962, 13.6655162 ], [ 100.4627002, 13.6760925 ], [ 100.4613309, 13.6752688 ], [ 100.4600131, 13.6744976 ], [ 100.4560109, 13.6720502 ], [ 100.4506608, 13.6688298 ], [ 100.4490573, 13.6678577 ], [ 100.4994863, 13.7603943 ], [ 100.4788312, 13.7133221 ], [ 100.500132, 13.756808 ], [ 100.4879947, 13.7652886 ], [ 100.4805101, 13.7088576 ], [ 100.4821454, 13.7071151 ], [ 100.4344949, 13.6291634 ], [ 100.4340728, 13.6312888 ], [ 100.4335717, 13.63396 ], [ 100.4324264, 13.64075 ], [ 100.4319958, 13.6438347 ], [ 100.4316176, 13.646599 ], [ 100.4313398, 13.6487587 ], [ 100.4327471, 13.6387796 ], [ 100.433176, 13.6361171 ], [ 100.4305108, 13.6551822 ], [ 100.4309856, 13.6514882 ], [ 100.438334, 13.570176 ], [ 100.4226268, 13.5728189 ], [ 100.4258825, 13.5797149 ], [ 100.4277699, 13.5840817 ], [ 100.4304109, 13.5914424 ], [ 100.4327333, 13.5982616 ], [ 100.4359352, 13.6078785 ], [ 100.4383727, 13.6172954 ], [ 100.4381416, 13.6203888 ], [ 100.4861234, 13.6867222 ], [ 100.4869313, 13.684054 ], [ 100.4818144, 13.6826057 ], [ 100.4850272, 13.6834099 ], [ 100.4840053, 13.6994491 ], [ 100.4780813, 13.7171457 ], [ 100.4752102, 13.7276647 ], [ 100.4729093, 13.7322 ], [ 100.4719565, 13.7340095 ], [ 100.5012173, 13.7603214 ], [ 100.5033267, 13.7589151 ], [ 100.5046886, 13.7569391 ], [ 100.5038548, 13.7560264 ], [ 100.4979883, 13.7572484 ], [ 100.4835788, 13.7709813 ], [ 100.4795292, 13.7703867 ], [ 100.4783051, 13.7689734 ], [ 100.4767963, 13.7672144 ], [ 100.4734043, 13.7632374 ] ] } },
{ "type": "Feature", "properties": { "route_id": 13977217, "name": "ต.559 ฟิวเจอร์พาร์ค รังสิต - ท่าอากาศยานสุวรรณภูมิ", "ref": "ต.559", "from_stop": "", "to_stop": "", "operator": "", "network": "", "route_type": "bus", "coord_count": 3 }, "geometry": { "type": "LineString", "coordinates": [ [ 100.7501742, 13.6936769 ], [ 100.6160444, 13.9909077 ], [ 100.7690116, 13.7107624 ] ] } },
{ "type": "Feature", "properties": { "route_id": 13986077, "name": "48 (3-11) ท่าช้าง - ม.รามคำแหง 2", "ref": "48 (3-11)", "from_stop": "", "to_stop": "", "operator": "smart bus", "network": "smart bus", "route_type": "bus", "coord_count": 54 }, "geometry": { "type": "LineString", "coordinates": [ [ 100.5074894, 13.7493929 ], [ 100.5330435, 13.7458988 ], [ 100.6097014, 13.6800929 ], [ 100.6912471, 13.6731335 ], [ 100.4895528, 13.7528056 ], [ 100.4896104, 13.7506611 ], [ 100.4905828, 13.7471001 ], [ 100.491784, 13.7455397 ], [ 100.4927559, 13.744408 ], [ 100.4940771, 13.7431825 ], [ 100.5424649, 13.7443211 ], [ 100.545275, 13.743836 ], [ 100.5491343, 13.7431362 ], [ 100.5539147, 13.741748 ], [ 100.5553952, 13.7407003 ], [ 100.5565441, 13.7398879 ], [ 100.557941, 13.7388954 ], [ 100.5593354, 13.7379057 ], [ 100.6843885, 13.6705582 ], [ 100.6837862, 13.6689312 ], [ 100.6830323, 13.6667809 ], [ 100.682146, 13.6639933 ], [ 100.5863715, 13.7187929 ], [ 100.6161855, 13.6786833 ], [ 100.6189682, 13.6786025 ], [ 100.6460525, 13.6757497 ], [ 100.6458049, 13.672695 ], [ 100.6462466, 13.6677248 ], [ 100.6115619, 13.6788355 ], [ 100.6345266, 13.6780424 ], [ 100.6358649, 13.677992 ], [ 100.6105011, 13.6824802 ], [ 100.4956838, 13.7473994 ], [ 100.671983, 13.6559191 ], [ 100.6673985, 13.6584243 ], [ 100.6651133, 13.6597091 ], [ 100.6620182, 13.6614038 ], [ 100.6573968, 13.6636037 ], [ 100.5366237, 13.7452928 ], [ 100.4945426, 13.7441732 ], [ 100.5954353, 13.7123469 ], [ 100.5919572, 13.7148054 ], [ 100.5889859, 13.7169545 ], [ 100.5877235, 13.7178424 ], [ 100.6023359, 13.7032421 ], [ 100.6010049, 13.7059822 ], [ 100.6004869, 13.7070274 ], [ 100.5779938, 13.7247389 ], [ 100.5758339, 13.7262693 ], [ 100.5737929, 13.7276983 ], [ 100.572109, 13.7289099 ], [ 100.501895, 13.7470886 ], [ 100.5260187, 13.7471614 ], [ 100.5292583, 13.7465853 ] ] } },
{ "type": "Feature", "properties": { "route_id": 13986079, "name": "132 (3-14) เคหะบางพลี - สถานีรถไฟฟ้าอุดมสุข", "ref": "132 (3-14)", "from_stop": "", "to_stop": "", "operator": "TSB", "network": "TSB", "route_type": "bus", "coord_count": 49 }, "geometry": { "type": "LineString", "coordinates": [ [ 100.7902122, 13.5687153 ], [ 100.7745072, 13.5550054 ], [ 100.7665343, 13.5569943 ], [ 100.7719838, 13.5556311 ], [ 100.7650443, 13.5582104 ], [ 100.7655936, 13.5603823 ], [ 100.7657707, 13.5609812 ], [ 100.7661303, 13.5624061 ], [ 100.7676004, 13.5629459 ], [ 100.7710006, 13.5620868 ], [ 100.7724284, 13.561738 ], [ 100.7788028, 13.5601363 ], [ 100.7807636, 13.559646 ], [ 100.7895933, 13.5605295 ], [ 100.791027, 13.5648371 ], [ 100.681635, 13.6495354 ], [ 100.6714653, 13.6552129 ], [ 100.6745226, 13.653537 ], [ 100.6667593, 13.6578103 ], [ 100.6626997, 13.6600769 ], [ 100.661104, 13.6609321 ], [ 100.6574731, 13.6626872 ], [ 100.6514167, 13.6640364 ], [ 100.6476995, 13.6647287 ], [ 100.7923341, 13.5688828 ], [ 100.7943272, 13.5755035 ], [ 100.7950147, 13.5775885 ], [ 100.7959161, 13.5804182 ], [ 100.7991707, 13.5858787 ], [ 100.8036512, 13.5915176 ], [ 100.6092009, 13.6795724 ], [ 100.6072515, 13.674826 ], [ 100.7948992, 13.5817196 ], [ 100.7943578, 13.5799903 ], [ 100.7933899, 13.5768693 ], [ 100.7908754, 13.5687915 ], [ 100.7912294, 13.5699124 ], [ 100.7915408, 13.570922 ], [ 100.792067, 13.5725735 ], [ 100.7867106, 13.5726668 ], [ 100.7883209, 13.5779453 ], [ 100.793375, 13.5832593 ], [ 100.7880596, 13.5693402 ], [ 100.6901064, 13.6448612 ], [ 100.6237998, 13.6694312 ], [ 100.6130084, 13.6715629 ], [ 100.7110807, 13.6333758 ], [ 100.6975235, 13.6408805 ], [ 100.6342886, 13.6673831 ] ] } },
{ "type": "Feature", "properties": { "route_id": 13986080, "name": "132 (3-14) สถานีรถไฟฟ้าอุดมสุข - เคหะบางพลี", "ref": "132 (3-14)", "from_stop": "", "to_stop": "", "operator": "TSB", "network": "TSB", "route_type": "bus", "coord_count": 35 }, "geometry": { "type": "LineString", "coordinates": [ [ 100.7750144, 13.5550287 ], [ 100.7898151, 13.5604364 ], [ 100.791526, 13.5655957 ], [ 100.7807211, 13.5595152 ], [ 100.7787675, 13.5600004 ], [ 100.7723913, 13.5616021 ], [ 100.770959, 13.5619604 ], [ 100.7675679, 13.5628175 ], [ 100.7662913, 13.5623774 ], [ 100.7658888, 13.5609265 ], [ 100.7657876, 13.5602583 ], [ 100.7651521, 13.5581353 ], [ 100.76634, 13.5572114 ], [ 100.7687587, 13.5566035 ], [ 100.7722285, 13.5557301 ], [ 100.799262, 13.5856256 ], [ 100.8038833, 13.5914186 ], [ 100.6105011, 13.6824802 ], [ 100.7948992, 13.5817196 ], [ 100.7943578, 13.5799903 ], [ 100.7933899, 13.5768693 ], [ 100.7908754, 13.5687915 ], [ 100.7912294, 13.5699124 ], [ 100.7915408, 13.570922 ], [ 100.792067, 13.5725735 ], [ 100.6819747, 13.6504671 ], [ 100.7113622, 13.6341727 ], [ 100.6978687, 13.6416334 ], [ 100.690784, 13.645592 ], [ 100.671983, 13.6559191 ], [ 100.6673985, 13.6584243 ], [ 100.6651133, 13.6597091 ], [ 100.6620182, 13.6614038 ], [ 100.6573968, 13.6636037 ], [ 100.6097014, 13.6800929 ] ] } },
{ "type": "Feature", "properties": { "route_id": 13986081, "name": "133 ปอ. (3-15) เคหะบางพลี - สถานีรถไฟฟ้าเอกมัย", "ref": "133 (3-15)", "from_stop": "", "to_stop": "", "operator": "", "network": "TSB", "route_type": "bus", "coord_count": 71 }, "geometry": { "type": "LineString", "coordinates": [ [ 100.7902122, 13.5687153 ], [ 100.7745072, 13.5550054 ], [ 100.5863715, 13.7187929 ], [ 100.6466899, 13.6879247 ], [ 100.6470189, 13.692069 ], [ 100.6472665, 13.6954968 ], [ 100.681635, 13.6495354 ], [ 100.6415496, 13.7260737 ], [ 100.6433883, 13.7134403 ], [ 100.6455466, 13.6732831 ], [ 100.6457845, 13.6768969 ], [ 100.6460664, 13.6800343 ], [ 100.6462869, 13.682874 ], [ 100.6464391, 13.6847888 ], [ 100.6476995, 13.6647287 ], [ 100.6514167, 13.6640364 ], [ 100.6574731, 13.6626872 ], [ 100.661104, 13.6609321 ], [ 100.6626997, 13.6600769 ], [ 100.6667593, 13.6578103 ], [ 100.6714653, 13.6552129 ], [ 100.6745226, 13.653537 ], [ 100.8036512, 13.5915176 ], [ 100.7991707, 13.5858787 ], [ 100.7959161, 13.5804182 ], [ 100.7950147, 13.5775885 ], [ 100.7943272, 13.5755035 ], [ 100.7923341, 13.5688828 ], [ 100.791027, 13.5648371 ], [ 100.7895933, 13.5605295 ], [ 100.7807636, 13.559646 ], [ 100.7788028, 13.5601363 ], [ 100.7724284, 13.561738 ], [ 100.7710006, 13.5620868 ], [ 100.7676004, 13.5629459 ], [ 100.7661303, 13.5624061 ], [ 100.7657707, 13.5609812 ], [ 100.7655936, 13.5603823 ], [ 100.7650443, 13.5582104 ], [ 100.7665343, 13.5569943 ], [ 100.7719838, 13.5556311 ], [ 100.6151719, 13.736209 ], [ 100.6436892, 13.6651787 ], [ 100.5842847, 13.7147347 ], [ 100.7948992, 13.5817196 ], [ 100.7943578, 13.5799903 ], [ 100.7933899, 13.5768693 ], [ 100.7908754, 13.5687915 ], [ 100.7912294, 13.5699124 ], [ 100.7915408, 13.570922 ], [ 100.792067, 13.5725735 ], [ 100.7867106, 13.5726668 ], [ 100.7883209, 13.5779453 ], [ 100.793375, 13.5832593 ], [ 100.7880596, 13.5693402 ], [ 100.6901064, 13.6448612 ], [ 100.7110807, 13.6333758 ], [ 100.6975235, 13.6408805 ], [ 100.5952678, 13.7160576 ], [ 100.6411514, 13.7312587 ], [ 100.6408932, 13.7344241 ], [ 100.6369858, 13.7359834 ], [ 100.6348268, 13.7362322 ], [ 100.6419241, 13.7209979 ], [ 100.6413702, 13.7286162 ], [ 100.6317759, 13.7366145 ], [ 100.6295813, 13.7367616 ], [ 100.6273021, 13.7370691 ], [ 100.646529, 13.7001074 ], [ 100.6453242, 13.7052302 ], [ 100.6446321, 13.7082412 ] ] } },
{ "type": "Feature", "properties": { "route_id": 13986082, "name": "133 ปอ. (3-15) สถานีรถไฟฟ้าเอกมัย - เคหะบางพลี", "ref": "133 (3-15)", "from_stop": "", "to_stop": "", "operator": "TSB", "network": "TSB", "route_type": "bus", "coord_count": 61 }, "geometry": { "type": "LineString", "coordinates": [ [ 100.7750144, 13.5550287 ], [ 100.5863715, 13.7187929 ], [ 100.8038833, 13.5914186 ], [ 100.799262, 13.5856256 ], [ 100.791526, 13.5655957 ], [ 100.7898151, 13.5604364 ], [ 100.7807211, 13.5595152 ], [ 100.7787675, 13.5600004 ], [ 100.7723913, 13.5616021 ], [ 100.770959, 13.5619604 ], [ 100.7675679, 13.5628175 ], [ 100.7651521, 13.5581353 ], [ 100.7657876, 13.5602583 ], [ 100.7658888, 13.5609265 ], [ 100.7662913, 13.5623774 ], [ 100.76634, 13.5572114 ], [ 100.7687587, 13.5566035 ], [ 100.7722285, 13.5557301 ], [ 100.7948992, 13.5817196 ], [ 100.7943578, 13.5799903 ], [ 100.7933899, 13.5768693 ], [ 100.7908754, 13.5687915 ], [ 100.7912294, 13.5699124 ], [ 100.7915408, 13.570922 ], [ 100.792067, 13.5725735 ], [ 100.6819747, 13.6504671 ], [ 100.7113622, 13.6341727 ], [ 100.6978687, 13.6416334 ], [ 100.690784, 13.645592 ], [ 100.671983, 13.6559191 ], [ 100.6673985, 13.6584243 ], [ 100.6651133, 13.6597091 ], [ 100.6620182, 13.6614038 ], [ 100.6573968, 13.6636037 ], [ 100.594993, 13.7157335 ], [ 100.5919572, 13.7148054 ], [ 100.5889859, 13.7169545 ], [ 100.5877235, 13.7178424 ], [ 100.6412937, 13.7341218 ], [ 100.6414699, 13.7316413 ], [ 100.6416601, 13.7291163 ], [ 100.6418569, 13.7263603 ], [ 100.642223, 13.7216115 ], [ 100.6437216, 13.7138078 ], [ 100.631924, 13.7368173 ], [ 100.6294285, 13.7371147 ], [ 100.6272718, 13.7373413 ], [ 100.6356568, 13.7363697 ], [ 100.6475975, 13.6951057 ], [ 100.6472589, 13.6909775 ], [ 100.6441601, 13.7117328 ], [ 100.6451079, 13.7076234 ], [ 100.6456551, 13.7052436 ], [ 100.6468386, 13.7001878 ], [ 100.6474342, 13.6976382 ], [ 100.6470558, 13.6883315 ], [ 100.6467305, 13.6842547 ], [ 100.6465373, 13.681799 ], [ 100.6463632, 13.6794556 ], [ 100.6460525, 13.6757497 ], [ 100.6458049, 13.672695 ] ] } },
{ "type": "Feature", "properties": { "route_id": 14031062, "name": "547 (4-63) บ้านเอื้ออาทรศาลายา - ถนนตก", "ref": "547 (4-63)", "from_stop": "", "to_stop": "", "operator": "smart bus", "network": "smart bus", "route_type": "bus", "coord_count": 71 }, "geometry": { "type": "LineString", "coordinates": [ [ 100.2697377, 13.8052715 ], [ 100.4788312, 13.7133221 ], [ 100.49627, 13.6982173 ], [ 100.4080676, 13.7109713 ], [ 100.4805101, 13.7088576 ], [ 100.4821454, 13.7071151 ], [ 100.3048908, 13.8025351 ], [ 100.3135565, 13.8018697 ], [ 100.3980186, 13.7101088 ], [ 100.2799441, 13.8047298 ], [ 100.3308041, 13.710667 ], [ 100.3304097, 13.7180715 ], [ 100.3308423, 13.7065522 ], [ 100.4871682, 13.7039902 ], [ 100.2837301, 13.8042411 ], [ 100.2908686, 13.8036082 ], [ 100.2943967, 13.8033427 ], [ 100.296526, 13.8031583 ], [ 100.2992994, 13.8029526 ], [ 100.3016232, 13.80278 ], [ 100.3162647, 13.8016635 ], [ 100.3183121, 13.8015433 ], [ 100.3223751, 13.8013683 ], [ 100.3242506, 13.8013088 ], [ 100.3275352, 13.7963165 ], [ 100.3276817, 13.7930165 ], [ 100.3281505, 13.7810693 ], [ 100.3285911, 13.7690721 ], [ 100.3287915, 13.7634784 ], [ 100.3284097, 13.7735029 ], [ 100.3752279, 13.7082761 ], [ 100.3772155, 13.7084293 ], [ 100.3798424, 13.7086413 ], [ 100.3825429, 13.708842 ], [ 100.3847004, 13.7090195 ], [ 100.3879537, 13.7093057 ], [ 100.3901666, 13.7094709 ], [ 100.3929381, 13.7096675 ], [ 100.3947038, 13.7098126 ], [ 100.3349765, 13.7049987 ], [ 100.3375088, 13.7052035 ], [ 100.3394443, 13.7053494 ], [ 100.3513438, 13.7062943 ], [ 100.3536094, 13.7065028 ], [ 100.3562352, 13.7066956 ], [ 100.3482992, 13.7060478 ], [ 100.3440211, 13.7057258 ], [ 100.3418351, 13.7055486 ], [ 100.3664754, 13.7075506 ], [ 100.3686949, 13.7077167 ], [ 100.3702123, 13.7078103 ], [ 100.3599371, 13.7070207 ], [ 100.3631364, 13.7072975 ], [ 100.4022927, 13.7104474 ], [ 100.4107104, 13.7111234 ], [ 100.4134491, 13.7113291 ], [ 100.4172049, 13.7116705 ], [ 100.4194539, 13.7118574 ], [ 100.424643, 13.7122477 ], [ 100.4780813, 13.7171457 ], [ 100.4752102, 13.7276647 ], [ 100.4612447, 13.7226666 ], [ 100.4598674, 13.7219364 ], [ 100.4652913, 13.7248821 ], [ 100.4688465, 13.7268395 ], [ 100.4714206, 13.7282511 ], [ 100.4959263, 13.6961334 ], [ 100.4938954, 13.6942909 ], [ 100.3273799, 13.799965 ], [ 100.3996976, 13.710252 ], [ 100.3722547, 13.7079991 ] ] } },
{ "type": "Feature", "properties": { "route_id": 14031063, "name": "547 (4-63) ถนนตก - บ้านเอื้ออาทรศาลายา", "ref": "547 (4-63)", "from_stop": "", "to_stop": "", "operator": "smart bus", "network": "smart bus", "route_type": "bus", "coord_count": 65 }, "geometry": { "type": "LineString", "coordinates": [ [ 100.2697377, 13.8052715 ], [ 100.4785061, 13.7133361 ], [ 100.3052267, 13.8023027 ], [ 100.312557, 13.8017401 ], [ 100.2797148, 13.8045349 ], [ 100.4008331, 13.7100093 ], [ 100.4963794, 13.697618 ], [ 100.3418472, 13.7052364 ], [ 100.3397286, 13.7050638 ], [ 100.3354166, 13.7047183 ], [ 100.3300342, 13.7173422 ], [ 100.4874186, 13.7034902 ], [ 100.4845309, 13.7052203 ], [ 100.4816895, 13.7070624 ], [ 100.4800866, 13.7088726 ], [ 100.3013479, 13.8025832 ], [ 100.2993164, 13.8027536 ], [ 100.2963772, 13.8029912 ], [ 100.2934161, 13.8031863 ], [ 100.2902871, 13.8034324 ], [ 100.3151637, 13.8015524 ], [ 100.3176993, 13.8013338 ], [ 100.322486, 13.8011063 ], [ 100.3245377, 13.8010207 ], [ 100.3269672, 13.8001962 ], [ 100.3270935, 13.7969694 ], [ 100.3272267, 13.7927195 ], [ 100.3281844, 13.7689689 ], [ 100.3284357, 13.7619127 ], [ 100.3280582, 13.7723195 ], [ 100.3925324, 13.7093281 ], [ 100.3846241, 13.7086845 ], [ 100.3829899, 13.7085373 ], [ 100.3802697, 13.7083171 ], [ 100.37765, 13.7081124 ], [ 100.3748045, 13.7078634 ], [ 100.3977491, 13.7097635 ], [ 100.3945693, 13.7094894 ], [ 100.3901933, 13.7091508 ], [ 100.3875957, 13.7089522 ], [ 100.3694755, 13.707462 ], [ 100.3667635, 13.7072765 ], [ 100.3441421, 13.7054209 ], [ 100.3485002, 13.7057934 ], [ 100.3514156, 13.7060382 ], [ 100.3537077, 13.7061933 ], [ 100.3562994, 13.7064098 ], [ 100.360474, 13.7067577 ], [ 100.3628619, 13.7069338 ], [ 100.416747, 13.7112973 ], [ 100.4140816, 13.7111005 ], [ 100.4117884, 13.7108803 ], [ 100.4096173, 13.7107115 ], [ 100.4195635, 13.7115402 ], [ 100.4234917, 13.7118764 ], [ 100.4270222, 13.7121635 ], [ 100.4777882, 13.716909 ], [ 100.4748823, 13.7275749 ], [ 100.4628853, 13.7232331 ], [ 100.4652619, 13.7245379 ], [ 100.4693873, 13.726783 ], [ 100.4718274, 13.728066 ], [ 100.4597039, 13.7215307 ], [ 100.4943274, 13.6947957 ], [ 100.4957953, 13.696151 ] ] } },
{ "type": "Feature", "properties": { "route_id": 14032428, "name": "205 อู่คลองเตย - เดอะมอลล์ท่าพระ", "ref": "205", "from_stop": "", "to_stop": "", "operator": "BMTA", "network": "BMTA", "route_type": "bus", "coord_count": 42 }, "geometry": { "type": "LineString", "coordinates": [ [ 100.47754, 13.7155577 ], [ 100.4785061, 13.7133361 ], [ 100.5654237, 13.7157595 ], [ 100.5611837, 13.7161696 ], [ 100.4963794, 13.697618 ], [ 100.5579154, 13.7195849 ], [ 100.5056348, 13.6896848 ], [ 100.4978449, 13.6960059 ], [ 100.5044438, 13.6899628 ], [ 100.5078604, 13.6895191 ], [ 100.5007357, 13.6929205 ], [ 100.5585977, 13.7193262 ], [ 100.4874186, 13.7034902 ], [ 100.4816895, 13.7070624 ], [ 100.4800866, 13.7088726 ], [ 100.4845309, 13.7052203 ], [ 100.5475919, 13.7062184 ], [ 100.557334, 13.7163573 ], [ 100.5509596, 13.7100185 ], [ 100.5021511, 13.6914096 ], [ 100.5112178, 13.6892326 ], [ 100.5132916, 13.688665 ], [ 100.5164732, 13.6876408 ], [ 100.5189002, 13.6864515 ], [ 100.526317, 13.6814003 ], [ 100.5236361, 13.6834409 ], [ 100.5297172, 13.6781314 ], [ 100.5321711, 13.6758973 ], [ 100.534501, 13.6743627 ], [ 100.5361006, 13.6736472 ], [ 100.5401543, 13.6728945 ], [ 100.5435326, 13.6742447 ], [ 100.5478828, 13.6809509 ], [ 100.5468444, 13.6780839 ], [ 100.5452884, 13.6757438 ], [ 100.5481379, 13.6847507 ], [ 100.548169, 13.6827858 ], [ 100.5480505, 13.6866514 ], [ 100.5477933, 13.6896543 ], [ 100.5475981, 13.6925967 ], [ 100.5463327, 13.6981383 ], [ 100.5459568, 13.7028245 ] ] } },
{ "type": "Feature", "properties": { "route_id": 14032429, "name": "205 เดอะมอลล์ท่าพระ - อู่คลองเตย", "ref": "205", "from_stop": "", "to_stop": "", "operator": "BMTA", "network": "BMTA", "route_type": "bus", "coord_count": 41 }, "geometry": { "type": "LineString", "coordinates": [ [ 100.47754, 13.7155577 ], [ 100.4772665, 13.7202925 ], [ 100.4788312, 13.7133221 ], [ 100.4805101, 13.7088576 ], [ 100.4821454, 13.7071151 ], [ 100.5654237, 13.7157595 ], [ 100.49627, 13.6982173 ], [ 100.4978287, 13.6966129 ], [ 100.5008442, 13.6934316 ], [ 100.5026846, 13.6914792 ], [ 100.5040009, 13.6905776 ], [ 100.5069697, 13.6899899 ], [ 100.5106831, 13.6897117 ], [ 100.5139087, 13.688898 ], [ 100.5166484, 13.6879993 ], [ 100.4871682, 13.7039902 ], [ 100.5478698, 13.7072521 ], [ 100.5510058, 13.7104303 ], [ 100.4780813, 13.7171457 ], [ 100.4777882, 13.716909 ], [ 100.5187486, 13.6869996 ], [ 100.5282816, 13.6801069 ], [ 100.5269117, 13.6814424 ], [ 100.5248868, 13.6830107 ], [ 100.5234175, 13.6841288 ], [ 100.5300069, 13.6784533 ], [ 100.5320024, 13.6765723 ], [ 100.5349831, 13.6746052 ], [ 100.5401807, 13.6733112 ], [ 100.5427664, 13.6742185 ], [ 100.545343, 13.6764878 ], [ 100.5467022, 13.6787015 ], [ 100.5474641, 13.6810971 ], [ 100.5474641, 13.6810971 ], [ 100.5477503, 13.6832052 ], [ 100.5475583, 13.6869426 ], [ 100.5473802, 13.6893233 ], [ 100.5471327, 13.6931083 ], [ 100.5456563, 13.698951 ], [ 100.5456501, 13.7034186 ], [ 100.5637676, 13.7153716 ] ] } },
{ "type": "Feature", "properties": { "route_id": 14082037, "name": "80 (4-43) วัดศรีนวลธรรมวิมล - สนามหลวง", "ref": "80 (4-43)", "from_stop": "", "to_stop": "", "operator": "BMTA", "network": "BMTA", "route_type": "bus", "coord_count": 51 }, "geometry": { "type": "LineString", "coordinates": [ [ 100.492562, 13.7565688 ], [ 100.4884052, 13.7656139 ], [ 100.484065, 13.7711293 ], [ 100.3980186, 13.7101088 ], [ 100.4690924, 13.7578341 ], [ 100.4080676, 13.7109713 ], [ 100.3442946, 13.6817308 ], [ 100.3438479, 13.6835768 ], [ 100.3428247, 13.6877637 ], [ 100.3416381, 13.6933858 ], [ 100.3424053, 13.6894561 ], [ 100.3418472, 13.7052364 ], [ 100.469533, 13.7589915 ], [ 100.4723327, 13.7623299 ], [ 100.4765228, 13.7672746 ], [ 100.4780998, 13.7691251 ], [ 100.4791446, 13.7703343 ], [ 100.3752279, 13.7082761 ], [ 100.3772155, 13.7084293 ], [ 100.3798424, 13.7086413 ], [ 100.3825429, 13.708842 ], [ 100.3847004, 13.7090195 ], [ 100.3879537, 13.7093057 ], [ 100.3901666, 13.7094709 ], [ 100.3929381, 13.7096675 ], [ 100.3947038, 13.7098126 ], [ 100.3513438, 13.7062943 ], [ 100.3536094, 13.7065028 ], [ 100.3562352, 13.7066956 ], [ 100.3482992, 13.7060478 ], [ 100.3440211, 13.7057258 ], [ 100.3418351, 13.7055486 ], [ 100.3664754, 13.7075506 ], [ 100.3686949, 13.7077167 ], [ 100.3702123, 13.7078103 ], [ 100.3599371, 13.7070207 ], [ 100.3631364, 13.7072975 ], [ 100.4022927, 13.7104474 ], [ 100.4107104, 13.7111234 ], [ 100.4134491, 13.7113291 ], [ 100.4172049, 13.7116705 ], [ 100.4194539, 13.7118574 ], [ 100.424643, 13.7122477 ], [ 100.4612447, 13.7226666 ], [ 100.4598674, 13.7219364 ], [ 100.4652913, 13.7248821 ], [ 100.4688465, 13.7268395 ], [ 100.4714206, 13.7282511 ], [ 100.3996976, 13.710252 ], [ 100.3722547, 13.7079991 ], [ 100.4339161, 13.7129821 ] ] } },
{ "type": "Feature", "properties": { "route_id": 14082038, "name": "80 (4-43) สนามหลวง - วัดศรีนวลธรรมวิมล", "ref": "80 (4-43)", "from_stop": "", "to_stop": "", "operator": "BMTA", "network": "BMTA", "route_type": "bus", "coord_count": 53 }, "geometry": { "type": "LineString", "coordinates": [ [ 100.492562, 13.7565688 ], [ 100.4879947, 13.7652886 ], [ 100.4938507, 13.7545279 ], [ 100.4895528, 13.7528056 ], [ 100.4835788, 13.7709813 ], [ 100.490084, 13.7560677 ], [ 100.4008331, 13.7100093 ], [ 100.4715503, 13.7610637 ], [ 100.470841, 13.7403082 ], [ 100.469303, 13.7575512 ], [ 100.3443584, 13.6819585 ], [ 100.3438895, 13.6838721 ], [ 100.3430283, 13.6874383 ], [ 100.3422982, 13.6904321 ], [ 100.341773, 13.6931946 ], [ 100.4734043, 13.7632374 ], [ 100.4699833, 13.7592066 ], [ 100.4795292, 13.7703867 ], [ 100.4783051, 13.7689734 ], [ 100.4767963, 13.7672144 ], [ 100.3925324, 13.7093281 ], [ 100.3846241, 13.7086845 ], [ 100.3829899, 13.7085373 ], [ 100.3802697, 13.7083171 ], [ 100.37765, 13.7081124 ], [ 100.3748045, 13.7078634 ], [ 100.3977491, 13.7097635 ], [ 100.3945693, 13.7094894 ], [ 100.3901933, 13.7091508 ], [ 100.3875957, 13.7089522 ], [ 100.3694755, 13.707462 ], [ 100.3667635, 13.7072765 ], [ 100.3441421, 13.7054209 ], [ 100.3485002, 13.7057934 ], [ 100.3514156, 13.7060382 ], [ 100.3537077, 13.7061933 ], [ 100.3562994, 13.7064098 ], [ 100.360474, 13.7067577 ], [ 100.3628619, 13.7069338 ], [ 100.416747, 13.7112973 ], [ 100.4140816, 13.7111005 ], [ 100.4117884, 13.7108803 ], [ 100.4096173, 13.7107115 ], [ 100.4195635, 13.7115402 ], [ 100.4234917, 13.7118764 ], [ 100.4270222, 13.7121635 ], [ 100.4628853, 13.7232331 ], [ 100.4652619, 13.7245379 ], [ 100.4693873, 13.726783 ], [ 100.4718274, 13.728066 ], [ 100.4597039, 13.7215307 ], [ 100.4729093, 13.7322 ], [ 100.4719565, 13.7340095 ] ] } },
{ "type": "Feature", "properties": { "route_id": 14082040, "name": "60 (1-38) อู่สวนสยาม - สถานีรถไฟฟ้าสนามไชย", "ref": "60 (1-38)", "from_stop": "", "to_stop": "", "operator": "BMTA", "network": "BMTA", "route_type": "bus", "coord_count": 57 }, "geometry": { "type": "LineString", "coordinates": [ [ 100.506975, 13.7563015 ], [ 100.4939627, 13.7537199 ], [ 100.4979883, 13.7572484 ], [ 100.500132, 13.756808 ], [ 100.6761986, 13.8251238 ], [ 100.6534588, 13.8173048 ], [ 100.6861021, 13.8158061 ], [ 100.6828773, 13.8188483 ], [ 100.651357, 13.8124586 ], [ 100.6946451, 13.8010179 ], [ 100.496165, 13.7460424 ], [ 100.5424351, 13.7496752 ], [ 100.5190499, 13.7568185 ], [ 100.5142729, 13.7564903 ], [ 100.5113722, 13.7563974 ], [ 100.5465767, 13.74945 ], [ 100.6909196, 13.8015679 ], [ 100.690967, 13.8024292 ], [ 100.6914685, 13.8045593 ], [ 100.5384927, 13.7507609 ], [ 100.4939029, 13.7507195 ], [ 100.4944932, 13.7556427 ], [ 100.5038548, 13.7560264 ], [ 100.6803089, 13.821243 ], [ 100.6716961, 13.8294823 ], [ 100.6690947, 13.8320225 ], [ 100.6666797, 13.8343748 ], [ 100.6650098, 13.8359993 ], [ 100.6876565, 13.8123549 ], [ 100.6891392, 13.8102515 ], [ 100.6902403, 13.8087098 ], [ 100.6426949, 13.7622391 ], [ 100.6403755, 13.7620057 ], [ 100.6367027, 13.7616002 ], [ 100.6334772, 13.7612301 ], [ 100.6306998, 13.7609139 ], [ 100.6260065, 13.7603756 ], [ 100.6160354, 13.7577153 ], [ 100.6213153, 13.7598292 ], [ 100.6146753, 13.7563712 ], [ 100.6127055, 13.7543645 ], [ 100.650216, 13.7878096 ], [ 100.6488289, 13.7857635 ], [ 100.6537335, 13.7739216 ], [ 100.6531951, 13.7756697 ], [ 100.6519915, 13.7782109 ], [ 100.6502467, 13.7808911 ], [ 100.6492537, 13.782197 ], [ 100.646609, 13.7660442 ], [ 100.6541409, 13.7720165 ], [ 100.6507827, 13.76788 ], [ 100.6490265, 13.7665288 ], [ 100.5279643, 13.7544814 ], [ 100.5244766, 13.7557325 ], [ 100.5350454, 13.751988 ], [ 100.6522215, 13.8144601 ], [ 100.5875818, 13.7440086 ] ] } },
{ "type": "Feature", "properties": { "route_id": 14082041, "name": "60 (1-38) สถานีรถไฟฟ้าสนามไชย - อู่สวนสยาม", "ref": "60 (1-38)", "from_stop": "", "to_stop": "", "operator": "BMTA", "network": "BMTA", "route_type": "bus", "coord_count": 69 }, "geometry": { "type": "LineString", "coordinates": [ [ 100.6946451, 13.8010179 ], [ 100.5071075, 13.756458 ], [ 100.4938507, 13.7545279 ], [ 100.4976122, 13.7577995 ], [ 100.5440419, 13.7496272 ], [ 100.4956964, 13.7455187 ], [ 100.5096768, 13.7573124 ], [ 100.5132685, 13.7596619 ], [ 100.5149102, 13.7580755 ], [ 100.496165, 13.7460424 ], [ 100.5190244, 13.7570015 ], [ 100.677316, 13.8247325 ], [ 100.5358051, 13.7519312 ], [ 100.5372978, 13.7513989 ], [ 100.5470113, 13.7497072 ], [ 100.6522067, 13.8150022 ], [ 100.69156, 13.8061469 ], [ 100.5002565, 13.7572674 ], [ 100.6801851, 13.8219898 ], [ 100.6833125, 13.8189648 ], [ 100.6846966, 13.8176446 ], [ 100.6862984, 13.8161206 ], [ 100.6704941, 13.8311564 ], [ 100.6675676, 13.8339778 ], [ 100.6658056, 13.8356785 ], [ 100.6872917, 13.8133438 ], [ 100.6886772, 13.8113391 ], [ 100.6905447, 13.8087052 ], [ 100.6914665, 13.8024575 ], [ 100.6144771, 13.7565013 ], [ 100.6125138, 13.7545597 ], [ 100.6180964, 13.7595569 ], [ 100.6228216, 13.7602484 ], [ 100.6270932, 13.7607263 ], [ 100.6313122, 13.7612199 ], [ 100.6347865, 13.7616055 ], [ 100.6380937, 13.761999 ], [ 100.6394807, 13.7621509 ], [ 100.6454953, 13.7635099 ], [ 100.6485826, 13.7858451 ], [ 100.6495716, 13.7872745 ], [ 100.6493949, 13.7671173 ], [ 100.6510395, 13.7684924 ], [ 100.6523677, 13.7699679 ], [ 100.6536705, 13.7717574 ], [ 100.6481321, 13.7833739 ], [ 100.6494823, 13.7816968 ], [ 100.6506467, 13.7801135 ], [ 100.6520647, 13.7777688 ], [ 100.6531437, 13.7754254 ], [ 100.6534342, 13.7742579 ], [ 100.5277878, 13.7547817 ], [ 100.5246078, 13.7559216 ], [ 100.6068141, 13.7489683 ], [ 100.609143, 13.7511958 ], [ 100.6512584, 13.8128645 ], [ 100.4957862, 13.7437426 ], [ 100.4945426, 13.7441732 ], [ 100.4963604, 13.7469444 ], [ 100.495062, 13.74728 ], [ 100.6478524, 13.802478 ], [ 100.6480927, 13.8058725 ], [ 100.6494254, 13.808625 ], [ 100.573957, 13.747317 ], [ 100.5788856, 13.7462029 ], [ 100.5854489, 13.7447176 ], [ 100.588783, 13.7439464 ], [ 100.5925366, 13.7431148 ], [ 100.5954821, 13.7424683 ] ] } },
{ "type": "Feature", "properties": { "route_id": 14082716, "name": "26 (1-36) มีนบุรี - รามอินทรา - หมอชิต 2", "ref": "26 (1-36)", "from_stop": "", "to_stop": "", "operator": "BMTA", "network": "BMTA", "route_type": "bus", "coord_count": 51 }, "geometry": { "type": "LineString", "coordinates": [ [ 100.7287835, 13.8142683 ], [ 100.55669, 13.8072755 ], [ 100.5551092, 13.8045801 ], [ 100.6761986, 13.8251238 ], [ 100.5615517, 13.8155358 ], [ 100.5767843, 13.8414677 ], [ 100.5847357, 13.8550184 ], [ 100.5928039, 13.8686929 ], [ 100.5948514, 13.8721725 ], [ 100.5912653, 13.8660849 ], [ 100.5896585, 13.8633715 ], [ 100.6013372, 13.871433 ], [ 100.5994714, 13.8724065 ], [ 100.6130199, 13.8651342 ], [ 100.6103701, 13.8665532 ], [ 100.6062097, 13.8688139 ], [ 100.6046439, 13.8696555 ], [ 100.6417974, 13.8496085 ], [ 100.6666797, 13.8343748 ], [ 100.6650098, 13.8359993 ], [ 100.6579934, 13.8408381 ], [ 100.6567247, 13.8415246 ], [ 100.6530355, 13.843515 ], [ 100.6499129, 13.8451544 ], [ 100.6469255, 13.846845 ], [ 100.6690947, 13.8320225 ], [ 100.6716961, 13.8294823 ], [ 100.6803089, 13.821243 ], [ 100.7001984, 13.8125468 ], [ 100.6949838, 13.8125567 ], [ 100.6916625, 13.8125712 ], [ 100.6861021, 13.8158061 ], [ 100.6828773, 13.8188483 ], [ 100.7257145, 13.812366 ], [ 100.723431, 13.8123639 ], [ 100.7199942, 13.8124319 ], [ 100.5670452, 13.8249185 ], [ 100.5655041, 13.8223302 ], [ 100.563992, 13.8197434 ], [ 100.5629618, 13.8179263 ], [ 100.5746331, 13.8378371 ], [ 100.5730666, 13.8352154 ], [ 100.5414578, 13.799013 ], [ 100.5431934, 13.8040442 ], [ 100.5407277, 13.8046313 ], [ 100.5425607, 13.7978536 ], [ 100.5478544, 13.7979075 ], [ 100.548221, 13.7989218 ], [ 100.5481727, 13.8007799 ], [ 100.5479754, 13.8053937 ], [ 100.5480648, 13.8109833 ] ] } },
{ "type": "Feature", "properties": { "route_id": 14082717, "name": "26 (1-36) หมอชิต 2 - รามอินทรา - มีนบุรี", "ref": "26 (1-36)", "from_stop": "", "to_stop": "", "operator": "BMTA", "network": "BMTA", "route_type": "bus", "coord_count": 47 }, "geometry": { "type": "LineString", "coordinates": [ [ 100.7278696, 13.8145556 ], [ 100.561455, 13.8161295 ], [ 100.5480648, 13.8109833 ], [ 100.5493186, 13.8132289 ], [ 100.5534966, 13.8027584 ], [ 100.557207, 13.8088892 ], [ 100.677316, 13.8247325 ], [ 100.5635104, 13.8194088 ], [ 100.5765011, 13.8415917 ], [ 100.5853146, 13.8564997 ], [ 100.593655, 13.8706376 ], [ 100.5541188, 13.8037679 ], [ 100.5924629, 13.8685972 ], [ 100.5903535, 13.8650291 ], [ 100.5890188, 13.8628171 ], [ 100.6017377, 13.8716413 ], [ 100.5999859, 13.8725306 ], [ 100.597545, 13.8741702 ], [ 100.6047974, 13.8699325 ], [ 100.6071603, 13.8686562 ], [ 100.6105721, 13.866823 ], [ 100.613327, 13.8653543 ], [ 100.643906, 13.848852 ], [ 100.6463793, 13.8474975 ], [ 100.6484363, 13.8463863 ], [ 100.6533181, 13.8437301 ], [ 100.6567568, 13.8418628 ], [ 100.6580897, 13.8411441 ], [ 100.6658056, 13.8356785 ], [ 100.6675676, 13.8339778 ], [ 100.6704941, 13.8311564 ], [ 100.6801851, 13.8219898 ], [ 100.6833125, 13.8189648 ], [ 100.6846966, 13.8176446 ], [ 100.6862984, 13.8161206 ], [ 100.6915793, 13.8129303 ], [ 100.6944097, 13.8129181 ], [ 100.7001063, 13.8128672 ], [ 100.719756, 13.8127605 ], [ 100.7223135, 13.812721 ], [ 100.7255713, 13.8126489 ], [ 100.5483789, 13.8043055 ], [ 100.5484477, 13.8016321 ], [ 100.5485475, 13.7991581 ], [ 100.5482086, 13.8081416 ], [ 100.5407277, 13.8046313 ], [ 100.5431934, 13.8040442 ] ] } },
{ "type": "Feature", "properties": { "route_id": 14084373, "name": "6 ปอ. (4-1) พระประแดง - บางลำพู", "ref": "6 (4-1)", "from_stop": "", "to_stop": "", "operator": "", "network": "TSB", "route_type": "bus", "coord_count": 32 }, "geometry": { "type": "LineString", "coordinates": [ [ 100.4921642, 13.7597612 ], [ 100.4938507, 13.7545279 ], [ 100.5351079, 13.6592588 ], [ 100.5312832, 13.6603405 ], [ 100.5276795, 13.6604813 ], [ 100.5088119, 13.7277657 ], [ 100.5023139, 13.6821188 ], [ 100.4987602, 13.7429789 ], [ 100.4972665, 13.7360541 ], [ 100.5266415, 13.6652523 ], [ 100.5261144, 13.666054 ], [ 100.5249441, 13.6661764 ], [ 100.5232623, 13.6671794 ], [ 100.5217902, 13.6679713 ], [ 100.5205405, 13.6679904 ], [ 100.5269589, 13.6614709 ], [ 100.5269759, 13.6640992 ], [ 100.5189588, 13.670141 ], [ 100.5180062, 13.673552 ], [ 100.5170086, 13.6752728 ], [ 100.5151516, 13.6766497 ], [ 100.5139445, 13.6774453 ], [ 100.5125259, 13.678227 ], [ 100.5091008, 13.6801518 ], [ 100.5068168, 13.681189 ], [ 100.5023139, 13.6821188 ], [ 100.4998387, 13.682603 ], [ 100.4954829, 13.6845377 ], [ 100.4938833, 13.6856006 ], [ 100.495062, 13.74728 ], [ 100.4887362, 13.6893865 ], [ 100.486207, 13.696797 ] ] } },
{ "type": "Feature", "properties": { "route_id": 14084374, "name": "6 ปอ. (4-1) บางลำพู - พระประแดง", "ref": "6 (4-1)", "from_stop": "", "to_stop": "", "operator": "", "network": "TSB", "route_type": "bus", "coord_count": 37 }, "geometry": { "type": "LineString", "coordinates": [ [ 100.4921642, 13.7597612 ], [ 100.5351079, 13.6592588 ], [ 100.4979883, 13.7572484 ], [ 100.4967343, 13.7607004 ], [ 100.4933394, 13.7620149 ], [ 100.4943947, 13.7628333 ], [ 100.4944932, 13.7556427 ], [ 100.4939627, 13.7537199 ], [ 100.4939029, 13.7507195 ], [ 100.499051, 13.743369 ], [ 100.5089638, 13.7280992 ], [ 100.509106, 13.7226233 ], [ 100.5204827, 13.668069 ], [ 100.5218229, 13.6680677 ], [ 100.5232765, 13.667286 ], [ 100.5248974, 13.6663523 ], [ 100.5261039, 13.6661471 ], [ 100.5267108, 13.6653646 ], [ 100.5270891, 13.6640834 ], [ 100.5270477, 13.6614641 ], [ 100.5286925, 13.6607107 ], [ 100.5326665, 13.6598733 ], [ 100.5125917, 13.6784387 ], [ 100.5140754, 13.6775553 ], [ 100.5151861, 13.6768857 ], [ 100.5171398, 13.6755246 ], [ 100.5182227, 13.6736276 ], [ 100.5190623, 13.6708165 ], [ 100.5193615, 13.6693037 ], [ 100.5069401, 13.6813949 ], [ 100.5093308, 13.6803134 ], [ 100.5106649, 13.6795486 ], [ 100.5028, 13.6823132 ], [ 100.5004014, 13.6826167 ], [ 100.4938138, 13.6860037 ], [ 100.4888411, 13.6895554 ], [ 100.4864035, 13.6969609 ] ] } },
{ "type": "Feature", "properties": { "route_id": 14089080, "name": "519 (1-57) มีนบุรี - ท่าเรือคลองเตย", "ref": "519 (1-57)", "from_stop": "", "to_stop": "", "operator": "BMTA", "network": "BMTA", "route_type": "bus", "coord_count": 67 }, "geometry": { "type": "LineString", "coordinates": [ [ 100.7255713, 13.8126489 ], [ 100.563743, 13.7097638 ], [ 100.6416771, 13.7371996 ], [ 100.6418569, 13.7263603 ], [ 100.5646709, 13.7130565 ], [ 100.5579154, 13.7195849 ], [ 100.738566, 13.8130985 ], [ 100.7423705, 13.8151711 ], [ 100.7412954, 13.814574 ], [ 100.7349039, 13.8162661 ], [ 100.7350768, 13.8164398 ], [ 100.5797969, 13.7134499 ], [ 100.576481, 13.7148747 ], [ 100.5947883, 13.7125226 ], [ 100.7317383, 13.8134985 ], [ 100.733039, 13.8142192 ], [ 100.7344313, 13.8149988 ], [ 100.6435503, 13.745329 ], [ 100.6442084, 13.7479094 ], [ 100.6456728, 13.7529713 ], [ 100.6460633, 13.7553679 ], [ 100.6458098, 13.758516 ], [ 100.6456115, 13.761129 ], [ 100.6412937, 13.7341218 ], [ 100.6414699, 13.7316413 ], [ 100.6416601, 13.7291163 ], [ 100.642223, 13.7216115 ], [ 100.7356534, 13.8114945 ], [ 100.7341256, 13.8106667 ], [ 100.727218, 13.8064788 ], [ 100.7257731, 13.8048067 ], [ 100.7241772, 13.8035861 ], [ 100.7218436, 13.8024309 ], [ 100.7201573, 13.8015713 ], [ 100.7170241, 13.8000016 ], [ 100.7137575, 13.7983846 ], [ 100.7111816, 13.7971125 ], [ 100.7053669, 13.7941982 ], [ 100.7034259, 13.7931631 ], [ 100.7010795, 13.7918987 ], [ 100.6993464, 13.790906 ], [ 100.6957538, 13.788934 ], [ 100.673756, 13.7768254 ], [ 100.6713749, 13.7755476 ], [ 100.6690175, 13.7742383 ], [ 100.6671611, 13.7732151 ], [ 100.6641386, 13.7714362 ], [ 100.6627463, 13.7705423 ], [ 100.6602335, 13.769041 ], [ 100.658284, 13.7677885 ], [ 100.6477634, 13.762836 ], [ 100.6512489, 13.7638817 ], [ 100.6539021, 13.7652068 ], [ 100.655128, 13.7658974 ], [ 100.681177, 13.7809509 ], [ 100.6787766, 13.7796236 ], [ 100.6935446, 13.7877408 ], [ 100.6914209, 13.7865492 ], [ 100.6896206, 13.7855881 ], [ 100.5659579, 13.7193197 ], [ 100.5636833, 13.7189987 ], [ 100.5597658, 13.7197944 ], [ 100.5641338, 13.7096121 ], [ 100.5831506, 13.720841 ], [ 100.581136, 13.7222791 ], [ 100.5807658, 13.7189001 ], [ 100.560538, 13.7166804 ] ] } },
{ "type": "Feature", "properties": { "route_id": 14089257, "name": "519 (1-57) ท่าเรือคลองเตย - มีนบุรี", "ref": "519 (1-57)", "from_stop": "", "to_stop": "", "operator": "BMTA", "network": "BMTA", "route_type": "bus", "coord_count": 61 }, "geometry": { "type": "LineString", "coordinates": [ [ 100.7257145, 13.812366 ], [ 100.563743, 13.7097638 ], [ 100.5632989, 13.7152921 ], [ 100.5608084, 13.7196638 ], [ 100.6411981, 13.7374181 ], [ 100.6415496, 13.7260737 ], [ 100.6433883, 13.7134403 ], [ 100.5644109, 13.7131822 ], [ 100.5577735, 13.7189145 ], [ 100.5611837, 13.7161696 ], [ 100.5824055, 13.7131264 ], [ 100.58013, 13.7135602 ], [ 100.5775888, 13.7146636 ], [ 100.5759589, 13.7153733 ], [ 100.5954353, 13.7123469 ], [ 100.7343855, 13.8147992 ], [ 100.7330963, 13.8140918 ], [ 100.7319224, 13.8134168 ], [ 100.6432185, 13.745148 ], [ 100.6441472, 13.7487351 ], [ 100.6458072, 13.7554508 ], [ 100.6456388, 13.7577573 ], [ 100.6411514, 13.7312587 ], [ 100.6408932, 13.7344241 ], [ 100.6419241, 13.7209979 ], [ 100.6413702, 13.7286162 ], [ 100.7254032, 13.804914 ], [ 100.7270768, 13.8069173 ], [ 100.7350026, 13.8115906 ], [ 100.7228947, 13.8033806 ], [ 100.720887, 13.8023623 ], [ 100.719151, 13.8015551 ], [ 100.7169898, 13.8004746 ], [ 100.7024582, 13.7930388 ], [ 100.7051697, 13.7945017 ], [ 100.7096791, 13.7968098 ], [ 100.7112352, 13.7975566 ], [ 100.7141465, 13.7990611 ], [ 100.6958777, 13.7894152 ], [ 100.6991149, 13.7911913 ], [ 100.6477063, 13.7630536 ], [ 100.649247, 13.7633597 ], [ 100.6506763, 13.7639229 ], [ 100.6538315, 13.7654607 ], [ 100.656019, 13.7666778 ], [ 100.671153, 13.7758019 ], [ 100.6688931, 13.7745599 ], [ 100.6650959, 13.7723372 ], [ 100.663095, 13.771057 ], [ 100.6601024, 13.7692484 ], [ 100.6580956, 13.767958 ], [ 100.6748841, 13.7778433 ], [ 100.6790881, 13.7801554 ], [ 100.6812234, 13.7813636 ], [ 100.6891369, 13.7857123 ], [ 100.6930897, 13.7878814 ], [ 100.5842847, 13.7147347 ], [ 100.5863715, 13.7187929 ], [ 100.5877235, 13.7178424 ], [ 100.5889859, 13.7169545 ], [ 100.5919572, 13.7148054 ] ] } },
{ "type": "Feature", "properties": { "route_id": 14100852, "name": "3-16E (139 ปอ.) ม.รามคำแหง 2 - อนุสาวรีย์ชัยสมรภูมิ", "ref": "3-16E (139)", "from_stop": "", "to_stop": "", "operator": "Paisan Samukkee Transport", "network": "DLT", "route_type": "bus", "coord_count": 30 }, "geometry": { "type": "LineString", "coordinates": [ [ 100.5384722, 13.7641638 ], [ 100.6871767, 13.6712523 ], [ 100.5416766, 13.7533375 ], [ 100.6843943, 13.6702054 ], [ 100.6839218, 13.6689099 ], [ 100.6833551, 13.6672655 ], [ 100.6822107, 13.6637508 ], [ 100.6814476, 13.6613143 ], [ 100.6773446, 13.6543784 ], [ 100.6745226, 13.653537 ], [ 100.5406868, 13.7637208 ], [ 100.5465767, 13.74945 ], [ 100.5424351, 13.7496752 ], [ 100.6020308, 13.6941122 ], [ 100.6044723, 13.6951538 ], [ 100.6071962, 13.6926295 ], [ 100.6102722, 13.6826944 ], [ 100.6098667, 13.6812281 ], [ 100.6103245, 13.6850936 ], [ 100.6095124, 13.6879477 ], [ 100.6081481, 13.6907683 ], [ 100.6180447, 13.6705498 ], [ 100.6212377, 13.6699114 ], [ 100.6417801, 13.6659104 ], [ 100.6476995, 13.6647287 ], [ 100.6514167, 13.6640364 ], [ 100.6574731, 13.6626872 ], [ 100.5424022, 13.7608296 ], [ 100.6237998, 13.6694312 ], [ 100.6342886, 13.6673831 ] ] } },
{ "type": "Feature", "properties": { "route_id": 14100853, "name": "3-16E (139 ปอ.) อนุสาวรีย์ชัยสมรภูมิ - ม.รามคำแหง 2", "ref": "3-16E (139)", "from_stop": "", "to_stop": "", "operator": "Paisan Samukkee Transport", "network": "DLT", "route_type": "bus", "coord_count": 17 }, "geometry": { "type": "LineString", "coordinates": [ [ 100.5384722, 13.7641638 ], [ 100.6871767, 13.6712523 ], [ 100.6097014, 13.6800929 ], [ 100.5440419, 13.7496272 ], [ 100.5358051, 13.7519312 ], [ 100.5372978, 13.7513989 ], [ 100.6843885, 13.6705582 ], [ 100.6837862, 13.6689312 ], [ 100.6830323, 13.6667809 ], [ 100.682146, 13.6639933 ], [ 100.603363, 13.6948262 ], [ 100.6010518, 13.6938622 ], [ 100.6105011, 13.6824802 ], [ 100.5352911, 13.7592845 ], [ 100.5366969, 13.7618132 ], [ 100.5327982, 13.7548007 ], [ 100.5337995, 13.756611 ] ] } },
{ "type": "Feature", "properties": { "route_id": 14123275, "name": "520 มีนบุรี - ตลาดไท", "ref": "520", "from_stop": "", "to_stop": "", "operator": "BMTA", "network": "BMTA", "route_type": "bus", "coord_count": 53 }, "geometry": { "type": "LineString", "coordinates": [ [ 100.7287835, 13.8142683 ], [ 100.6351579, 14.0815405 ], [ 100.6170139, 14.0653112 ], [ 100.6222623, 13.9495636 ], [ 100.6160553, 14.04004 ], [ 100.6148972, 13.9900268 ], [ 100.6257976, 13.9259874 ], [ 100.6097743, 13.897996 ], [ 100.6761986, 13.8251238 ], [ 100.6184706, 14.0856523 ], [ 100.6174451, 14.0748576 ], [ 100.6226977, 14.0819858 ], [ 100.6246099, 14.081983 ], [ 100.627152, 14.0819948 ], [ 100.6304393, 14.0820474 ], [ 100.616886, 14.060238 ], [ 100.6164329, 14.0490103 ], [ 100.6240049, 13.9398549 ], [ 100.6234286, 13.9432131 ], [ 100.6229932, 13.9454727 ], [ 100.6202428, 13.9602779 ], [ 100.6198594, 13.9624903 ], [ 100.6193474, 13.9651202 ], [ 100.6185681, 13.9696724 ], [ 100.6176401, 13.9747595 ], [ 100.5994049, 13.8804423 ], [ 100.6013047, 13.8836034 ], [ 100.6022443, 13.885194 ], [ 100.6013372, 13.871433 ], [ 100.5994714, 13.8724065 ], [ 100.6130199, 13.8651342 ], [ 100.6103701, 13.8665532 ], [ 100.6062097, 13.8688139 ], [ 100.6046439, 13.8696555 ], [ 100.6417974, 13.8496085 ], [ 100.6666797, 13.8343748 ], [ 100.6650098, 13.8359993 ], [ 100.6579934, 13.8408381 ], [ 100.6567247, 13.8415246 ], [ 100.6530355, 13.843515 ], [ 100.6499129, 13.8451544 ], [ 100.6469255, 13.846845 ], [ 100.6690947, 13.8320225 ], [ 100.6716961, 13.8294823 ], [ 100.6803089, 13.821243 ], [ 100.7001984, 13.8125468 ], [ 100.6949838, 13.8125567 ], [ 100.6916625, 13.8125712 ], [ 100.6861021, 13.8158061 ], [ 100.6828773, 13.8188483 ], [ 100.723431, 13.8123639 ], [ 100.7199942, 13.8124319 ], [ 100.7257145, 13.812366 ] ] } },
{ "type": "Feature", "properties": { "route_id": 14123277, "name": "520 ตลาดไท - มีนบุรี", "ref": "520", "from_stop": "", "to_stop": "", "operator": "BMTA", "network": "BMTA", "route_type": "bus", "coord_count": 48 }, "geometry": { "type": "LineString", "coordinates": [ [ 100.7278696, 13.8145556 ], [ 100.677316, 13.8247325 ], [ 100.6229253, 13.9487311 ], [ 100.6154737, 13.9908192 ], [ 100.6351579, 14.0815405 ], [ 100.6177576, 14.0666054 ], [ 100.6083112, 13.895024 ], [ 100.6183081, 14.0814511 ], [ 100.6180808, 14.0752199 ], [ 100.6174985, 14.0602686 ], [ 100.6213552, 14.0817344 ], [ 100.6245353, 14.0817516 ], [ 100.6291001, 14.0817886 ], [ 100.6170322, 14.0488758 ], [ 100.6166627, 14.039733 ], [ 100.6245718, 13.9397157 ], [ 100.6238313, 13.94328 ], [ 100.6234397, 13.9456309 ], [ 100.617313, 14.056373 ], [ 100.5992358, 13.8795883 ], [ 100.6025046, 13.885199 ], [ 100.6012336, 13.8830222 ], [ 100.6017377, 13.8716413 ], [ 100.5999859, 13.8725306 ], [ 100.597545, 13.8741702 ], [ 100.6047974, 13.8699325 ], [ 100.6071603, 13.8686562 ], [ 100.6105721, 13.866823 ], [ 100.613327, 13.8653543 ], [ 100.643906, 13.848852 ], [ 100.6463793, 13.8474975 ], [ 100.6484363, 13.8463863 ], [ 100.6533181, 13.8437301 ], [ 100.6567568, 13.8418628 ], [ 100.6580897, 13.8411441 ], [ 100.6658056, 13.8356785 ], [ 100.6675676, 13.8339778 ], [ 100.6704941, 13.8311564 ], [ 100.6801851, 13.8219898 ], [ 100.6833125, 13.8189648 ], [ 100.6846966, 13.8176446 ], [ 100.6862984, 13.8161206 ], [ 100.6915793, 13.8129303 ], [ 100.6944097, 13.8129181 ], [ 100.7001063, 13.8128672 ], [ 100.719756, 13.8127605 ], [ 100.7223135, 13.812721 ], [ 100.7255713, 13.8126489 ] ] } },
{ "type": "Feature", "properties": { "route_id": 14124056, "name": "9 (4-37) กัลปพฤกษ์ - สถานีรถไฟสามเสน", "ref": "9 (4-37)", "from_stop": "", "to_stop": "", "operator": "smart bus", "network": "smart bus", "route_type": "bus", "coord_count": 31 }, "geometry": { "type": "LineString", "coordinates": [ [ 100.4128292, 13.6832683 ], [ 100.4212676, 13.6844769 ], [ 100.4318401, 13.6897792 ], [ 100.4365085, 13.6938382 ], [ 100.4433716, 13.7011147 ], [ 100.4469138, 13.7049149 ], [ 100.4514941, 13.7086624 ], [ 100.4562392, 13.7111986 ], [ 100.4719648, 13.7150109 ], [ 100.4721328, 13.7166854 ], [ 100.4723885, 13.7186793 ], [ 100.4747482, 13.7202385 ], [ 100.4771305, 13.7209248 ], [ 100.4800473, 13.721777 ], [ 100.483724, 13.7228904 ], [ 100.4862215, 13.72529 ], [ 100.4894763, 13.7270064 ], [ 100.4934799, 13.7278771 ], [ 100.4939907, 13.7293657 ], [ 100.4953942, 13.7334086 ], [ 100.4961835, 13.742268 ], [ 100.4945426, 13.7441732 ], [ 100.4938507, 13.7545279 ], [ 100.4921642, 13.7597612 ], [ 100.4975824, 13.7627001 ], [ 100.5044851, 13.7706277 ], [ 100.5085404, 13.7704505 ], [ 100.5098597, 13.7731774 ], [ 100.5107039, 13.774908 ], [ 100.5122167, 13.7780482 ], [ 100.5302532, 13.7805261 ] ] } },
{ "type": "Feature", "properties": { "route_id": 14124057, "name": "9 (4-37) สถานีรถไฟสามเสน - กัลปพฤกษ์", "ref": "9 (4-37)", "from_stop": "", "to_stop": "", "operator": "smart bus", "network": "smart bus", "route_type": "bus", "coord_count": 35 }, "geometry": { "type": "LineString", "coordinates": [ [ 100.5302532, 13.7805261 ], [ 100.5068582, 13.7748439 ], [ 100.5044091, 13.7703332 ], [ 100.4979883, 13.7572484 ], [ 100.4777992, 13.7210093 ], [ 100.5130765, 13.7845553 ], [ 100.4956098, 13.733095 ], [ 100.499051, 13.743369 ], [ 100.5111113, 13.7838112 ], [ 100.4898158, 13.7267443 ], [ 100.4317027, 13.6893703 ], [ 100.4369362, 13.6936396 ], [ 100.442646, 13.6999145 ], [ 100.4462712, 13.7038053 ], [ 100.451235, 13.7081469 ], [ 100.455127, 13.7103676 ], [ 100.4943705, 13.7294583 ], [ 100.4937946, 13.7278386 ], [ 100.4987681, 13.7406718 ], [ 100.4939029, 13.7507195 ], [ 100.4944932, 13.7556427 ], [ 100.4939627, 13.7537199 ], [ 100.5096449, 13.7808055 ], [ 100.4735144, 13.7197839 ], [ 100.471554, 13.7134667 ], [ 100.4720385, 13.7147498 ], [ 100.4721898, 13.7162564 ], [ 100.4724883, 13.7185306 ], [ 100.4763405, 13.720597 ], [ 100.4809408, 13.7219006 ], [ 100.4834604, 13.7226428 ], [ 100.485616, 13.7244885 ], [ 100.4208817, 13.6840551 ], [ 100.4128907, 13.6829893 ], [ 100.4128292, 13.6832683 ] ] } },
{ "type": "Feature", "properties": { "route_id": 14124257, "name": "11 อ่อนนุช 80 - ประตูน้ำ", "ref": "11 Minibus", "from_stop": "", "to_stop": "", "operator": "", "network": "", "route_type": "bus", "coord_count": 17 }, "geometry": { "type": "LineString", "coordinates": [ [ 100.5416749, 13.7525418 ], [ 100.6719766, 13.7158604 ], [ 100.6151719, 13.736209 ], [ 100.6369858, 13.7359834 ], [ 100.6348268, 13.7362322 ], [ 100.6639037, 13.7178452 ], [ 100.6687807, 13.7186846 ], [ 100.6665031, 13.7183449 ], [ 100.6459093, 13.7338063 ], [ 100.6484331, 13.7325748 ], [ 100.6508169, 13.7314568 ], [ 100.6533412, 13.7302642 ], [ 100.6566691, 13.7274656 ], [ 100.6317759, 13.7366145 ], [ 100.6295813, 13.7367616 ], [ 100.6273021, 13.7370691 ], [ 100.5875818, 13.7440086 ] ] } },
{ "type": "Feature", "properties": { "route_id": 14124258, "name": "11 ประตูน้ำ - อ่อนนุช 80", "ref": "11 Minibus", "from_stop": "", "to_stop": "", "operator": "", "network": "", "route_type": "bus", "coord_count": 22 }, "geometry": { "type": "LineString", "coordinates": [ [ 100.5416749, 13.7525418 ], [ 100.6719766, 13.7158604 ], [ 100.5440419, 13.7496272 ], [ 100.5470113, 13.7497072 ], [ 100.6641191, 13.7181967 ], [ 100.6668974, 13.7186549 ], [ 100.668831, 13.7189321 ], [ 100.6460517, 13.7339816 ], [ 100.649474, 13.732358 ], [ 100.6532059, 13.7305926 ], [ 100.6569339, 13.7274816 ], [ 100.6585367, 13.723222 ], [ 100.631924, 13.7368173 ], [ 100.6294285, 13.7371147 ], [ 100.6272718, 13.7373413 ], [ 100.6356568, 13.7363697 ], [ 100.573957, 13.747317 ], [ 100.5788856, 13.7462029 ], [ 100.5854489, 13.7447176 ], [ 100.588783, 13.7439464 ], [ 100.5925366, 13.7431148 ], [ 100.5954821, 13.7424683 ] ] } },
{ "type": "Feature", "properties": { "route_id": 14124489, "name": "39 (1-5) รังสิต - อนุสาวรีย์ชัยสมรภูมิ", "ref": "39 (1-5)", "from_stop": "รังสิต", "to_stop": "อนุสาวรีย์ชัยสมรภูมิ", "operator": "TSB", "network": "TSB", "route_type": "bus", "coord_count": 29 }, "geometry": { "type": "LineString", "coordinates": [ [ 100.537986, 13.7658134 ], [ 100.6082971, 13.9873844 ], [ 100.5615517, 13.8155358 ], [ 100.6208584, 13.9601375 ], [ 100.6154737, 13.9908192 ], [ 100.5551092, 13.8045801 ], [ 100.5767843, 13.8414677 ], [ 100.5847357, 13.8550184 ], [ 100.6083112, 13.895024 ], [ 100.5398857, 13.7674918 ], [ 100.5471218, 13.7862728 ], [ 100.6229253, 13.9487311 ], [ 100.5928039, 13.8686929 ], [ 100.5992358, 13.8795883 ], [ 100.6025046, 13.885199 ], [ 100.6012336, 13.8830222 ], [ 100.5912653, 13.8660849 ], [ 100.5896585, 13.8633715 ], [ 100.5670452, 13.8249185 ], [ 100.5655041, 13.8223302 ], [ 100.563992, 13.8197434 ], [ 100.5629618, 13.8179263 ], [ 100.6161466, 13.9872721 ], [ 100.5410995, 13.7697313 ], [ 100.5746331, 13.8378371 ], [ 100.5730666, 13.8352154 ], [ 100.5509873, 13.7969982 ], [ 100.5501941, 13.7948002 ], [ 100.5495225, 13.7929764 ] ] } },
{ "type": "Feature", "properties": { "route_id": 14124490, "name": "39 (1-4) ม.ธรรมศาสตร์ ศูนย์รังสิต - บางเขน", "ref": "39 (1-4)", "from_stop": "", "to_stop": "", "operator": "TSB", "network": "TSB", "route_type": "bus", "coord_count": 17 }, "geometry": { "type": "LineString", "coordinates": [ [ 100.6015207, 14.0755937 ], [ 100.5948514, 13.8721725 ], [ 100.6177576, 14.0666054 ], [ 100.6208584, 13.9601375 ], [ 100.6154737, 13.9908192 ], [ 100.6166627, 14.039733 ], [ 100.6154807, 14.0759754 ], [ 100.6184706, 14.0856523 ], [ 100.6183081, 14.0814511 ], [ 100.6180808, 14.0752199 ], [ 100.6174985, 14.0602686 ], [ 100.6229253, 13.9487311 ], [ 100.6170322, 14.0488758 ], [ 100.617313, 14.056373 ], [ 100.5992358, 13.8795883 ], [ 100.6025046, 13.885199 ], [ 100.6012336, 13.8830222 ] ] } },
{ "type": "Feature", "properties": { "route_id": 14124491, "name": "39 (1-4) บางเขน - ม.ธรรมศาสตร์ ศูนย์รังสิต", "ref": "39 (1-4)", "from_stop": "", "to_stop": "", "operator": "TSB", "network": "TSB", "route_type": "bus", "coord_count": 15 }, "geometry": { "type": "LineString", "coordinates": [ [ 100.6015207, 14.0755937 ], [ 100.593655, 13.8706376 ], [ 100.6170139, 14.0653112 ], [ 100.6202428, 13.9602779 ], [ 100.6257976, 13.9259874 ], [ 100.6222623, 13.9495636 ], [ 100.6148972, 13.9900268 ], [ 100.6160553, 14.04004 ], [ 100.6174451, 14.0748576 ], [ 100.6165904, 14.0756378 ], [ 100.616886, 14.060238 ], [ 100.6164329, 14.0490103 ], [ 100.5994049, 13.8804423 ], [ 100.6013047, 13.8836034 ], [ 100.6022443, 13.885194 ] ] } },
{ "type": "Feature", "properties": { "route_id": 14124493, "name": "39 (1-5) อนุสาวรีย์ชัยสมรภูมิ - รังสิต", "ref": "39 (1-5)", "from_stop": "", "to_stop": "", "operator": "TSB", "network": "TSB", "route_type": "bus", "coord_count": 19 }, "geometry": { "type": "LineString", "coordinates": [ [ 100.537986, 13.7658134 ], [ 100.6074477, 13.9868205 ], [ 100.561455, 13.8161295 ], [ 100.5534966, 13.8027584 ], [ 100.5541188, 13.8037679 ], [ 100.6202428, 13.9602779 ], [ 100.6257976, 13.9259874 ], [ 100.6222623, 13.9495636 ], [ 100.5765011, 13.8415917 ], [ 100.6097743, 13.897996 ], [ 100.593655, 13.8706376 ], [ 100.5924629, 13.8685972 ], [ 100.5994049, 13.8804423 ], [ 100.6013047, 13.8836034 ], [ 100.6022443, 13.885194 ], [ 100.5903535, 13.8650291 ], [ 100.5890188, 13.8628171 ], [ 100.541733, 13.772033 ], [ 100.5398137, 13.7679206 ] ] } },
{ "type": "Feature", "properties": { "route_id": 14128388, "name": "30 (2-4) วัดปากน้ำนนทบุรี - สายใต้ปิ่นเกล้า", "ref": "30 (2-4)", "from_stop": "วัดปากน้ำนนทบุรี", "to_stop": "สายใต้ปิ่นเกล้า", "operator": "smart bus", "network": "smart bus", "route_type": "bus", "coord_count": 30 }, "geometry": { "type": "LineString", "coordinates": [ [ 100.4937279, 13.8429234 ], [ 100.4937418, 13.8428799 ], [ 100.5053428, 13.8222912 ], [ 100.5052969, 13.8221757 ], [ 100.4968406, 13.8435392 ], [ 100.496831, 13.8435819 ], [ 100.4700409, 13.7857529 ], [ 100.4879947, 13.7652886 ], [ 100.5394622, 13.8032714 ], [ 100.5068582, 13.7748439 ], [ 100.4764753, 13.7788999 ], [ 100.5111113, 13.7838112 ], [ 100.4783131, 13.7768686 ], [ 100.4801453, 13.7748371 ], [ 100.4719638, 13.7837196 ], [ 100.4749047, 13.7805832 ], [ 100.5096449, 13.7808055 ], [ 100.4835788, 13.7709813 ], [ 100.530659, 13.7946634 ], [ 100.5322147, 13.7975106 ], [ 100.5346016, 13.8018739 ], [ 100.5318504, 13.8061862 ], [ 100.4927653, 13.7597844 ], [ 100.492211, 13.760042 ], [ 100.492562, 13.7565688 ], [ 100.490084, 13.7560677 ], [ 100.4895528, 13.7528056 ], [ 100.4896104, 13.7506611 ], [ 100.4905828, 13.7471001 ], [ 100.4938507, 13.7545279 ] ] } },
{ "type": "Feature", "properties": { "route_id": 14128389, "name": "30 (2-4) สายใต้ปิ่นเกล้า - วัดปากน้ำนนทบุรี", "ref": "30 (2-4)", "from_stop": "สายใต้ปิ่นเกล้า", "to_stop": "วัดปากน้ำนนทบุรี", "operator": "smart bus", "network": "smart bus", "route_type": "bus", "coord_count": 43 }, "geometry": { "type": "LineString", "coordinates": [ [ 100.4969019, 13.8434569 ], [ 100.4987658, 13.8438195 ], [ 100.4987783, 13.8437222 ], [ 100.4937279, 13.8429234 ], [ 100.4937418, 13.8428799 ], [ 100.5056029, 13.8223295 ], [ 100.5056272, 13.8223715 ], [ 100.4968872, 13.8435466 ], [ 100.4884052, 13.7656139 ], [ 100.5394622, 13.8032714 ], [ 100.4707875, 13.7854099 ], [ 100.5044851, 13.7706277 ], [ 100.5053551, 13.7703955 ], [ 100.484065, 13.7711293 ], [ 100.4777453, 13.7780114 ], [ 100.4927653, 13.7597844 ], [ 100.492211, 13.760042 ], [ 100.492562, 13.7565688 ], [ 100.490084, 13.7560677 ], [ 100.4895528, 13.7528056 ], [ 100.4896104, 13.7506611 ], [ 100.4905828, 13.7471001 ], [ 100.4938507, 13.7545279 ], [ 100.5114469, 13.7848752 ], [ 100.4975824, 13.7627001 ], [ 100.4721979, 13.7839224 ], [ 100.4742572, 13.7817348 ], [ 100.4753051, 13.7806085 ], [ 100.5127654, 13.7848581 ], [ 100.4790496, 13.7766535 ], [ 100.4921642, 13.7597612 ], [ 100.5062298, 13.7696874 ], [ 100.5085404, 13.7704505 ], [ 100.5098597, 13.7731774 ], [ 100.5107039, 13.774908 ], [ 100.5108643, 13.7807198 ], [ 100.5122167, 13.7780482 ], [ 100.4806489, 13.7750362 ], [ 100.5307215, 13.7950932 ], [ 100.5314939, 13.7964988 ], [ 100.5329833, 13.7992354 ], [ 100.5344996, 13.8019776 ], [ 100.5323365, 13.8058547 ] ] } },
{ "type": "Feature", "properties": { "route_id": 14128656, "name": "56 (4-40) วงกลม : สะพานกรุงธน - บางลำพู (วนขวา)", "ref": "56 (4-40)", "from_stop": "", "to_stop": "", "operator": "CYKT", "network": "TSB", "route_type": "bus", "coord_count": 25 }, "geometry": { "type": "LineString", "coordinates": [ [ 100.4956098, 13.733095 ], [ 100.490063, 13.7343495 ], [ 100.4974742, 13.7834726 ], [ 100.4690924, 13.7578341 ], [ 100.4723327, 13.7623299 ], [ 100.469533, 13.7589915 ], [ 100.4765228, 13.7672746 ], [ 100.4780998, 13.7691251 ], [ 100.4791446, 13.7703343 ], [ 100.482872, 13.774719 ], [ 100.4913258, 13.7827259 ], [ 100.4886819, 13.7810523 ], [ 100.4865506, 13.779053 ], [ 100.4851828, 13.7774599 ], [ 100.5087046, 13.7703864 ], [ 100.5112135, 13.7755821 ], [ 100.5107212, 13.7745597 ], [ 100.5097292, 13.7725086 ], [ 100.512709, 13.778749 ], [ 100.5034398, 13.7426998 ], [ 100.5050793, 13.7448146 ], [ 100.4994863, 13.7603943 ], [ 100.501551, 13.7552416 ], [ 100.5011061, 13.7527083 ], [ 100.5008181, 13.7604297 ] ] } },
{ "type": "Feature", "properties": { "route_id": 14129594, "name": "56 (4-40) วงกลม : สะพานกรุงธน - บางลำพู (วนซ้าย)", "ref": "56 (4-40)", "from_stop": "", "to_stop": "", "operator": "CYKT", "network": "TSB", "route_type": "bus", "coord_count": 25 }, "geometry": { "type": "LineString", "coordinates": [ [ 100.5041982, 13.7510416 ], [ 100.5032735, 13.7476489 ], [ 100.4901665, 13.7344513 ], [ 100.4953942, 13.7334086 ], [ 100.4734043, 13.7632374 ], [ 100.4994148, 13.7608955 ], [ 100.4980007, 13.7828697 ], [ 100.5096457, 13.7777739 ], [ 100.4715503, 13.7610637 ], [ 100.469303, 13.7575512 ], [ 100.4699833, 13.7592066 ], [ 100.4835433, 13.7751566 ], [ 100.4854854, 13.7774537 ], [ 100.4867407, 13.7789502 ], [ 100.4898919, 13.7815682 ], [ 100.491652, 13.7826381 ], [ 100.5038548, 13.7560264 ], [ 100.5085404, 13.7704505 ], [ 100.5098597, 13.7731774 ], [ 100.5107039, 13.774908 ], [ 100.4767963, 13.7672144 ], [ 100.4783051, 13.7689734 ], [ 100.4795292, 13.7703867 ], [ 100.5050024, 13.754412 ], [ 100.5012173, 13.7603214 ] ] } },
{ "type": "Feature", "properties": { "route_id": 14129596, "name": "7ก อู่บรมราชชนนี - พาหุรัด", "ref": "7ก", "from_stop": "", "to_stop": "", "operator": "BMTA", "network": "BMTA", "route_type": "bus", "coord_count": 22 }, "geometry": { "type": "LineString", "coordinates": [ [ 100.499051, 13.743369 ], [ 100.3901683, 13.7858496 ], [ 100.4080676, 13.7109713 ], [ 100.4953942, 13.7334086 ], [ 100.3980186, 13.7101088 ], [ 100.4934799, 13.7278771 ], [ 100.4939907, 13.7293657 ], [ 100.4987681, 13.7406718 ], [ 100.4961835, 13.742268 ], [ 100.4894763, 13.7270064 ], [ 100.4022927, 13.7104474 ], [ 100.4612447, 13.7226666 ], [ 100.4598674, 13.7219364 ], [ 100.4652913, 13.7248821 ], [ 100.4688465, 13.7268395 ], [ 100.4714206, 13.7282511 ], [ 100.4761209, 13.7293192 ], [ 100.4794365, 13.7287397 ], [ 100.4829895, 13.7281181 ], [ 100.4962111, 13.7439278 ], [ 100.3996976, 13.710252 ], [ 100.4339161, 13.7129821 ] ] } },
{ "type": "Feature", "properties": { "route_id": 14129597, "name": "7ก พาหุรัด - อู่บรมราชชนนี", "ref": "7ก", "from_stop": "", "to_stop": "", "operator": "BMTA", "network": "BMTA", "route_type": "bus", "coord_count": 26 }, "geometry": { "type": "LineString", "coordinates": [ [ 100.499051, 13.743369 ], [ 100.3901683, 13.7858496 ], [ 100.4956098, 13.733095 ], [ 100.3957097, 13.7103132 ], [ 100.4008331, 13.7100093 ], [ 100.4767994, 13.7288026 ], [ 100.3863743, 13.7855903 ], [ 100.4943705, 13.7294583 ], [ 100.4937946, 13.7278386 ], [ 100.4987681, 13.7406718 ], [ 100.416747, 13.7112973 ], [ 100.4140816, 13.7111005 ], [ 100.4117884, 13.7108803 ], [ 100.4096173, 13.7107115 ], [ 100.4195635, 13.7115402 ], [ 100.4234917, 13.7118764 ], [ 100.4270222, 13.7121635 ], [ 100.4628853, 13.7232331 ], [ 100.4652619, 13.7245379 ], [ 100.4693873, 13.726783 ], [ 100.4718274, 13.728066 ], [ 100.4597039, 13.7215307 ], [ 100.4787897, 13.7285366 ], [ 100.4807819, 13.728226 ], [ 100.4830163, 13.7278665 ], [ 100.4898158, 13.7267443 ] ] } },
{ "type": "Feature", "properties": { "route_id": 14129602, "name": "40 (4-39) สายใต้ใหม่ - เอกมัย", "ref": "40 (4-39)", "from_stop": "สายใต้ใหม่ (ตลิ่งชัน)", "to_stop": "เอกมัย", "operator": "smart bus", "network": "smart bus", "route_type": "bus", "coord_count": 52 }, "geometry": { "type": "LineString", "coordinates": [ [ 100.4244444, 13.7800256 ], [ 100.514768, 13.7367148 ], [ 100.5831506, 13.720841 ], [ 100.5288227, 13.7340804 ], [ 100.5291586, 13.7361738 ], [ 100.5294507, 13.7381189 ], [ 100.5298947, 13.7410141 ], [ 100.5330435, 13.7458988 ], [ 100.4275662, 13.7813735 ], [ 100.4777453, 13.7780114 ], [ 100.5424649, 13.7443211 ], [ 100.545275, 13.743836 ], [ 100.5491343, 13.7431362 ], [ 100.5539147, 13.741748 ], [ 100.5553952, 13.7407003 ], [ 100.5565441, 13.7398879 ], [ 100.557941, 13.7388954 ], [ 100.5593354, 13.7379057 ], [ 100.4450732, 13.780958 ], [ 100.4953942, 13.7334086 ], [ 100.4734043, 13.7632374 ], [ 100.4430402, 13.7803949 ], [ 100.5175524, 13.7375829 ], [ 100.4715503, 13.7610637 ], [ 100.469303, 13.7575512 ], [ 100.4707875, 13.7854099 ], [ 100.4619171, 13.7860143 ], [ 100.4566758, 13.7844407 ], [ 100.4699833, 13.7592066 ], [ 100.4320484, 13.7809242 ], [ 100.4394355, 13.7802267 ], [ 100.4790496, 13.7766535 ], [ 100.5366237, 13.7452928 ], [ 100.5807658, 13.7189001 ], [ 100.5824055, 13.7131264 ], [ 100.5842847, 13.7147347 ], [ 100.572109, 13.7289099 ], [ 100.5737929, 13.7276983 ], [ 100.5758339, 13.7262693 ], [ 100.5779938, 13.7247389 ], [ 100.4795292, 13.7703867 ], [ 100.4783051, 13.7689734 ], [ 100.4767963, 13.7672144 ], [ 100.4721979, 13.7839224 ], [ 100.4742572, 13.7817348 ], [ 100.4753051, 13.7806085 ], [ 100.4806489, 13.7750362 ], [ 100.426512, 13.7896607 ], [ 100.5199323, 13.7364899 ], [ 100.5221915, 13.7355861 ], [ 100.523896, 13.7349011 ], [ 100.5255442, 13.7342503 ] ] } },
{ "type": "Feature", "properties": { "route_id": 14129603, "name": "40 (4-39) เอกมัย - สายใต้ใหม่", "ref": "40 (4-39)", "from_stop": "เอกมัย", "to_stop": "สายใต้ใหม่ (ตลิ่งชัน)", "operator": "smart bus", "network": "smart bus", "route_type": "bus", "coord_count": 42 }, "geometry": { "type": "LineString", "coordinates": [ [ 100.4244444, 13.7800256 ], [ 100.5831506, 13.720841 ], [ 100.5294139, 13.736137 ], [ 100.529702, 13.7381985 ], [ 100.5300542, 13.7405426 ], [ 100.5334091, 13.7456566 ], [ 100.4957601, 13.7335707 ], [ 100.4764753, 13.7788999 ], [ 100.5179834, 13.7369281 ], [ 100.4272867, 13.7808935 ], [ 100.4690924, 13.7578341 ], [ 100.581136, 13.7222791 ], [ 100.5304872, 13.7435144 ], [ 100.4700409, 13.7857529 ], [ 100.4614884, 13.785346 ], [ 100.4572822, 13.7840911 ], [ 100.4536743, 13.7830128 ], [ 100.4723327, 13.7623299 ], [ 100.469533, 13.7589915 ], [ 100.4765228, 13.7672746 ], [ 100.4780998, 13.7691251 ], [ 100.4791446, 13.7703343 ], [ 100.4783131, 13.7768686 ], [ 100.4801453, 13.7748371 ], [ 100.5785161, 13.7241236 ], [ 100.5762427, 13.7256995 ], [ 100.5733352, 13.7277658 ], [ 100.5700844, 13.730058 ], [ 100.5034398, 13.7426998 ], [ 100.5123253, 13.7384508 ], [ 100.5108666, 13.7396852 ], [ 100.507711, 13.7415174 ], [ 100.5054593, 13.7436567 ], [ 100.5234179, 13.7348082 ], [ 100.5264863, 13.7335351 ], [ 100.5584835, 13.738242 ], [ 100.556887, 13.7393716 ], [ 100.5550034, 13.7407235 ], [ 100.5515032, 13.7424776 ], [ 100.5488387, 13.7429623 ], [ 100.5457823, 13.7435105 ], [ 100.5420051, 13.7441749 ] ] } },
{ "type": "Feature", "properties": { "route_id": 14129605, "name": "53 (2-9) วงกลมรอบเมือง : เทเวศร์ - สนามหลวง (วนขวา)", "ref": "53 (2-9)", "from_stop": "", "to_stop": "", "operator": "BMTA", "network": "BMTA", "route_type": "bus", "coord_count": 23 }, "geometry": { "type": "LineString", "coordinates": [ [ 100.5154253, 13.7447713 ], [ 100.4895712, 13.7500224 ], [ 100.4895749, 13.7555655 ], [ 100.4895037, 13.7542281 ], [ 100.4900864, 13.7477913 ], [ 100.5132685, 13.7596619 ], [ 100.5149102, 13.7580755 ], [ 100.5179834, 13.7369281 ], [ 100.5046114, 13.7687207 ], [ 100.4975824, 13.7627001 ], [ 100.5061765, 13.7669585 ], [ 100.4961835, 13.742268 ], [ 100.5197104, 13.739604 ], [ 100.5171124, 13.7388848 ], [ 100.4923547, 13.7565772 ], [ 100.4892937, 13.7518624 ], [ 100.5164518, 13.7471855 ], [ 100.5123253, 13.7384508 ], [ 100.5108666, 13.7396852 ], [ 100.507711, 13.7415174 ], [ 100.5054593, 13.7436567 ], [ 100.5148025, 13.7394364 ], [ 100.499051, 13.743369 ] ] } },
{ "type": "Feature", "properties": { "route_id": 14129606, "name": "53 (2-9) วงกลมรอบเมือง : เทเวศร์ - สนามหลวง (วนซ้าย)", "ref": "53 (2-9)", "from_stop": "", "to_stop": "", "operator": "BMTA", "network": "BMTA", "route_type": "bus", "coord_count": 12 }, "geometry": { "type": "LineString", "coordinates": [ [ 100.5155323, 13.745096 ], [ 100.4937121, 13.7581118 ], [ 100.4937121, 13.7581118 ], [ 100.4896104, 13.7506611 ], [ 100.4895528, 13.7528056 ], [ 100.492562, 13.7565688 ], [ 100.491784, 13.7455397 ], [ 100.4927559, 13.744408 ], [ 100.4940771, 13.7431825 ], [ 100.4905828, 13.7471001 ], [ 100.490084, 13.7560677 ], [ 100.501895, 13.7470886 ] ] } },
{ "type": "Feature", "properties": { "route_id": 14129608, "name": "95 (1-10) บางเขน - สถานีรถไฟฟ้าหัวหมาก", "ref": "95 (1-10)", "from_stop": "", "to_stop": "", "operator": "BMTA", "network": "BMTA", "route_type": "bus", "coord_count": 35 }, "geometry": { "type": "LineString", "coordinates": [ [ 100.5923975, 13.8695054 ], [ 100.6534588, 13.8173048 ], [ 100.6416771, 13.7371996 ], [ 100.651357, 13.8124586 ], [ 100.593655, 13.8706376 ], [ 100.6017377, 13.8716413 ], [ 100.5999859, 13.8725306 ], [ 100.597545, 13.8741702 ], [ 100.6047974, 13.8699325 ], [ 100.6071603, 13.8686562 ], [ 100.6105721, 13.866823 ], [ 100.613327, 13.8653543 ], [ 100.643906, 13.848852 ], [ 100.6463793, 13.8474975 ], [ 100.6484363, 13.8463863 ], [ 100.6533181, 13.8437301 ], [ 100.6567568, 13.8418628 ], [ 100.6580897, 13.8411441 ], [ 100.650216, 13.7878096 ], [ 100.6488289, 13.7857635 ], [ 100.6469168, 13.7829677 ], [ 100.6461537, 13.7818267 ], [ 100.6446153, 13.7780867 ], [ 100.6452773, 13.7756624 ], [ 100.6459445, 13.7743132 ], [ 100.6473649, 13.7716521 ], [ 100.6474827, 13.7701755 ], [ 100.646609, 13.7660442 ], [ 100.6456115, 13.761129 ], [ 100.6458098, 13.758516 ], [ 100.6460633, 13.7553679 ], [ 100.6456728, 13.7529713 ], [ 100.6442084, 13.7479094 ], [ 100.6435503, 13.745329 ], [ 100.6522215, 13.8144601 ] ] } },
{ "type": "Feature", "properties": { "route_id": 14129609, "name": "95 (1-10) สถานีรถไฟฟ้าหัวหมาก - บางเขน", "ref": "95 (1-10)", "from_stop": "", "to_stop": "", "operator": "BMTA", "network": "BMTA", "route_type": "bus", "coord_count": 36 }, "geometry": { "type": "LineString", "coordinates": [ [ 100.5923975, 13.8695054 ], [ 100.6411981, 13.7374181 ], [ 100.5948514, 13.8721725 ], [ 100.6522067, 13.8150022 ], [ 100.6470325, 13.7663643 ], [ 100.6013372, 13.871433 ], [ 100.5994714, 13.8724065 ], [ 100.6130199, 13.8651342 ], [ 100.6103701, 13.8665532 ], [ 100.6062097, 13.8688139 ], [ 100.6046439, 13.8696555 ], [ 100.6417974, 13.8496085 ], [ 100.6579934, 13.8408381 ], [ 100.6567247, 13.8415246 ], [ 100.6530355, 13.843515 ], [ 100.6499129, 13.8451544 ], [ 100.6469255, 13.846845 ], [ 100.6475402, 13.7678732 ], [ 100.647282, 13.7695697 ], [ 100.6471242, 13.7715968 ], [ 100.6457661, 13.7741454 ], [ 100.6450517, 13.7755936 ], [ 100.6444218, 13.7778554 ], [ 100.6471651, 13.7837586 ], [ 100.6460665, 13.7821396 ], [ 100.6485826, 13.7858451 ], [ 100.6495716, 13.7872745 ], [ 100.6432185, 13.745148 ], [ 100.6441472, 13.7487351 ], [ 100.6447815, 13.7507452 ], [ 100.6458072, 13.7554508 ], [ 100.6456388, 13.7577573 ], [ 100.6512584, 13.8128645 ], [ 100.6478524, 13.802478 ], [ 100.6480927, 13.8058725 ], [ 100.6494254, 13.808625 ] ] } },
{ "type": "Feature", "properties": { "route_id": 14129611, "name": "107 (1-12E) บางเขน - คลองเตย", "ref": "107 (1-12E)", "from_stop": "", "to_stop": "", "operator": "BMTA", "network": "BMTA", "route_type": "bus", "coord_count": 16 }, "geometry": { "type": "LineString", "coordinates": [ [ 100.5615517, 13.8155358 ], [ 100.5767843, 13.8414677 ], [ 100.5847357, 13.8550184 ], [ 100.5928039, 13.8686929 ], [ 100.5912653, 13.8660849 ], [ 100.5896585, 13.8633715 ], [ 100.5644109, 13.7131822 ], [ 100.5670452, 13.8249185 ], [ 100.5655041, 13.8223302 ], [ 100.563992, 13.8197434 ], [ 100.5629618, 13.8179263 ], [ 100.5600639, 13.8097079 ], [ 100.5746331, 13.8378371 ], [ 100.5730666, 13.8352154 ], [ 100.5657897, 13.7162337 ], [ 100.5923975, 13.8695054 ] ] } },
{ "type": "Feature", "properties": { "route_id": 14129754, "name": "107 (1-12E) คลองเตย - บางเขน", "ref": "107 (1-12E)", "from_stop": "", "to_stop": "", "operator": "BMTA", "network": "BMTA", "route_type": "bus", "coord_count": 25 }, "geometry": { "type": "LineString", "coordinates": [ [ 100.561455, 13.8161295 ], [ 100.5765011, 13.8415917 ], [ 100.5597658, 13.7197944 ], [ 100.5924629, 13.8685972 ], [ 100.5903535, 13.8650291 ], [ 100.5890188, 13.8628171 ], [ 100.5646709, 13.7130565 ], [ 100.5659579, 13.7193197 ], [ 100.5595495, 13.8076559 ], [ 100.5598476, 13.8052499 ], [ 100.5600178, 13.8032421 ], [ 100.5603244, 13.7996514 ], [ 100.5605514, 13.7973937 ], [ 100.5609956, 13.7940534 ], [ 100.5612229, 13.7906852 ], [ 100.5601365, 13.7864311 ], [ 100.558822, 13.7840301 ], [ 100.5561407, 13.7795484 ], [ 100.5546548, 13.776919 ], [ 100.5529263, 13.7737642 ], [ 100.5513652, 13.7707987 ], [ 100.560538, 13.7166804 ], [ 100.5657897, 13.7162337 ], [ 100.5923975, 13.8695054 ], [ 100.5587328, 13.7187662 ] ] } },
{ "type": "Feature", "properties": { "route_id": 14129755, "name": "110 (2-35) ประชานิเวศน์ 3 - เทเวศร์", "ref": "110 (2-35)", "from_stop": "", "to_stop": "", "operator": "smart bus", "network": "smart bus", "route_type": "bus", "coord_count": 27 }, "geometry": { "type": "LineString", "coordinates": [ [ 100.5008456, 13.7885134 ], [ 100.5053064, 13.7928463 ], [ 100.5009026, 13.7884312 ], [ 100.5110672, 13.8006071 ], [ 100.5110965, 13.8005822 ], [ 100.5061765, 13.7669585 ], [ 100.511756, 13.8072001 ], [ 100.5068582, 13.7748439 ], [ 100.4974742, 13.7834726 ], [ 100.5308105, 13.8813844 ], [ 100.5046114, 13.7687207 ], [ 100.5096449, 13.7808055 ], [ 100.5117921, 13.8072218 ], [ 100.5053525, 13.7928062 ], [ 100.5374269, 13.8304005 ], [ 100.5342232, 13.830661 ], [ 100.531944, 13.8303992 ], [ 100.5296545, 13.8291587 ], [ 100.5246213, 13.8246741 ], [ 100.527237, 13.8270115 ], [ 100.523058, 13.8232611 ], [ 100.5215222, 13.8218533 ], [ 100.5202786, 13.8207329 ], [ 100.5180945, 13.81874 ], [ 100.5266234, 13.8586362 ], [ 100.5286508, 13.8583895 ], [ 100.5314413, 13.8580507 ] ] } },
{ "type": "Feature", "properties": { "route_id": 14129756, "name": "110 (2-35) เทเวศร์ - ประชานิเวศน์ 3", "ref": "110 (2-35)", "from_stop": "", "to_stop": "", "operator": "smart bus", "network": "smart bus", "route_type": "bus", "coord_count": 22 }, "geometry": { "type": "LineString", "coordinates": [ [ 100.510887, 13.8005605 ], [ 100.5108391, 13.8005685 ], [ 100.5007718, 13.7886186 ], [ 100.5007475, 13.7886399 ], [ 100.5061765, 13.7669585 ], [ 100.5116266, 13.8070686 ], [ 100.5116746, 13.8071188 ], [ 100.4980007, 13.7828697 ], [ 100.5308105, 13.8813844 ], [ 100.5085404, 13.7704505 ], [ 100.5098597, 13.7731774 ], [ 100.5107039, 13.774908 ], [ 100.5322369, 13.830833 ], [ 100.5344943, 13.8309736 ], [ 100.5372673, 13.8307382 ], [ 100.5295488, 13.8295091 ], [ 100.5264991, 13.826706 ], [ 100.5243683, 13.8247513 ], [ 100.5229124, 13.8234274 ], [ 100.5211062, 13.8217913 ], [ 100.5195295, 13.8203747 ], [ 100.5179641, 13.818961 ] ] } },
{ "type": "Feature", "properties": { "route_id": 14129758, "name": "49 (2-43) หัวลำโพง - กรุงเทพอภิวัฒน์", "ref": "49 (2-43)", "from_stop": "", "to_stop": "", "operator": "BMTA", "network": "BMTA", "route_type": "bus", "coord_count": 36 }, "geometry": { "type": "LineString", "coordinates": [ [ 100.5074894, 13.7493929 ], [ 100.5132754, 13.7460216 ], [ 100.5162847, 13.7398459 ], [ 100.5053551, 13.7703955 ], [ 100.5407277, 13.8046313 ], [ 100.5407927, 13.8001935 ], [ 100.5096768, 13.7573124 ], [ 100.5114469, 13.7848752 ], [ 100.5127654, 13.7848581 ], [ 100.5062298, 13.7696874 ], [ 100.5085404, 13.7704505 ], [ 100.5098597, 13.7731774 ], [ 100.5107039, 13.774908 ], [ 100.5108643, 13.7807198 ], [ 100.5122167, 13.7780482 ], [ 100.5501896, 13.8261875 ], [ 100.5493233, 13.8243513 ], [ 100.5520093, 13.8282253 ], [ 100.5322369, 13.830833 ], [ 100.5344943, 13.8309736 ], [ 100.5372673, 13.8307382 ], [ 100.5425058, 13.8303401 ], [ 100.5444508, 13.8302173 ], [ 100.5295488, 13.8295091 ], [ 100.5264991, 13.826706 ], [ 100.5243683, 13.8247513 ], [ 100.5150236, 13.8155246 ], [ 100.5229124, 13.8234274 ], [ 100.5211062, 13.8217913 ], [ 100.5195295, 13.8203747 ], [ 100.5179641, 13.818961 ], [ 100.5184868, 13.8138234 ], [ 100.5211312, 13.8138287 ], [ 100.5216828, 13.8104968 ], [ 100.5215146, 13.8071058 ], [ 100.5500252, 13.8127228 ] ] } },
{ "type": "Feature", "properties": { "route_id": 14132110, "name": "49 (2-43) กรุงเทพอภิวัฒน์ - หัวลำโพง", "ref": "49 (2-43)", "from_stop": "", "to_stop": "", "operator": "BMTA", "network": "BMTA", "route_type": "bus", "coord_count": 32 }, "geometry": { "type": "LineString", "coordinates": [ [ 100.5074894, 13.7493929 ], [ 100.5407927, 13.8001935 ], [ 100.5162847, 13.7398459 ], [ 100.5407277, 13.8046313 ], [ 100.5431934, 13.8040442 ], [ 100.5481518, 13.811066 ], [ 100.5493186, 13.8132289 ], [ 100.5154253, 13.7447713 ], [ 100.5044851, 13.7706277 ], [ 100.5111113, 13.7838112 ], [ 100.5068582, 13.7748439 ], [ 100.5096016, 13.7555166 ], [ 100.5093136, 13.7532992 ], [ 100.5096449, 13.7808055 ], [ 100.5487231, 13.8234031 ], [ 100.5504091, 13.8270558 ], [ 100.531944, 13.8303992 ], [ 100.5342232, 13.830661 ], [ 100.5374269, 13.8304005 ], [ 100.5448525, 13.8298925 ], [ 100.5296545, 13.8291587 ], [ 100.5246213, 13.8246741 ], [ 100.527237, 13.8270115 ], [ 100.523058, 13.8232611 ], [ 100.5215222, 13.8218533 ], [ 100.5202786, 13.8207329 ], [ 100.5180945, 13.81874 ], [ 100.5180772, 13.8139286 ], [ 100.5206248, 13.8147441 ], [ 100.5219, 13.8114822 ], [ 100.5217344, 13.807864 ], [ 100.5098738, 13.7574812 ] ] } },
{ "type": "Feature", "properties": { "route_id": 14132112, "name": "95ก (1-11) รังสิต - บางกะปิ", "ref": "95ก (1-11)", "from_stop": "", "to_stop": "", "operator": "BMTA", "network": "BMTA", "route_type": "bus", "coord_count": 48 }, "geometry": { "type": "LineString", "coordinates": [ [ 100.6419014, 13.7695996 ], [ 100.6042384, 13.9846305 ], [ 100.6082971, 13.9873844 ], [ 100.6154737, 13.9908192 ], [ 100.6208584, 13.9601375 ], [ 100.6027904, 13.922042 ], [ 100.5852035, 13.8823667 ], [ 100.6441237, 13.7803308 ], [ 100.6534588, 13.8173048 ], [ 100.5935804, 13.8776979 ], [ 100.5905521, 13.8793609 ], [ 100.586162, 13.8818295 ], [ 100.6017377, 13.8716413 ], [ 100.5999859, 13.8725306 ], [ 100.597545, 13.8741702 ], [ 100.6047974, 13.8699325 ], [ 100.6071603, 13.8686562 ], [ 100.6105721, 13.866823 ], [ 100.613327, 13.8653543 ], [ 100.643906, 13.848852 ], [ 100.6463793, 13.8474975 ], [ 100.6484363, 13.8463863 ], [ 100.6533181, 13.8437301 ], [ 100.6567568, 13.8418628 ], [ 100.6580897, 13.8411441 ], [ 100.6416824, 13.771545 ], [ 100.6414283, 13.7740339 ], [ 100.6412601, 13.7755904 ], [ 100.6412997, 13.7789646 ], [ 100.650216, 13.7878096 ], [ 100.6488289, 13.7857635 ], [ 100.6469168, 13.7829677 ], [ 100.6461537, 13.7818267 ], [ 100.6161466, 13.9872721 ], [ 100.5934266, 13.9052546 ], [ 100.5969853, 13.9116915 ], [ 100.5983955, 13.9141393 ], [ 100.6198653, 13.952205 ], [ 100.6182415, 13.9492812 ], [ 100.6168655, 13.9468632 ], [ 100.6154281, 13.9442847 ], [ 100.6141279, 13.9419944 ], [ 100.612676, 13.9394102 ], [ 100.6075561, 13.9304843 ], [ 100.6058752, 13.9274954 ], [ 100.6097362, 13.987586 ], [ 100.651357, 13.8124586 ], [ 100.6522215, 13.8144601 ] ] } },
{ "type": "Feature", "properties": { "route_id": 14132113, "name": "95ก (1-11) บางกะปิ - รังสิต", "ref": "95ก (1-11)", "from_stop": "", "to_stop": "", "operator": "BMTA", "network": "BMTA", "route_type": "bus", "coord_count": 47 }, "geometry": { "type": "LineString", "coordinates": [ [ 100.6419014, 13.7695996 ], [ 100.6042384, 13.9846305 ], [ 100.6023924, 13.9221723 ], [ 100.6202428, 13.9602779 ], [ 100.6522067, 13.8150022 ], [ 100.6470325, 13.7663643 ], [ 100.5901426, 13.879268 ], [ 100.5856103, 13.8818337 ], [ 100.6013372, 13.871433 ], [ 100.5994714, 13.8724065 ], [ 100.6130199, 13.8651342 ], [ 100.6103701, 13.8665532 ], [ 100.6062097, 13.8688139 ], [ 100.6046439, 13.8696555 ], [ 100.6417974, 13.8496085 ], [ 100.6579934, 13.8408381 ], [ 100.6567247, 13.8415246 ], [ 100.6530355, 13.843515 ], [ 100.6499129, 13.8451544 ], [ 100.6469255, 13.846845 ], [ 100.6475402, 13.7678732 ], [ 100.647282, 13.7695697 ], [ 100.6471242, 13.7715968 ], [ 100.6457661, 13.7741454 ], [ 100.6450517, 13.7755936 ], [ 100.6444218, 13.7778554 ], [ 100.6471651, 13.7837586 ], [ 100.6460665, 13.7821396 ], [ 100.6485826, 13.7858451 ], [ 100.6495716, 13.7872745 ], [ 100.5819468, 13.8855546 ], [ 100.5838173, 13.8889483 ], [ 100.6036296, 13.9241977 ], [ 100.6055389, 13.9275756 ], [ 100.6077377, 13.9315088 ], [ 100.612221, 13.9396666 ], [ 100.6133353, 13.9416347 ], [ 100.6149452, 13.9445381 ], [ 100.6163544, 13.9470167 ], [ 100.6188388, 13.9515118 ], [ 100.6200807, 13.9537528 ], [ 100.5810659, 13.8825284 ], [ 100.5891283, 13.8982968 ], [ 100.6512584, 13.8128645 ], [ 100.6478524, 13.802478 ], [ 100.6480927, 13.8058725 ], [ 100.6494254, 13.808625 ] ] } },
{ "type": "Feature", "properties": { "route_id": 14134302, "name": "136 (3-47) คลองเตย - หมอชิต 2", "ref": "136 (3-47)", "from_stop": "", "to_stop": "", "operator": "BMTA", "network": "BMTA", "route_type": "bus", "coord_count": 26 }, "geometry": { "type": "LineString", "coordinates": [ [ 100.5479011, 13.8108296 ], [ 100.5632989, 13.7152921 ], [ 100.5654237, 13.7157595 ], [ 100.5551092, 13.8045801 ], [ 100.5615517, 13.8155358 ], [ 100.5414578, 13.799013 ], [ 100.5431934, 13.8040442 ], [ 100.5407277, 13.8046313 ], [ 100.5753582, 13.8181436 ], [ 100.5750936, 13.8114079 ], [ 100.5752921, 13.8153944 ], [ 100.5744767, 13.8215402 ], [ 100.5730448, 13.8236965 ], [ 100.5585977, 13.7193262 ], [ 100.5670452, 13.8249185 ], [ 100.5655041, 13.8223302 ], [ 100.563992, 13.8197434 ], [ 100.5629618, 13.8179263 ], [ 100.5711165, 13.8253483 ], [ 100.548221, 13.7989218 ], [ 100.5481727, 13.8007799 ], [ 100.5478544, 13.7979075 ], [ 100.5592825, 13.721402 ], [ 100.5601205, 13.7264855 ], [ 100.5597023, 13.7295819 ], [ 100.5601927, 13.7341397 ] ] } },
{ "type": "Feature", "properties": { "route_id": 14136142, "name": "524 (1-23) หลักสี่ - สายใต้ใหม่", "ref": "524 (1-23)", "from_stop": "", "to_stop": "", "operator": "smart bus", "network": "smart bus", "route_type": "bus", "coord_count": 35 }, "geometry": { "type": "LineString", "coordinates": [ [ 100.5852035, 13.8823667 ], [ 100.4244444, 13.7800256 ], [ 100.5615517, 13.8155358 ], [ 100.5767843, 13.8414677 ], [ 100.4272867, 13.7808935 ], [ 100.4536743, 13.7830128 ], [ 100.4572822, 13.7840911 ], [ 100.4614884, 13.785346 ], [ 100.4775548, 13.7899003 ], [ 100.4803389, 13.7891378 ], [ 100.4828437, 13.788297 ], [ 100.4860183, 13.7872705 ], [ 100.4887762, 13.7863219 ], [ 100.4747243, 13.7893166 ], [ 100.5096449, 13.7808055 ], [ 100.5928039, 13.8686929 ], [ 100.5912653, 13.8660849 ], [ 100.5896585, 13.8633715 ], [ 100.5935804, 13.8776979 ], [ 100.5905521, 13.8793609 ], [ 100.586162, 13.8818295 ], [ 100.563992, 13.8197434 ], [ 100.5655041, 13.8223302 ], [ 100.5670452, 13.8249185 ], [ 100.5629618, 13.8179263 ], [ 100.4451124, 13.7803838 ], [ 100.4429861, 13.7797936 ], [ 100.4394538, 13.7796548 ], [ 100.4376217, 13.7798371 ], [ 100.4309691, 13.7805134 ], [ 100.5746331, 13.8378371 ], [ 100.5730666, 13.8352154 ], [ 100.5509873, 13.7969982 ], [ 100.5501941, 13.7948002 ], [ 100.5495225, 13.7929764 ] ] } },
{ "type": "Feature", "properties": { "route_id": 14136143, "name": "524 (1-23) สายใต้ใหม่ - หลักสี่", "ref": "524 (1-23)", "from_stop": "", "to_stop": "", "operator": "smart bus", "network": "smart bus", "route_type": "bus", "coord_count": 26 }, "geometry": { "type": "LineString", "coordinates": [ [ 100.5852035, 13.8823667 ], [ 100.4244444, 13.7800256 ], [ 100.561455, 13.8161295 ], [ 100.5765011, 13.8415917 ], [ 100.593655, 13.8706376 ], [ 100.5534966, 13.8027584 ], [ 100.5541188, 13.8037679 ], [ 100.4619171, 13.7860143 ], [ 100.4566758, 13.7844407 ], [ 100.4806447, 13.7893766 ], [ 100.4833564, 13.7884727 ], [ 100.485106, 13.7878868 ], [ 100.4878345, 13.786987 ], [ 100.5127654, 13.7848581 ], [ 100.5924629, 13.8685972 ], [ 100.5903535, 13.8650291 ], [ 100.5890188, 13.8628171 ], [ 100.5901426, 13.879268 ], [ 100.5856103, 13.8818337 ], [ 100.426512, 13.7896607 ], [ 100.4275662, 13.7813735 ], [ 100.4320484, 13.7809242 ], [ 100.4394355, 13.7802267 ], [ 100.4430402, 13.7803949 ], [ 100.4450732, 13.780958 ], [ 100.4974742, 13.7834726 ] ] } },
{ "type": "Feature", "properties": { "route_id": 14144066, "name": "134 (2-20) บัวทองเคหะ - หมอชิต 2", "ref": "134 (2-20)", "from_stop": "Buathong Kheha", "to_stop": "Mo Chit 2", "operator": "BMTA", "network": "BMTA", "route_type": "bus", "coord_count": 38 }, "geometry": { "type": "LineString", "coordinates": [ [ 100.3981397, 13.9343425 ], [ 100.5481133, 13.8110287 ], [ 100.4099452, 13.8778922 ], [ 100.4098318, 13.8778886 ], [ 100.397806, 13.9368619 ], [ 100.5431934, 13.8040442 ], [ 100.5407277, 13.8046313 ], [ 100.5414578, 13.799013 ], [ 100.3983687, 13.9363651 ], [ 100.3973734, 13.9352516 ], [ 100.3993466, 13.9335771 ], [ 100.4060812, 13.9297068 ], [ 100.4075683, 13.9288552 ], [ 100.4152662, 13.9330008 ], [ 100.4158547, 13.9323762 ], [ 100.548221, 13.7989218 ], [ 100.5481727, 13.8007799 ], [ 100.4136224, 13.9250718 ], [ 100.4126632, 13.9219136 ], [ 100.4104232, 13.9145886 ], [ 100.4081773, 13.9070916 ], [ 100.4075321, 13.9048203 ], [ 100.4075958, 13.9024206 ], [ 100.4086369, 13.8918326 ], [ 100.4090861, 13.8865543 ], [ 100.4094113, 13.8832632 ], [ 100.4095688, 13.8815917 ], [ 100.4132147, 13.926266 ], [ 100.4084702, 13.8946461 ], [ 100.5469026, 13.8558681 ], [ 100.5493125, 13.8545035 ], [ 100.5516825, 13.8531682 ], [ 100.5552822, 13.8511653 ], [ 100.5576208, 13.849868 ], [ 100.5478544, 13.7979075 ], [ 100.5266234, 13.8586362 ], [ 100.5286508, 13.8583895 ], [ 100.5314413, 13.8580507 ] ] } },
{ "type": "Feature", "properties": { "route_id": 14144067, "name": "134 (2-20) หมอชิต 2 - บัวทองเคหะ", "ref": "134 (2-20)", "from_stop": "Mo Chit 2", "to_stop": "Buathong Kheha", "operator": "BMTA", "network": "BMTA", "route_type": "bus", "coord_count": 35 }, "geometry": { "type": "LineString", "coordinates": [ [ 100.5481133, 13.8110287 ], [ 100.4092739, 13.877129 ], [ 100.4093418, 13.8771403 ], [ 100.4088821, 13.8811547 ], [ 100.4089879, 13.8811702 ], [ 100.4083411, 13.8875144 ], [ 100.4083948, 13.8875222 ], [ 100.5493186, 13.8132289 ], [ 100.397806, 13.9368619 ], [ 100.3979438, 13.9362153 ], [ 100.3994384, 13.9332293 ], [ 100.4067717, 13.9290335 ], [ 100.4055093, 13.9297559 ], [ 100.5485475, 13.7991581 ], [ 100.5588242, 13.8142246 ], [ 100.5583285, 13.8188214 ], [ 100.5581299, 13.821977 ], [ 100.5577701, 13.8250213 ], [ 100.4079732, 13.8913028 ], [ 100.4069198, 13.9051437 ], [ 100.4085751, 13.9107679 ], [ 100.4096364, 13.9143187 ], [ 100.4123438, 13.9234675 ], [ 100.412752, 13.9252546 ], [ 100.5568522, 13.849907 ], [ 100.5551318, 13.8508667 ], [ 100.5512102, 13.8530633 ], [ 100.548699, 13.8544636 ], [ 100.5470006, 13.8554256 ], [ 100.5569982, 13.8332724 ], [ 100.5573852, 13.839602 ], [ 100.5482086, 13.8081416 ], [ 100.5483789, 13.8043055 ], [ 100.5407277, 13.8046313 ], [ 100.5431934, 13.8040442 ] ] } },
{ "type": "Feature", "properties": { "route_id": 14144070, "name": "538 (1-24E) ม.เทคโนโลยีราชมงคลธัญบุรี - โรงพยาบาลสงฆ์", "ref": "538 (1-24E)", "from_stop": "", "to_stop": "", "operator": "smart bus", "network": "smart bus", "route_type": "bus", "coord_count": 48 }, "geometry": { "type": "LineString", "coordinates": [ [ 100.7320651, 14.0356229 ], [ 100.5374584, 13.764699 ], [ 100.5279473, 13.766819 ], [ 100.5302341, 13.7599552 ], [ 100.528171, 13.7608759 ], [ 100.6027904, 13.922042 ], [ 100.6208584, 13.9601375 ], [ 100.5458694, 13.763376 ], [ 100.7321435, 14.0207595 ], [ 100.7321573, 14.0255307 ], [ 100.7321438, 14.0315712 ], [ 100.7287967, 14.0175997 ], [ 100.7231353, 14.0152271 ], [ 100.7201138, 14.01398 ], [ 100.718674, 14.0133382 ], [ 100.7165093, 14.0124176 ], [ 100.7157422, 14.0120992 ], [ 100.7125204, 14.0106826 ], [ 100.7084512, 14.0089105 ], [ 100.6886971, 14.0004651 ], [ 100.6895025, 14.0008291 ], [ 100.692489, 14.0020993 ], [ 100.6942412, 14.0028179 ], [ 100.6808241, 13.998512 ], [ 100.6829155, 13.9989963 ], [ 100.6851135, 13.9994778 ], [ 100.6182542, 13.9747975 ], [ 100.6192432, 13.9691991 ], [ 100.6198122, 13.9662194 ], [ 100.6202644, 13.9637258 ], [ 100.6208584, 13.9601375 ], [ 100.6594829, 13.9940525 ], [ 100.6622194, 13.994592 ], [ 100.6666665, 13.9954279 ], [ 100.6679614, 13.9957111 ], [ 100.6725836, 13.9967171 ], [ 100.6744944, 13.9971088 ], [ 100.6778199, 13.9978277 ], [ 100.6154737, 13.9908192 ], [ 100.6161466, 13.9872721 ], [ 100.6198653, 13.952205 ], [ 100.6182415, 13.9492812 ], [ 100.6168655, 13.9468632 ], [ 100.6154281, 13.9442847 ], [ 100.6141279, 13.9419944 ], [ 100.612676, 13.9394102 ], [ 100.6075561, 13.9304843 ], [ 100.6058752, 13.9274954 ] ] } },
{ "type": "Feature", "properties": { "route_id": 14144071, "name": "538 (1-24E) โรงพยาบาลสงฆ์ - ม.เทคโนโลยีราชมงคลธัญบุรี", "ref": "538 (1-24E)", "from_stop": "", "to_stop": "", "operator": "smart bus", "network": "smart bus", "route_type": "bus", "coord_count": 46 }, "geometry": { "type": "LineString", "coordinates": [ [ 100.5391867, 13.7653062 ], [ 100.7319028, 14.035649 ], [ 100.5302341, 13.7599552 ], [ 100.6023924, 13.9221723 ], [ 100.6202428, 13.9602779 ], [ 100.6149982, 13.9888622 ], [ 100.5446513, 13.7633488 ], [ 100.5409478, 13.763859 ], [ 100.5492835, 13.7672697 ], [ 100.5605514, 13.7973937 ], [ 100.5609956, 13.7940534 ], [ 100.5612229, 13.7906852 ], [ 100.5601365, 13.7864311 ], [ 100.558822, 13.7840301 ], [ 100.5561407, 13.7795484 ], [ 100.5546548, 13.776919 ], [ 100.5529263, 13.7737642 ], [ 100.5513652, 13.7707987 ], [ 100.7320476, 14.025474 ], [ 100.7320199, 14.0315695 ], [ 100.7121747, 14.0108715 ], [ 100.7160969, 14.0125499 ], [ 100.7182157, 14.0134739 ], [ 100.7231071, 14.01552 ], [ 100.7292456, 14.0181525 ], [ 100.7084927, 14.0093048 ], [ 100.6975168, 14.0046579 ], [ 100.6952148, 14.003643 ], [ 100.6908535, 14.0017895 ], [ 100.6893403, 14.0010984 ], [ 100.6813958, 13.999073 ], [ 100.6852632, 13.9998738 ], [ 100.6198594, 13.9624903 ], [ 100.6193474, 13.9651202 ], [ 100.6185681, 13.9696724 ], [ 100.6176401, 13.9747595 ], [ 100.6036296, 13.9241977 ], [ 100.6055389, 13.9275756 ], [ 100.6077377, 13.9315088 ], [ 100.612221, 13.9396666 ], [ 100.6133353, 13.9416347 ], [ 100.6149452, 13.9445381 ], [ 100.6163544, 13.9470167 ], [ 100.6188388, 13.9515118 ], [ 100.6200807, 13.9537528 ], [ 100.5326622, 13.7588489 ] ] } },
{ "type": "Feature", "properties": { "route_id": 14144073, "name": "50 (2-7) สวนลุมพินี - พระราม 7", "ref": "50 (2-7)", "from_stop": "", "to_stop": "", "operator": "BMTA", "network": "BMTA", "route_type": "bus", "coord_count": 38 }, "geometry": { "type": "LineString", "coordinates": [ [ 100.5115066, 13.8113651 ], [ 100.5114193, 13.8114383 ], [ 100.5447707, 13.7280459 ], [ 100.5447008, 13.7280872 ], [ 100.5133237, 13.8124899 ], [ 100.5133674, 13.8125485 ], [ 100.5403341, 13.7342044 ], [ 100.5394622, 13.8032714 ], [ 100.5288227, 13.7340804 ], [ 100.5291586, 13.7361738 ], [ 100.5294507, 13.7381189 ], [ 100.5298947, 13.7410141 ], [ 100.5303629, 13.7443552 ], [ 100.5314676, 13.752007 ], [ 100.5353832, 13.7298722 ], [ 100.5246213, 13.8246741 ], [ 100.527237, 13.8270115 ], [ 100.523058, 13.8232611 ], [ 100.5215222, 13.8218533 ], [ 100.5202786, 13.8207329 ], [ 100.5180945, 13.81874 ], [ 100.5307215, 13.7950932 ], [ 100.5314939, 13.7964988 ], [ 100.5329833, 13.7992354 ], [ 100.5344996, 13.8019776 ], [ 100.5323365, 13.8058547 ], [ 100.5250225, 13.7846205 ], [ 100.5259785, 13.7863819 ], [ 100.5266133, 13.7875602 ], [ 100.5273445, 13.7889194 ], [ 100.529238, 13.7923677 ], [ 100.5279643, 13.7544814 ], [ 100.5244766, 13.7557325 ], [ 100.5210475, 13.7585655 ], [ 100.5223887, 13.7619014 ], [ 100.5453105, 13.7316239 ], [ 100.5450864, 13.7303236 ], [ 100.5445653, 13.734066 ] ] } },
{ "type": "Feature", "properties": { "route_id": 14158409, "name": "556 ปอ. (4-64) วัดไร่ขิง - อนุสาวรีย์ประชาธิปไตย", "ref": "556 AC (4-64)", "from_stop": "", "to_stop": "", "operator": "BMTA", "network": "BMTA", "route_type": "bus", "coord_count": 52 }, "geometry": { "type": "LineString", "coordinates": [ [ 100.4884052, 13.7656139 ], [ 100.484065, 13.7711293 ], [ 100.2622583, 13.746011 ], [ 100.4976122, 13.7577995 ], [ 100.2762188, 13.7860368 ], [ 100.2592608, 13.7415286 ], [ 100.3964337, 13.7845627 ], [ 100.4017709, 13.7840117 ], [ 100.4053684, 13.7836364 ], [ 100.4162749, 13.782553 ], [ 100.4217365, 13.7819729 ], [ 100.4200426, 13.7821648 ], [ 100.3863743, 13.7855903 ], [ 100.3893411, 13.7852776 ], [ 100.4790496, 13.7766535 ], [ 100.4806489, 13.7750362 ], [ 100.363738, 13.7879248 ], [ 100.3680186, 13.7874969 ], [ 100.3719734, 13.7870862 ], [ 100.3760432, 13.786663 ], [ 100.3778536, 13.7864868 ], [ 100.38082, 13.7861635 ], [ 100.4721979, 13.7839224 ], [ 100.4742572, 13.7817348 ], [ 100.4753051, 13.7806085 ], [ 100.2696879, 13.7857788 ], [ 100.2732818, 13.7859192 ], [ 100.2792846, 13.7861392 ], [ 100.283199, 13.7862761 ], [ 100.2870675, 13.7864286 ], [ 100.2928145, 13.7866248 ], [ 100.2982527, 13.7868514 ], [ 100.3019267, 13.7869745 ], [ 100.303967, 13.7870536 ], [ 100.3338247, 13.7881584 ], [ 100.3394302, 13.7883642 ], [ 100.3420484, 13.7884599 ], [ 100.3273799, 13.799965 ], [ 100.3435844, 13.788527 ], [ 100.3514552, 13.7888124 ], [ 100.3535838, 13.7888472 ], [ 100.3565134, 13.7886997 ], [ 100.3573806, 13.7886013 ], [ 100.3609234, 13.7882397 ], [ 100.3589243, 13.78844 ], [ 100.500132, 13.756808 ], [ 100.2481682, 13.7839167 ], [ 100.3272267, 13.7927195 ], [ 100.3270935, 13.7969694 ], [ 100.3275352, 13.7963165 ], [ 100.3276817, 13.7930165 ], [ 100.4777453, 13.7780114 ] ] } },
{ "type": "Feature", "properties": { "route_id": 14158410, "name": "556 ปอ. (4-64) อนุสาวรีย์ประชาธิปไตย - วัดไร่ขิง", "ref": "556 AC (4-64)", "from_stop": "", "to_stop": "", "operator": "BMTA", "network": "BMTA", "route_type": "bus", "coord_count": 41 }, "geometry": { "type": "LineString", "coordinates": [ [ 100.4879947, 13.7652886 ], [ 100.4228662, 13.7811461 ], [ 100.2622583, 13.746011 ], [ 100.4979883, 13.7572484 ], [ 100.4272867, 13.7808935 ], [ 100.4801453, 13.7748371 ], [ 100.4783131, 13.7768686 ], [ 100.4835788, 13.7709813 ], [ 100.4018942, 13.78348 ], [ 100.3971982, 13.7839567 ], [ 100.3897134, 13.7847241 ], [ 100.4163872, 13.7820075 ], [ 100.3846097, 13.7852589 ], [ 100.3778471, 13.7859484 ], [ 100.3759154, 13.7861605 ], [ 100.371917, 13.7865659 ], [ 100.3681789, 13.7869517 ], [ 100.3637431, 13.7874366 ], [ 100.2798695, 13.7856457 ], [ 100.2736721, 13.7854158 ], [ 100.2697328, 13.7852778 ], [ 100.2881035, 13.7859512 ], [ 100.2944157, 13.7861852 ], [ 100.2983439, 13.7863252 ], [ 100.3035514, 13.7865255 ], [ 100.3416248, 13.7879206 ], [ 100.3393858, 13.7878456 ], [ 100.3338442, 13.7876428 ], [ 100.2591723, 13.741678 ], [ 100.3273799, 13.799965 ], [ 100.3593361, 13.7878843 ], [ 100.3573462, 13.7880898 ], [ 100.3516433, 13.7882944 ], [ 100.347907, 13.7881606 ], [ 100.3444275, 13.7880314 ], [ 100.500132, 13.756808 ], [ 100.3272267, 13.7927195 ], [ 100.3270935, 13.7969694 ], [ 100.3275352, 13.7963165 ], [ 100.3276817, 13.7930165 ], [ 100.4764753, 13.7788999 ] ] } },
{ "type": "Feature", "properties": { "route_id": 14163358, "name": "2-36 ไทรน้อย - ศูนย์ราชการฯ แจ้งวัฒนะ", "ref": "2-36", "from_stop": "", "to_stop": "", "operator": "BMTA", "network": "BMTA", "route_type": "bus", "coord_count": 23 }, "geometry": { "type": "LineString", "coordinates": [ [ 100.4170995, 13.923532 ], [ 100.4171308, 13.9236221 ], [ 100.3981397, 13.9343425 ], [ 100.5628995, 13.8820572 ], [ 100.3066172, 13.972607 ], [ 100.4549266, 13.9346414 ], [ 100.456467, 13.9379483 ], [ 100.4569737, 13.9377851 ], [ 100.4559565, 13.9357894 ], [ 100.5641876, 13.8908431 ], [ 100.5648356, 13.8882199 ], [ 100.4679492, 13.9250459 ], [ 100.3091499, 13.9753854 ], [ 100.3993466, 13.9335771 ], [ 100.3941646, 13.9368441 ], [ 100.4060812, 13.9297068 ], [ 100.4075683, 13.9288552 ], [ 100.4351381, 13.925816 ], [ 100.4321722, 13.9245243 ], [ 100.4433048, 13.9292868 ], [ 100.4988896, 13.9103 ], [ 100.3108386, 13.9777382 ], [ 100.3124775, 13.9809599 ] ] } },
{ "type": "Feature", "properties": { "route_id": 14163359, "name": "2-36 ศูนย์ราชการฯ แจ้งวัฒนะ - ไทรน้อย", "ref": "2-36", "from_stop": "", "to_stop": "", "operator": "BMTA", "network": "BMTA", "route_type": "bus", "coord_count": 28 }, "geometry": { "type": "LineString", "coordinates": [ [ 100.5628995, 13.8820572 ], [ 100.3066172, 13.972607 ], [ 100.3092223, 13.9753375 ], [ 100.4549266, 13.9346414 ], [ 100.456467, 13.9379483 ], [ 100.4569737, 13.9377851 ], [ 100.4559565, 13.9357894 ], [ 100.3320749, 13.9765069 ], [ 100.32977, 13.9779755 ], [ 100.3252063, 13.9808354 ], [ 100.3209603, 13.9835098 ], [ 100.3190267, 13.9847185 ], [ 100.312077, 13.9799991 ], [ 100.3109586, 13.9776567 ], [ 100.4678775, 13.9246882 ], [ 100.3975637, 13.9344108 ], [ 100.3994384, 13.9332293 ], [ 100.3941924, 13.9365316 ], [ 100.4067717, 13.9290335 ], [ 100.4055093, 13.9297559 ], [ 100.4354117, 13.9256728 ], [ 100.4330731, 13.9246134 ], [ 100.443565, 13.9289744 ], [ 100.4988896, 13.9103 ], [ 100.5658821, 13.8842417 ], [ 100.4173665, 13.9232312 ], [ 100.5688557, 13.8883051 ], [ 100.5691246, 13.8892413 ] ] } },
{ "type": "Feature", "properties": { "route_id": 14166532, "name": "ต.1140 สำโรง - คลองด่าน", "ref": "ต.1140", "from_stop": "", "to_stop": "", "operator": "", "network": "", "route_type": "bus", "coord_count": 19 }, "geometry": { "type": "LineString", "coordinates": [ [ 100.8222842, 13.5079198 ], [ 100.5986942, 13.6520559 ], [ 100.5974672, 13.6502019 ], [ 100.5951111, 13.6444961 ], [ 100.5891358, 13.6299759 ], [ 100.5972216, 13.6021276 ], [ 100.5933204, 13.6400857 ], [ 100.5923113, 13.6375752 ], [ 100.5915085, 13.6356563 ], [ 100.5984264, 13.6000049 ], [ 100.6050438, 13.596901 ], [ 100.7538129, 13.5033929 ], [ 100.7594952, 13.5025829 ], [ 100.7678712, 13.5013774 ], [ 100.7696163, 13.5011865 ], [ 100.7767924, 13.503741 ], [ 100.7796037, 13.5064549 ], [ 100.7805463, 13.5073464 ], [ 100.7866523, 13.5127148 ] ] } },
{ "type": "Feature", "properties": { "route_id": 14166533, "name": "ต.1140 คลองด่าน - สำโรง", "ref": "ต.1140", "from_stop": "", "to_stop": "", "operator": "", "network": "", "route_type": "bus", "coord_count": 4 }, "geometry": { "type": "LineString", "coordinates": [ [ 100.8222842, 13.5079198 ], [ 100.5986942, 13.6520559 ], [ 100.7532041, 13.5031232 ], [ 100.5969291, 13.6022164 ] ] } },
{ "type": "Feature", "properties": { "route_id": 14171940, "name": "4-70E เซ็นทรัลศาลายา - สถานีรถไฟฟ้าหมอชิต", "ref": "4-70E", "from_stop": "", "to_stop": "", "operator": "BMTA", "network": "BMTA", "route_type": "bus", "coord_count": 48 }, "geometry": { "type": "LineString", "coordinates": [ [ 100.5541188, 13.8037679 ], [ 100.2786115, 13.7870278 ], [ 100.3964337, 13.7845627 ], [ 100.4017709, 13.7840117 ], [ 100.4053684, 13.7836364 ], [ 100.4162749, 13.782553 ], [ 100.4217365, 13.7819729 ], [ 100.4200426, 13.7821648 ], [ 100.5534966, 13.8027584 ], [ 100.2772804, 13.7862962 ], [ 100.4275662, 13.7813735 ], [ 100.4320484, 13.7809242 ], [ 100.4394355, 13.7802267 ], [ 100.3863743, 13.7855903 ], [ 100.3893411, 13.7852776 ], [ 100.363738, 13.7879248 ], [ 100.3680186, 13.7874969 ], [ 100.3719734, 13.7870862 ], [ 100.3760432, 13.786663 ], [ 100.3778536, 13.7864868 ], [ 100.38082, 13.7861635 ], [ 100.2792846, 13.7861392 ], [ 100.283199, 13.7862761 ], [ 100.2870675, 13.7864286 ], [ 100.2928145, 13.7866248 ], [ 100.2982527, 13.7868514 ], [ 100.3019267, 13.7869745 ], [ 100.3048908, 13.8025351 ], [ 100.3135565, 13.8018697 ], [ 100.3162647, 13.8016635 ], [ 100.3183121, 13.8015433 ], [ 100.3223751, 13.8013683 ], [ 100.3242506, 13.8013088 ], [ 100.3275352, 13.7963165 ], [ 100.3276817, 13.7930165 ], [ 100.3034342, 13.7988321 ], [ 100.3032372, 13.7959749 ], [ 100.3338247, 13.7881584 ], [ 100.3394302, 13.7883642 ], [ 100.3420484, 13.7884599 ], [ 100.5485475, 13.7991581 ], [ 100.3435844, 13.788527 ], [ 100.3514552, 13.7888124 ], [ 100.3535838, 13.7888472 ], [ 100.3565134, 13.7886997 ], [ 100.3573806, 13.7886013 ], [ 100.3609234, 13.7882397 ], [ 100.3589243, 13.78844 ] ] } },
{ "type": "Feature", "properties": { "route_id": 14228310, "name": "545 (2-26) ท่าน้ำนนทบุรี - พัฒนาการ", "ref": "545 (2-26)", "from_stop": "", "to_stop": "", "operator": "smart bus", "network": "smart bus", "route_type": "bus", "coord_count": 51 }, "geometry": { "type": "LineString", "coordinates": [ [ 100.4937418, 13.8428799 ], [ 100.4937279, 13.8429234 ], [ 100.5139745, 13.8475603 ], [ 100.5139281, 13.8475913 ], [ 100.5115772, 13.844263 ], [ 100.5116365, 13.8442099 ], [ 100.6429171, 13.7674962 ], [ 100.563246, 13.8119927 ], [ 100.5649022, 13.8110885 ], [ 100.568297, 13.809179 ], [ 100.5700689, 13.8081947 ], [ 100.5721001, 13.807109 ], [ 100.5670452, 13.8249185 ], [ 100.5655041, 13.8223302 ], [ 100.563992, 13.8197434 ], [ 100.5629618, 13.8179263 ], [ 100.6426949, 13.7622391 ], [ 100.6403755, 13.7620057 ], [ 100.6367027, 13.7616002 ], [ 100.6334772, 13.7612301 ], [ 100.6306998, 13.7609139 ], [ 100.6260065, 13.7603756 ], [ 100.6160354, 13.7577153 ], [ 100.6213153, 13.7598292 ], [ 100.6146753, 13.7563712 ], [ 100.6127055, 13.7543645 ], [ 100.5951023, 13.7941863 ], [ 100.5973454, 13.79295 ], [ 100.6004825, 13.791202 ], [ 100.6027269, 13.7899386 ], [ 100.6046105, 13.7888713 ], [ 100.6065381, 13.7878207 ], [ 100.6105559, 13.7855595 ], [ 100.6124987, 13.7844644 ], [ 100.6151465, 13.783 ], [ 100.6385804, 13.7698947 ], [ 100.6367446, 13.770928 ], [ 100.634122, 13.772388 ], [ 100.6315085, 13.7738424 ], [ 100.6303167, 13.7745145 ], [ 100.6275052, 13.7760756 ], [ 100.6252479, 13.7773396 ], [ 100.6234868, 13.7783139 ], [ 100.6203843, 13.7800574 ], [ 100.6189204, 13.7808777 ], [ 100.5266234, 13.8586362 ], [ 100.5286508, 13.8583895 ], [ 100.5314413, 13.8580507 ], [ 100.6404983, 13.7688488 ], [ 100.5746331, 13.8378371 ], [ 100.5730666, 13.8352154 ] ] } },
{ "type": "Feature", "properties": { "route_id": 14228311, "name": "545 (2-26) พัฒนาการ - ท่าน้ำนนทบุรี", "ref": "545 (2-26)", "from_stop": "", "to_stop": "", "operator": "smart bus", "network": "smart bus", "route_type": "bus", "coord_count": 38 }, "geometry": { "type": "LineString", "coordinates": [ [ 100.4937418, 13.8428799 ], [ 100.4937279, 13.8429234 ], [ 100.5118464, 13.844088 ], [ 100.5119091, 13.8440694 ], [ 100.561455, 13.8161295 ], [ 100.6151719, 13.736209 ], [ 100.6424357, 13.7674149 ], [ 100.6144771, 13.7565013 ], [ 100.6125138, 13.7545597 ], [ 100.6180964, 13.7595569 ], [ 100.6228216, 13.7602484 ], [ 100.6270932, 13.7607263 ], [ 100.6313122, 13.7612199 ], [ 100.6347865, 13.7616055 ], [ 100.6380937, 13.761999 ], [ 100.6394807, 13.7621509 ], [ 100.6454953, 13.7635099 ], [ 100.640015, 13.7687356 ], [ 100.6386891, 13.7695367 ], [ 100.6368961, 13.770564 ], [ 100.6346282, 13.7718321 ], [ 100.6322084, 13.7731925 ], [ 100.6296873, 13.7746123 ], [ 100.6274614, 13.7758612 ], [ 100.6249308, 13.7772626 ], [ 100.6224347, 13.7786522 ], [ 100.6104933, 13.7853261 ], [ 100.6123485, 13.7842957 ], [ 100.6153305, 13.7826348 ], [ 100.6191025, 13.7805202 ], [ 100.6067673, 13.7874163 ], [ 100.6044841, 13.7887015 ], [ 100.6023075, 13.7899115 ], [ 100.6004691, 13.7909482 ], [ 100.5970342, 13.792862 ], [ 100.59499, 13.7940232 ], [ 100.6068141, 13.7489683 ], [ 100.609143, 13.7511958 ] ] } },
{ "type": "Feature", "properties": { "route_id": 14230570, "name": "187 (1-17) รังสิตคลอง 3 - อนุสาวรีย์ชัยสมรภูมิ", "ref": "187 (1-17)", "from_stop": "", "to_stop": "", "operator": "smart bus", "network": "smart bus", "route_type": "bus", "coord_count": 20 }, "geometry": { "type": "LineString", "coordinates": [ [ 100.5391867, 13.7653062 ], [ 100.6635924, 14.052523 ], [ 100.6154737, 13.9908192 ], [ 100.6027904, 13.922042 ], [ 100.5458694, 13.763376 ], [ 100.6161466, 13.9872721 ], [ 100.6594829, 13.9940525 ], [ 100.6622194, 13.994592 ], [ 100.6666665, 13.9954279 ], [ 100.6679614, 13.9957111 ], [ 100.6725836, 13.9967171 ], [ 100.6198653, 13.952205 ], [ 100.6182415, 13.9492812 ], [ 100.6168655, 13.9468632 ], [ 100.6154281, 13.9442847 ], [ 100.6141279, 13.9419944 ], [ 100.612676, 13.9394102 ], [ 100.6075561, 13.9304843 ], [ 100.6058752, 13.9274954 ], [ 100.5810659, 13.8825284 ] ] } },
{ "type": "Feature", "properties": { "route_id": 14230571, "name": "187 (1-17) อนุสาวรีย์ชัยสมรภูมิ - รังสิตคลอง 3", "ref": "187 (1-17)", "from_stop": "", "to_stop": "", "operator": "smart bus", "network": "smart bus", "route_type": "bus", "coord_count": 35 }, "geometry": { "type": "LineString", "coordinates": [ [ 100.5391867, 13.7653062 ], [ 100.6634478, 14.0525227 ], [ 100.6149982, 13.9888622 ], [ 100.6023924, 13.9221723 ], [ 100.5446513, 13.7633488 ], [ 100.5409478, 13.763859 ], [ 100.5492835, 13.7672697 ], [ 100.5595495, 13.8076559 ], [ 100.5598476, 13.8052499 ], [ 100.5600178, 13.8032421 ], [ 100.5603244, 13.7996514 ], [ 100.5605514, 13.7973937 ], [ 100.5609956, 13.7940534 ], [ 100.5612229, 13.7906852 ], [ 100.5601365, 13.7864311 ], [ 100.558822, 13.7840301 ], [ 100.5561407, 13.7795484 ], [ 100.5546548, 13.776919 ], [ 100.5529263, 13.7737642 ], [ 100.5513652, 13.7707987 ], [ 100.5588242, 13.8142246 ], [ 100.5583285, 13.8188214 ], [ 100.5581299, 13.821977 ], [ 100.5577701, 13.8250213 ], [ 100.6036296, 13.9241977 ], [ 100.6055389, 13.9275756 ], [ 100.6077377, 13.9315088 ], [ 100.612221, 13.9396666 ], [ 100.6133353, 13.9416347 ], [ 100.6149452, 13.9445381 ], [ 100.6163544, 13.9470167 ], [ 100.6188388, 13.9515118 ], [ 100.6200807, 13.9537528 ], [ 100.5569982, 13.8332724 ], [ 100.5573852, 13.839602 ] ] } },
{ "type": "Feature", "properties": { "route_id": 14461248, "name": "รถป็อป สาย 1", "ref": "CUPOP 1", "from_stop": "ศาลาพระเกี้ยว", "to_stop": "BTS สยาม", "operator": "Chulalongkorn University", "network": "Chula Pop Bus", "route_type": "bus", "coord_count": 12 }, "geometry": { "type": "LineString", "coordinates": [ [ 100.5308403, 13.7395576 ], [ 100.5331867, 13.7390833 ], [ 100.5329169, 13.737549 ], [ 100.5318335, 13.73473 ], [ 100.5356177, 13.7448757 ], [ 100.5325744, 13.7458154 ], [ 100.5333943, 13.7343487 ], [ 100.534724, 13.7392848 ], [ 100.5350965, 13.7417262 ], [ 100.5304872, 13.7435144 ], [ 100.5321883, 13.7425073 ], [ 100.5333922, 13.742302 ] ] } },
{ "type": "Feature", "properties": { "route_id": 14461249, "name": "รถป็อป สาย 2", "ref": "ป็อป2", "from_stop": "ศาลาพระเกี้ยว", "to_stop": "BTS สนามกีฬาฯ", "operator": "Chulalongkorn University", "network": "", "route_type": "bus", "coord_count": 21 }, "geometry": { "type": "LineString", "coordinates": [ [ 100.5329169, 13.737549 ], [ 100.5331867, 13.7390833 ], [ 100.5262979, 13.7396226 ], [ 100.529474, 13.7389846 ], [ 100.5308403, 13.7395576 ], [ 100.5308613, 13.7358471 ], [ 100.5312476, 13.7375457 ], [ 100.5290075, 13.7379096 ], [ 100.5253909, 13.7389218 ], [ 100.5259649, 13.7363691 ], [ 100.526641, 13.7379815 ], [ 100.5273745, 13.7406518 ], [ 100.5278536, 13.7425583 ], [ 100.5278079, 13.742729 ], [ 100.5279633, 13.7435221 ], [ 100.5280245, 13.743534 ], [ 100.5249528, 13.7443693 ], [ 100.5274997, 13.7408728 ], [ 100.5319593, 13.7355637 ], [ 100.5249424, 13.7456015 ], [ 100.5284759, 13.7461892 ] ] } },
{ "type": "Feature", "properties": { "route_id": 14572953, "name": "17 (4-3) บิ๊กซี พระประแดง - อนุสาวรีย์ชัยสมรภูมิ", "ref": "17 (4-3)", "from_stop": "", "to_stop": "", "operator": "TSB", "network": "TSB", "route_type": "bus", "coord_count": 38 }, "geometry": { "type": "LineString", "coordinates": [ [ 100.5384722, 13.7641638 ], [ 100.5204885, 13.6545056 ], [ 100.49627, 13.6982173 ], [ 100.4984641, 13.6985522 ], [ 100.5127078, 13.6689106 ], [ 100.5085268, 13.6715539 ], [ 100.5039481, 13.7035067 ], [ 100.5416766, 13.7533375 ], [ 100.5404919, 13.7473108 ], [ 100.5002191, 13.7001173 ], [ 100.5023587, 13.7020592 ], [ 100.505215, 13.7046628 ], [ 100.5065749, 13.7058962 ], [ 100.5082678, 13.7074205 ], [ 100.5120136, 13.7116241 ], [ 100.512816, 13.7134726 ], [ 100.5135639, 13.7151576 ], [ 100.5141231, 13.716449 ], [ 100.5217582, 13.7195346 ], [ 100.5236274, 13.7200849 ], [ 100.5157342, 13.666396 ], [ 100.5105242, 13.6702591 ], [ 100.5024123, 13.6763431 ], [ 100.502834, 13.6776647 ], [ 100.5032432, 13.6791756 ], [ 100.5023139, 13.6821188 ], [ 100.5406868, 13.7637208 ], [ 100.5424022, 13.7608296 ], [ 100.526637, 13.7209887 ], [ 100.5453105, 13.7316239 ], [ 100.5450864, 13.7303236 ], [ 100.5447008, 13.7280872 ], [ 100.5039419, 13.6744209 ], [ 100.4887362, 13.6893865 ], [ 100.486207, 13.696797 ], [ 100.4954829, 13.6845377 ], [ 100.5098511, 13.7088695 ], [ 100.5457823, 13.7435105 ] ] } },
{ "type": "Feature", "properties": { "route_id": 14572954, "name": "17 (4-3) อนุสาวรีย์ชัยสมรภูมิ - บิ๊กซี พระประแดง", "ref": "17 (4-3)", "from_stop": "", "to_stop": "", "operator": "TSB", "network": "TSB", "route_type": "bus", "coord_count": 28 }, "geometry": { "type": "LineString", "coordinates": [ [ 100.5384722, 13.7641638 ], [ 100.5213642, 13.6531706 ], [ 100.4963794, 13.697618 ], [ 100.5186804, 13.7182267 ], [ 100.5028054, 13.6771121 ], [ 100.5033879, 13.6793796 ], [ 100.5037463, 13.6812725 ], [ 100.5043336, 13.7036952 ], [ 100.5006528, 13.7003748 ], [ 100.5286913, 13.7212172 ], [ 100.5366969, 13.7618132 ], [ 100.5352911, 13.7592845 ], [ 100.5327982, 13.7548007 ], [ 100.5337995, 13.756611 ], [ 100.5358051, 13.7519312 ], [ 100.5372978, 13.7513989 ], [ 100.5444172, 13.7342648 ], [ 100.5457665, 13.7324679 ], [ 100.545441, 13.7305986 ], [ 100.5071549, 13.6727948 ], [ 100.5134441, 13.668817 ], [ 100.4888411, 13.6895554 ], [ 100.4864035, 13.6969609 ], [ 100.4983751, 13.6982878 ], [ 100.5057963, 13.7050005 ], [ 100.5071856, 13.7062743 ], [ 100.5104042, 13.7092111 ], [ 100.5087601, 13.7076968 ] ] } },
{ "type": "Feature", "properties": { "route_id": 14694712, "name": "4-34 วงกลม : พระประแดง - เคหะธนบุรี (วนซ้าย)", "ref": "4-34", "from_stop": "", "to_stop": "", "operator": "TSB", "network": "TSB", "route_type": "bus", "coord_count": 36 }, "geometry": { "type": "LineString", "coordinates": [ [ 100.4688181, 13.6260355 ], [ 100.4344949, 13.6291634 ], [ 100.4291726, 13.6557283 ], [ 100.4252353, 13.6528184 ], [ 100.4229594, 13.6511393 ], [ 100.4174092, 13.6389731 ], [ 100.4869313, 13.684054 ], [ 100.4850272, 13.6834099 ], [ 100.4818144, 13.6826057 ], [ 100.4783817, 13.6816648 ], [ 100.47502, 13.6808662 ], [ 100.4722481, 13.680149 ], [ 100.4684089, 13.6791021 ], [ 100.4667568, 13.6784369 ], [ 100.5127078, 13.6689106 ], [ 100.5105242, 13.6702591 ], [ 100.5085268, 13.6715539 ], [ 100.5000408, 13.6768651 ], [ 100.4979906, 13.6781544 ], [ 100.4956573, 13.6796453 ], [ 100.4942464, 13.6805964 ], [ 100.4914845, 13.6825428 ], [ 100.413906, 13.6444078 ], [ 100.4207862, 13.6495193 ], [ 100.4153396, 13.6455015 ], [ 100.4401228, 13.6624596 ], [ 100.4361263, 13.6600526 ], [ 100.4600131, 13.6744976 ], [ 100.447648, 13.6670128 ], [ 100.4451962, 13.6655162 ], [ 100.5039419, 13.6744209 ], [ 100.4627002, 13.6760925 ], [ 100.4613309, 13.6752688 ], [ 100.4560109, 13.6720502 ], [ 100.4506608, 13.6688298 ], [ 100.4490573, 13.6678577 ] ] } },
{ "type": "Feature", "properties": { "route_id": 14694713, "name": "3-53 สถานีรถไฟฟ้าหัวหมาก - เสาชิงช้า", "ref": "3-53", "from_stop": "", "to_stop": "", "operator": "", "network": "TSB", "route_type": "bus", "coord_count": 31 }, "geometry": { "type": "LineString", "coordinates": [ [ 100.5041982, 13.7510416 ], [ 100.5032735, 13.7476489 ], [ 100.6411981, 13.7374181 ], [ 100.50165, 13.7493361 ], [ 100.5179834, 13.7369281 ], [ 100.6375091, 13.7518176 ], [ 100.6364816, 13.7519053 ], [ 100.6432185, 13.745148 ], [ 100.6441472, 13.7487351 ], [ 100.6127055, 13.7543645 ], [ 100.5353832, 13.7298722 ], [ 100.501551, 13.7552416 ], [ 100.5011061, 13.7527083 ], [ 100.5050024, 13.754412 ], [ 100.5400076, 13.7420514 ], [ 100.5395857, 13.7394394 ], [ 100.539204, 13.7369876 ], [ 100.5123253, 13.7384508 ], [ 100.5108666, 13.7396852 ], [ 100.507711, 13.7415174 ], [ 100.5054593, 13.7436567 ], [ 100.5234179, 13.7348082 ], [ 100.5264863, 13.7335351 ], [ 100.5875818, 13.7440086 ], [ 100.5584835, 13.738242 ], [ 100.556887, 13.7393716 ], [ 100.5550034, 13.7407235 ], [ 100.5515032, 13.7424776 ], [ 100.5488387, 13.7429623 ], [ 100.5457823, 13.7435105 ], [ 100.5420051, 13.7441749 ] ] } },
{ "type": "Feature", "properties": { "route_id": 14694714, "name": "3-53 เสาชิงช้า - สถานีรถไฟฟ้าหัวหมาก", "ref": "3-53", "from_stop": "", "to_stop": "", "operator": "TSB", "network": "TSB", "route_type": "bus", "coord_count": 38 }, "geometry": { "type": "LineString", "coordinates": [ [ 100.6416771, 13.7371996 ], [ 100.530414, 13.732345 ], [ 100.5404919, 13.7473108 ], [ 100.545275, 13.743836 ], [ 100.5491343, 13.7431362 ], [ 100.5539147, 13.741748 ], [ 100.5553952, 13.7407003 ], [ 100.5565441, 13.7398879 ], [ 100.557941, 13.7388954 ], [ 100.5593354, 13.7379057 ], [ 100.50165, 13.7493361 ], [ 100.5373248, 13.7316867 ], [ 100.5381907, 13.7339384 ], [ 100.6365289, 13.7522134 ], [ 100.6376324, 13.7521823 ], [ 100.6399475, 13.7524054 ], [ 100.6442084, 13.7479094 ], [ 100.6435503, 13.745329 ], [ 100.6125138, 13.7545597 ], [ 100.5320991, 13.7316382 ], [ 100.5347562, 13.7305216 ], [ 100.6068141, 13.7489683 ], [ 100.609143, 13.7511958 ], [ 100.5389693, 13.7371917 ], [ 100.5393405, 13.7395572 ], [ 100.539723, 13.7421205 ], [ 100.501895, 13.7470886 ], [ 100.5148025, 13.7394364 ], [ 100.5199323, 13.7364899 ], [ 100.5221915, 13.7355861 ], [ 100.523896, 13.7349011 ], [ 100.5255442, 13.7342503 ], [ 100.573957, 13.747317 ], [ 100.5788856, 13.7462029 ], [ 100.5854489, 13.7447176 ], [ 100.588783, 13.7439464 ], [ 100.5925366, 13.7431148 ], [ 100.5954821, 13.7424683 ] ] } },
{ "type": "Feature", "properties": { "route_id": 14694716, "name": "1-61 บ้านเอื้ออาทรสันติสุข - มีนบุรี", "ref": "1-61", "from_stop": "", "to_stop": "", "operator": "TSB", "network": "TSB", "route_type": "bus", "coord_count": 13 }, "geometry": { "type": "LineString", "coordinates": [ [ 100.7287198, 13.8138626 ], [ 100.9074114, 13.8344081 ], [ 100.7218244, 13.8160553 ], [ 100.7267057, 13.8183519 ], [ 100.7206671, 13.8150304 ], [ 100.719756, 13.8127605 ], [ 100.7223135, 13.812721 ], [ 100.7255713, 13.8126489 ], [ 100.76837, 13.8134583 ], [ 100.7637557, 13.8139236 ], [ 100.7552581, 13.8147538 ], [ 100.7472779, 13.8155915 ], [ 100.7278696, 13.8145556 ] ] } },
{ "type": "Feature", "properties": { "route_id": 14694717, "name": "1-61 มีนบุรี - บ้านเอื้ออาทรสันติสุข", "ref": "1-61", "from_stop": "", "to_stop": "", "operator": "", "network": "TSB", "route_type": "bus", "coord_count": 12 }, "geometry": { "type": "LineString", "coordinates": [ [ 100.7287198, 13.8138626 ], [ 100.9074114, 13.8344081 ], [ 100.7225757, 13.817185 ], [ 100.7271124, 13.818693 ], [ 100.7257145, 13.812366 ], [ 100.723431, 13.8123639 ], [ 100.7199942, 13.8124319 ], [ 100.7207, 13.8154768 ], [ 100.7324182, 13.8191911 ], [ 100.7351899, 13.8194408 ], [ 100.7382274, 13.8197231 ], [ 100.7407139, 13.8199418 ] ] } },
{ "type": "Feature", "properties": { "route_id": 14694719, "name": "131 มีนบุรี - บ้านเอื้ออาทรสันติสุข", "ref": "131", "from_stop": "", "to_stop": "", "operator": "BMTA", "network": "BMTA", "route_type": "bus", "coord_count": 9 }, "geometry": { "type": "LineString", "coordinates": [ [ 100.7287835, 13.8142683 ], [ 100.9074114, 13.8344081 ], [ 100.7324182, 13.8191911 ], [ 100.7351899, 13.8194408 ], [ 100.7382274, 13.8197231 ], [ 100.7407139, 13.8199418 ], [ 100.7317383, 13.8134985 ], [ 100.733039, 13.8142192 ], [ 100.7344313, 13.8149988 ] ] } },
{ "type": "Feature", "properties": { "route_id": 14694720, "name": "131 บ้านเอื้ออาทรสันติสุข - มีนบุรี", "ref": "131", "from_stop": "", "to_stop": "", "operator": "BMTA", "network": "BMTA", "route_type": "bus", "coord_count": 9 }, "geometry": { "type": "LineString", "coordinates": [ [ 100.9074114, 13.8344081 ], [ 100.76837, 13.8134583 ], [ 100.7637557, 13.8139236 ], [ 100.7552581, 13.8147538 ], [ 100.7472779, 13.8155915 ], [ 100.7423705, 13.8151711 ], [ 100.7412954, 13.814574 ], [ 100.738566, 13.8130985 ], [ 100.7278696, 13.8145556 ] ] } },
{ "type": "Feature", "properties": { "route_id": 14695066, "name": "34E (1-2E) รังสิต - หัวลำโพง (ทางด่วน)", "ref": "34E (1-2E)", "from_stop": "", "to_stop": "", "operator": "TSB", "network": "TSB", "route_type": "bus", "coord_count": 25 }, "geometry": { "type": "LineString", "coordinates": [ [ 100.5158354, 13.7402828 ], [ 100.6082971, 13.9873844 ], [ 100.5294139, 13.736137 ], [ 100.529702, 13.7381985 ], [ 100.5300542, 13.7405426 ], [ 100.5384722, 13.7641638 ], [ 100.5304872, 13.7435144 ], [ 100.5992358, 13.8795883 ], [ 100.6025046, 13.885199 ], [ 100.6012336, 13.8830222 ], [ 100.6017377, 13.8716413 ], [ 100.5999859, 13.8725306 ], [ 100.597545, 13.8741702 ], [ 100.6047974, 13.8699325 ], [ 100.6071603, 13.8686562 ], [ 100.6105721, 13.866823 ], [ 100.613327, 13.8653543 ], [ 100.5161272, 13.7384944 ], [ 100.6161466, 13.9872721 ], [ 100.5352911, 13.7592845 ], [ 100.5366969, 13.7618132 ], [ 100.5327982, 13.7548007 ], [ 100.5337995, 13.756611 ], [ 100.5234179, 13.7348082 ], [ 100.5264863, 13.7335351 ] ] } },
{ "type": "Feature", "properties": { "route_id": 14695067, "name": "34E (1-2E) หัวลำโพง - รังสิต (ทางด่วน)", "ref": "34E (1-2E)", "from_stop": "", "to_stop": "", "operator": "TSB", "network": "TSB", "route_type": "bus", "coord_count": 33 }, "geometry": { "type": "LineString", "coordinates": [ [ 100.5158354, 13.7402828 ], [ 100.6074477, 13.9868205 ], [ 100.5288227, 13.7340804 ], [ 100.5291586, 13.7361738 ], [ 100.5294507, 13.7381189 ], [ 100.5298947, 13.7410141 ], [ 100.5303629, 13.7443552 ], [ 100.5391867, 13.7653062 ], [ 100.5162847, 13.7398459 ], [ 100.5446513, 13.7633488 ], [ 100.5314676, 13.752007 ], [ 100.5994049, 13.8804423 ], [ 100.6013047, 13.8836034 ], [ 100.6022443, 13.885194 ], [ 100.6013372, 13.871433 ], [ 100.5994714, 13.8724065 ], [ 100.6130199, 13.8651342 ], [ 100.6103701, 13.8665532 ], [ 100.6062097, 13.8688139 ], [ 100.6046439, 13.8696555 ], [ 100.5197104, 13.739604 ], [ 100.5171124, 13.7388848 ], [ 100.5409478, 13.763859 ], [ 100.5533071, 13.7613993 ], [ 100.5511977, 13.762463 ], [ 100.5679063, 13.7559961 ], [ 100.5716692, 13.7556947 ], [ 100.5757514, 13.7554993 ], [ 100.573933, 13.7556254 ], [ 100.5199323, 13.7364899 ], [ 100.5221915, 13.7355861 ], [ 100.523896, 13.7349011 ], [ 100.5255442, 13.7342503 ] ] } },
{ "type": "Feature", "properties": { "route_id": 14695429, "name": "44 (2-42) เคหะคลองจั่น - ท่าเตียน", "ref": "44 (2-42)", "from_stop": "", "to_stop": "", "operator": "TSB", "network": "TSB", "route_type": "bus", "coord_count": 48 }, "geometry": { "type": "LineString", "coordinates": [ [ 100.4926071, 13.7470839 ], [ 100.6521797, 13.7720047 ], [ 100.4939627, 13.7537199 ], [ 100.506975, 13.7563015 ], [ 100.500132, 13.756808 ], [ 100.5279473, 13.766819 ], [ 100.4939029, 13.7507195 ], [ 100.4944932, 13.7556427 ], [ 100.6536705, 13.7717574 ], [ 100.6481321, 13.7833739 ], [ 100.6494823, 13.7816968 ], [ 100.6506467, 13.7801135 ], [ 100.6520647, 13.7777688 ], [ 100.6531437, 13.7754254 ], [ 100.6534342, 13.7742579 ], [ 100.6469168, 13.7829677 ], [ 100.6461537, 13.7818267 ], [ 100.6446153, 13.7780867 ], [ 100.6452773, 13.7756624 ], [ 100.6459445, 13.7743132 ], [ 100.6473649, 13.7716521 ], [ 100.6474827, 13.7701755 ], [ 100.640015, 13.7687356 ], [ 100.6386891, 13.7695367 ], [ 100.6368961, 13.770564 ], [ 100.6346282, 13.7718321 ], [ 100.6322084, 13.7731925 ], [ 100.6296873, 13.7746123 ], [ 100.6274614, 13.7758612 ], [ 100.6249308, 13.7772626 ], [ 100.6224347, 13.7786522 ], [ 100.6104933, 13.7853261 ], [ 100.6123485, 13.7842957 ], [ 100.6153305, 13.7826348 ], [ 100.6191025, 13.7805202 ], [ 100.6067673, 13.7874163 ], [ 100.6044841, 13.7887015 ], [ 100.6023075, 13.7899115 ], [ 100.6004691, 13.7909482 ], [ 100.5970342, 13.792862 ], [ 100.59499, 13.7940232 ], [ 100.5241724, 13.7623547 ], [ 100.5225093, 13.7617788 ], [ 100.5211303, 13.7584302 ], [ 100.5509873, 13.7969982 ], [ 100.5501941, 13.7948002 ], [ 100.5495225, 13.7929764 ], [ 100.6424357, 13.7674149 ] ] } },
{ "type": "Feature", "properties": { "route_id": 14695430, "name": "44 (2-42) ท่าเตียน - เคหะคลองจั่น", "ref": "44 (2-42)", "from_stop": "", "to_stop": "", "operator": "TSB", "network": "TSB", "route_type": "bus", "coord_count": 52 }, "geometry": { "type": "LineString", "coordinates": [ [ 100.4926071, 13.7470839 ], [ 100.6521797, 13.7720047 ], [ 100.6470325, 13.7663643 ], [ 100.4976122, 13.7577995 ], [ 100.4895037, 13.7542281 ], [ 100.4895749, 13.7555655 ], [ 100.5071075, 13.756458 ], [ 100.4900864, 13.7477913 ], [ 100.4895712, 13.7500224 ], [ 100.5096768, 13.7573124 ], [ 100.5132685, 13.7596619 ], [ 100.5149102, 13.7580755 ], [ 100.5541188, 13.8037679 ], [ 100.4921642, 13.7597612 ], [ 100.4967343, 13.7607004 ], [ 100.5002565, 13.7572674 ], [ 100.563246, 13.8119927 ], [ 100.5649022, 13.8110885 ], [ 100.568297, 13.809179 ], [ 100.5700689, 13.8081947 ], [ 100.5721001, 13.807109 ], [ 100.6475402, 13.7678732 ], [ 100.647282, 13.7695697 ], [ 100.6471242, 13.7715968 ], [ 100.6457661, 13.7741454 ], [ 100.6450517, 13.7755936 ], [ 100.6444218, 13.7778554 ], [ 100.6460665, 13.7821396 ], [ 100.5951023, 13.7941863 ], [ 100.5973454, 13.79295 ], [ 100.6004825, 13.791202 ], [ 100.6027269, 13.7899386 ], [ 100.6046105, 13.7888713 ], [ 100.6065381, 13.7878207 ], [ 100.6105559, 13.7855595 ], [ 100.6124987, 13.7844644 ], [ 100.6151465, 13.783 ], [ 100.6385804, 13.7698947 ], [ 100.6367446, 13.770928 ], [ 100.634122, 13.772388 ], [ 100.6315085, 13.7738424 ], [ 100.6303167, 13.7745145 ], [ 100.6275052, 13.7760756 ], [ 100.6252479, 13.7773396 ], [ 100.6234868, 13.7783139 ], [ 100.6203843, 13.7800574 ], [ 100.6189204, 13.7808777 ], [ 100.6429171, 13.7674962 ], [ 100.4923547, 13.7565772 ], [ 100.4892937, 13.7518624 ], [ 100.6404983, 13.7688488 ], [ 100.5315882, 13.7765684 ] ] } },
{ "type": "Feature", "properties": { "route_id": 14695432, "name": "137 วงกลม : รัชดาภิเษก - รามคำแหง (วนขวา)", "ref": "137", "from_stop": "", "to_stop": "", "operator": "BMTA", "network": "BMTA", "route_type": "bus", "coord_count": 34 }, "geometry": { "type": "LineString", "coordinates": [ [ 100.5728809, 13.7593872 ], [ 100.6040583, 13.7477774 ], [ 100.5980003, 13.7498058 ], [ 100.5951614, 13.750732 ], [ 100.6426949, 13.7622391 ], [ 100.6403755, 13.7620057 ], [ 100.6367027, 13.7616002 ], [ 100.6334772, 13.7612301 ], [ 100.6306998, 13.7609139 ], [ 100.6260065, 13.7603756 ], [ 100.6160354, 13.7577153 ], [ 100.6213153, 13.7598292 ], [ 100.6146753, 13.7563712 ], [ 100.6127055, 13.7543645 ], [ 100.5951023, 13.7941863 ], [ 100.5973454, 13.79295 ], [ 100.6004825, 13.791202 ], [ 100.6027269, 13.7899386 ], [ 100.6046105, 13.7888713 ], [ 100.6065381, 13.7878207 ], [ 100.6105559, 13.7855595 ], [ 100.6124987, 13.7844644 ], [ 100.6151465, 13.783 ], [ 100.6385804, 13.7698947 ], [ 100.6367446, 13.770928 ], [ 100.634122, 13.772388 ], [ 100.6315085, 13.7738424 ], [ 100.6303167, 13.7745145 ], [ 100.6275052, 13.7760756 ], [ 100.6252479, 13.7773396 ], [ 100.6234868, 13.7783139 ], [ 100.6203843, 13.7800574 ], [ 100.6189204, 13.7808777 ], [ 100.6404983, 13.7688488 ] ] } },
{ "type": "Feature", "properties": { "route_id": 14695433, "name": "137 วงกลม : รัชดาภิเษก - รามคำแหง (วนซ้าย)", "ref": "137", "from_stop": "", "to_stop": "", "operator": "BMTA", "network": "BMTA", "route_type": "bus", "coord_count": 43 }, "geometry": { "type": "LineString", "coordinates": [ [ 100.5694622, 13.7645566 ], [ 100.5694622, 13.7645566 ], [ 100.5954586, 13.7509471 ], [ 100.5981112, 13.7500792 ], [ 100.6037402, 13.7482104 ], [ 100.6144771, 13.7565013 ], [ 100.6125138, 13.7545597 ], [ 100.6180964, 13.7595569 ], [ 100.6228216, 13.7602484 ], [ 100.6270932, 13.7607263 ], [ 100.6313122, 13.7612199 ], [ 100.6347865, 13.7616055 ], [ 100.6380937, 13.761999 ], [ 100.6394807, 13.7621509 ], [ 100.6454953, 13.7635099 ], [ 100.640015, 13.7687356 ], [ 100.6386891, 13.7695367 ], [ 100.6368961, 13.770564 ], [ 100.6346282, 13.7718321 ], [ 100.6322084, 13.7731925 ], [ 100.6296873, 13.7746123 ], [ 100.6274614, 13.7758612 ], [ 100.6249308, 13.7772626 ], [ 100.6224347, 13.7786522 ], [ 100.6104933, 13.7853261 ], [ 100.6123485, 13.7842957 ], [ 100.6153305, 13.7826348 ], [ 100.6191025, 13.7805202 ], [ 100.6067673, 13.7874163 ], [ 100.6044841, 13.7887015 ], [ 100.6023075, 13.7899115 ], [ 100.6004691, 13.7909482 ], [ 100.5970342, 13.792862 ], [ 100.59499, 13.7940232 ], [ 100.6068141, 13.7489683 ], [ 100.609143, 13.7511958 ], [ 100.5679063, 13.7559961 ], [ 100.5716692, 13.7556947 ], [ 100.5717129, 13.7677955 ], [ 100.5669768, 13.7616971 ], [ 100.5757514, 13.7554993 ], [ 100.573933, 13.7556254 ], [ 100.6424357, 13.7674149 ] ] } },
{ "type": "Feature", "properties": { "route_id": 14698817, "name": "123 (4-50) อ้อมใหญ่ - สนามหลวง", "ref": "123 (4-50)", "from_stop": "", "to_stop": "", "operator": "smart bus", "network": "smart bus", "route_type": "bus", "coord_count": 65 }, "geometry": { "type": "LineString", "coordinates": [ [ 100.492211, 13.760042 ], [ 100.3957097, 13.7103132 ], [ 100.4450732, 13.780958 ], [ 100.3964337, 13.7845627 ], [ 100.4017709, 13.7840117 ], [ 100.4053684, 13.7836364 ], [ 100.4162749, 13.782553 ], [ 100.4217365, 13.7819729 ], [ 100.4200426, 13.7821648 ], [ 100.4320484, 13.7809242 ], [ 100.4275662, 13.7813735 ], [ 100.4394355, 13.7802267 ], [ 100.3946675, 13.775097 ], [ 100.3946149, 13.7773511 ], [ 100.4790496, 13.7766535 ], [ 100.4806489, 13.7750362 ], [ 100.4721979, 13.7839224 ], [ 100.4742572, 13.7817348 ], [ 100.4753051, 13.7806085 ], [ 100.4566758, 13.7844407 ], [ 100.4619171, 13.7860143 ], [ 100.4777453, 13.7780114 ], [ 100.3752279, 13.7082761 ], [ 100.3772155, 13.7084293 ], [ 100.3798424, 13.7086413 ], [ 100.3825429, 13.708842 ], [ 100.3847004, 13.7090195 ], [ 100.3879537, 13.7093057 ], [ 100.3901666, 13.7094709 ], [ 100.3929381, 13.7096675 ], [ 100.3947038, 13.7098126 ], [ 100.2562167, 13.7218042 ], [ 100.2623983, 13.7144194 ], [ 100.2645866, 13.7117592 ], [ 100.2688212, 13.7096816 ], [ 100.2727928, 13.7092765 ], [ 100.278464, 13.7087137 ], [ 100.2839172, 13.7081874 ], [ 100.2875021, 13.7078387 ], [ 100.2894575, 13.7076365 ], [ 100.2935832, 13.7072292 ], [ 100.3006807, 13.7065674 ], [ 100.3041087, 13.7061868 ], [ 100.3099016, 13.7056011 ], [ 100.3133368, 13.7052807 ], [ 100.3153958, 13.7050949 ], [ 100.3196301, 13.7046647 ], [ 100.3248657, 13.7042805 ], [ 100.3288567, 13.7044916 ], [ 100.3349765, 13.7049987 ], [ 100.3375088, 13.7052035 ], [ 100.3394443, 13.7053494 ], [ 100.3513438, 13.7062943 ], [ 100.3536094, 13.7065028 ], [ 100.3562352, 13.7066956 ], [ 100.3482992, 13.7060478 ], [ 100.3440211, 13.7057258 ], [ 100.3418351, 13.7055486 ], [ 100.3664754, 13.7075506 ], [ 100.3686949, 13.7077167 ], [ 100.3702123, 13.7078103 ], [ 100.3599371, 13.7070207 ], [ 100.3631364, 13.7072975 ], [ 100.2589936, 13.7184751 ], [ 100.3722547, 13.7079991 ] ] } },
{ "type": "Feature", "properties": { "route_id": 14698818, "name": "123 (4-50) สนามหลวง - อ้อมใหญ่", "ref": "123 (4-50)", "from_stop": "สนามหลวง", "to_stop": "อ้อมใหญ่", "operator": "smart bus", "network": "smart bus", "route_type": "bus", "coord_count": 58 }, "geometry": { "type": "LineString", "coordinates": [ [ 100.492211, 13.760042 ], [ 100.2562167, 13.7218042 ], [ 100.492562, 13.7565688 ], [ 100.4879947, 13.7652886 ], [ 100.4228662, 13.7811461 ], [ 100.490084, 13.7560677 ], [ 100.4272867, 13.7808935 ], [ 100.3418472, 13.7052364 ], [ 100.3397286, 13.7050638 ], [ 100.3354166, 13.7047183 ], [ 100.4801453, 13.7748371 ], [ 100.4783131, 13.7768686 ], [ 100.4764753, 13.7788999 ], [ 100.3948968, 13.783091 ], [ 100.3950097, 13.7783353 ], [ 100.3950697, 13.7761288 ], [ 100.3971982, 13.7839567 ], [ 100.4018942, 13.78348 ], [ 100.4163872, 13.7820075 ], [ 100.4938507, 13.7545279 ], [ 100.4896104, 13.7506611 ], [ 100.4895528, 13.7528056 ], [ 100.3925324, 13.7093281 ], [ 100.3846241, 13.7086845 ], [ 100.3829899, 13.7085373 ], [ 100.3802697, 13.7083171 ], [ 100.37765, 13.7081124 ], [ 100.3748045, 13.7078634 ], [ 100.3945693, 13.7094894 ], [ 100.3901933, 13.7091508 ], [ 100.3875957, 13.7089522 ], [ 100.2616825, 13.7146938 ], [ 100.2589758, 13.7179383 ], [ 100.2641775, 13.7117017 ], [ 100.2688225, 13.7093181 ], [ 100.272277, 13.7089643 ], [ 100.2775757, 13.7084481 ], [ 100.3041237, 13.7058313 ], [ 100.3101246, 13.7052279 ], [ 100.3132988, 13.7049364 ], [ 100.3152957, 13.7047387 ], [ 100.3196554, 13.7043081 ], [ 100.323647, 13.7038851 ], [ 100.3290872, 13.7041184 ], [ 100.2870562, 13.7075177 ], [ 100.29043, 13.7071903 ], [ 100.2937053, 13.7068292 ], [ 100.2963765, 13.7065308 ], [ 100.3694755, 13.707462 ], [ 100.3667635, 13.7072765 ], [ 100.3441421, 13.7054209 ], [ 100.3485002, 13.7057934 ], [ 100.3514156, 13.7060382 ], [ 100.3537077, 13.7061933 ], [ 100.3562994, 13.7064098 ], [ 100.360474, 13.7067577 ], [ 100.3628619, 13.7069338 ], [ 100.4905828, 13.7471001 ] ] } },
{ "type": "Feature", "properties": { "route_id": 14701060, "name": "38 (3-8) ม.รามคำแหง 2 - อนุสาวรีย์ชัยสมรภูมิ", "ref": "38 (3-8)", "from_stop": "", "to_stop": "", "operator": "smart bus", "network": "smart bus", "route_type": "bus", "coord_count": 18 }, "geometry": { "type": "LineString", "coordinates": [ [ 100.5384722, 13.7641638 ], [ 100.6092009, 13.6795724 ], [ 100.5416766, 13.7533375 ], [ 100.6912471, 13.6731335 ], [ 100.6019841, 13.7033727 ], [ 100.5831506, 13.720841 ], [ 100.581136, 13.7222791 ], [ 100.5424022, 13.7608296 ], [ 100.5406868, 13.7637208 ], [ 100.6237998, 13.6694312 ], [ 100.5947883, 13.7125226 ], [ 100.600826, 13.7056915 ], [ 100.5996568, 13.7081431 ], [ 100.5700844, 13.730058 ], [ 100.5733352, 13.7277658 ], [ 100.5762427, 13.7256995 ], [ 100.5785161, 13.7241236 ], [ 100.6342886, 13.6673831 ] ] } },
{ "type": "Feature", "properties": { "route_id": 14701061, "name": "38 (3-8) อนุสาวรีย์ชัยสมรภูมิ - ม.รามคำแหง 2", "ref": "38 (3-8)", "from_stop": "", "to_stop": "", "operator": "smart bus", "network": "smart bus", "route_type": "bus", "coord_count": 28 }, "geometry": { "type": "LineString", "coordinates": [ [ 100.5384722, 13.7641638 ], [ 100.5440419, 13.7496272 ], [ 100.6097014, 13.6800929 ], [ 100.6912471, 13.6731335 ], [ 100.5863715, 13.7187929 ], [ 100.6105011, 13.6824802 ], [ 100.5372978, 13.7513989 ], [ 100.5358051, 13.7519312 ], [ 100.671983, 13.6559191 ], [ 100.6673985, 13.6584243 ], [ 100.6651133, 13.6597091 ], [ 100.6620182, 13.6614038 ], [ 100.6573968, 13.6636037 ], [ 100.5954353, 13.7123469 ], [ 100.5919572, 13.7148054 ], [ 100.5889859, 13.7169545 ], [ 100.5877235, 13.7178424 ], [ 100.6023359, 13.7032421 ], [ 100.6010049, 13.7059822 ], [ 100.6004869, 13.7070274 ], [ 100.5779938, 13.7247389 ], [ 100.5758339, 13.7262693 ], [ 100.5737929, 13.7276983 ], [ 100.572109, 13.7289099 ], [ 100.5352911, 13.7592845 ], [ 100.5366969, 13.7618132 ], [ 100.5327982, 13.7548007 ], [ 100.5337995, 13.756611 ] ] } },
{ "type": "Feature", "properties": { "route_id": 14701372, "name": "62 (3-42) สาธุประดิษฐ์ - อนุสาวรีย์ชัยสมรภูมิ", "ref": "62 (3-42)", "from_stop": "", "to_stop": "", "operator": "BMTA", "network": "BMTA", "route_type": "bus", "coord_count": 15 }, "geometry": { "type": "LineString", "coordinates": [ [ 100.5384722, 13.7641638 ], [ 100.5416766, 13.7533375 ], [ 100.5316505, 13.6981877 ], [ 100.5284333, 13.6781818 ], [ 100.5396185, 13.7144748 ], [ 100.5406305, 13.7125614 ], [ 100.5429649, 13.7081672 ], [ 100.538963, 13.7052838 ], [ 100.5423759, 13.7579039 ], [ 100.5424022, 13.7608296 ], [ 100.5406868, 13.7637208 ], [ 100.5453105, 13.7316239 ], [ 100.5450864, 13.7303236 ], [ 100.5447008, 13.7280872 ], [ 100.5424351, 13.7496752 ] ] } },
{ "type": "Feature", "properties": { "route_id": 14701572, "name": "62 (3-42) อนุสาวรีย์ชัยสมรภูมิ - สาธุประดิษฐ์", "ref": "62 (3-42)", "from_stop": "", "to_stop": "", "operator": "BMTA", "network": "BMTA", "route_type": "bus", "coord_count": 21 }, "geometry": { "type": "LineString", "coordinates": [ [ 100.5384722, 13.7641638 ], [ 100.5395595, 13.7177074 ], [ 100.5410656, 13.6991809 ], [ 100.5391684, 13.6970718 ], [ 100.5440419, 13.7496272 ], [ 100.5371908, 13.696102 ], [ 100.5284333, 13.6781818 ], [ 100.5408974, 13.7123574 ], [ 100.5395708, 13.7148613 ], [ 100.5352911, 13.7592845 ], [ 100.5366969, 13.7618132 ], [ 100.5457665, 13.7324679 ], [ 100.545441, 13.7305986 ], [ 100.538559, 13.7192133 ], [ 100.5370008, 13.7227179 ], [ 100.5370853, 13.7574182 ], [ 100.5384652, 13.7570995 ], [ 100.5411741, 13.7564679 ], [ 100.5416749, 13.7525418 ], [ 100.5515032, 13.7424776 ], [ 100.5488387, 13.7429623 ] ] } },
{ "type": "Feature", "properties": { "route_id": 14701899, "name": "67 (3-43) วัดเสมียนนารี - เซ็นทรัลพระราม 3", "ref": "67 (3-43)", "from_stop": "", "to_stop": "", "operator": "BMTA", "network": "BMTA", "route_type": "bus", "coord_count": 24 }, "geometry": { "type": "LineString", "coordinates": [ [ 100.5552817, 13.8391444 ], [ 100.5394492, 13.6977495 ], [ 100.5394622, 13.8032714 ], [ 100.5408974, 13.7123574 ], [ 100.5395708, 13.7148613 ], [ 100.5320991, 13.7316382 ], [ 100.530414, 13.732345 ], [ 100.5347562, 13.7305216 ], [ 100.530659, 13.7946634 ], [ 100.5322147, 13.7975106 ], [ 100.5346016, 13.8018739 ], [ 100.5279473, 13.766819 ], [ 100.5333698, 13.6951154 ], [ 100.5381049, 13.6974649 ], [ 100.5395595, 13.7177074 ], [ 100.5433057, 13.7078357 ], [ 100.538559, 13.7192133 ], [ 100.5370008, 13.7227179 ], [ 100.5221915, 13.7355861 ], [ 100.523896, 13.7349011 ], [ 100.5255442, 13.7342503 ], [ 100.5408752, 13.7279766 ], [ 100.5391684, 13.6970718 ], [ 100.5410656, 13.6991809 ] ] } },
{ "type": "Feature", "properties": { "route_id": 14701900, "name": "67 (3-43) เซ็นทรัลพระราม 3 - วัดเสมียนนารี", "ref": "67 (3-43)", "from_stop": "", "to_stop": "", "operator": "BMTA", "network": "BMTA", "route_type": "bus", "coord_count": 18 }, "geometry": { "type": "LineString", "coordinates": [ [ 100.5394492, 13.6977495 ], [ 100.5394622, 13.8032714 ], [ 100.5333698, 13.6951154 ], [ 100.5381049, 13.6974649 ], [ 100.5552817, 13.8391444 ], [ 100.5409739, 13.7275528 ], [ 100.5396185, 13.7144748 ], [ 100.5406305, 13.7125614 ], [ 100.5429649, 13.7081672 ], [ 100.5406587, 13.6996164 ], [ 100.5428271, 13.70327 ], [ 100.5353832, 13.7298722 ], [ 100.5307215, 13.7950932 ], [ 100.5314939, 13.7964988 ], [ 100.5329833, 13.7992354 ], [ 100.5344996, 13.8019776 ], [ 100.5315882, 13.7765684 ], [ 100.5264863, 13.7335351 ] ] } },
{ "type": "Feature", "properties": { "route_id": 14720426, "name": "70 (2-14) ประชานิเวศน์ 3 - สนามหลวง", "ref": "70 (2-14)", "from_stop": "", "to_stop": "", "operator": "BMTA", "network": "BMTA", "route_type": "bus", "coord_count": 34 }, "geometry": { "type": "LineString", "coordinates": [ [ 100.4921642, 13.7597612 ], [ 100.5112214, 13.7672671 ], [ 100.510187, 13.7650668 ], [ 100.5088708, 13.7622696 ], [ 100.5081479, 13.7607383 ], [ 100.5073543, 13.7590347 ], [ 100.506608, 13.7574574 ], [ 100.5125494, 13.7676584 ], [ 100.5142973, 13.7668655 ], [ 100.530659, 13.7946634 ], [ 100.5322147, 13.7975106 ], [ 100.5346016, 13.8018739 ], [ 100.5294543, 13.7924686 ], [ 100.5278527, 13.7894911 ], [ 100.5266596, 13.7873081 ], [ 100.5256995, 13.7855878 ], [ 100.5249387, 13.7841383 ], [ 100.5394622, 13.8032714 ], [ 100.5309918, 13.8816699 ], [ 100.5340045, 13.8821501 ], [ 100.5355413, 13.8819008 ], [ 100.5374559, 13.8815664 ], [ 100.5399173, 13.8810183 ], [ 100.542954, 13.8807442 ], [ 100.5474857, 13.8791712 ], [ 100.5488075, 13.8777727 ], [ 100.5297683, 13.8817671 ], [ 100.5497882, 13.8757815 ], [ 100.5490655, 13.8726132 ], [ 100.5487798, 13.8713864 ], [ 100.5478593, 13.8674627 ], [ 100.5473049, 13.8651618 ], [ 100.5466833, 13.8625061 ], [ 100.5460123, 13.8596791 ] ] } },
{ "type": "Feature", "properties": { "route_id": 14720427, "name": "70 (2-14) สนามหลวง - ประชานิเวศน์ 3", "ref": "70 (2-14)", "from_stop": "", "to_stop": "", "operator": "BMTA", "network": "BMTA", "route_type": "bus", "coord_count": 36 }, "geometry": { "type": "LineString", "coordinates": [ [ 100.4921642, 13.7597612 ], [ 100.5035915, 13.756557 ], [ 100.5065206, 13.75777 ], [ 100.5071932, 13.7591961 ], [ 100.5079569, 13.7608351 ], [ 100.5087207, 13.7624562 ], [ 100.5097909, 13.7647499 ], [ 100.5108238, 13.7669335 ], [ 100.5128151, 13.7677752 ], [ 100.5166689, 13.7692756 ], [ 100.5307215, 13.7950932 ], [ 100.5314939, 13.7964988 ], [ 100.5329833, 13.7992354 ], [ 100.5344996, 13.8019776 ], [ 100.5394622, 13.8032714 ], [ 100.5250225, 13.7846205 ], [ 100.5259785, 13.7863819 ], [ 100.5266133, 13.7875602 ], [ 100.5273445, 13.7889194 ], [ 100.529238, 13.7923677 ], [ 100.5495423, 13.8774272 ], [ 100.5476362, 13.8787633 ], [ 100.5434293, 13.8805236 ], [ 100.5397802, 13.880951 ], [ 100.5374425, 13.8814882 ], [ 100.5354528, 13.8818501 ], [ 100.5339402, 13.8820707 ], [ 100.5308105, 13.8813844 ], [ 100.5297683, 13.8817671 ], [ 100.5450257, 13.8566879 ], [ 100.5458415, 13.8597028 ], [ 100.5464221, 13.8621232 ], [ 100.547059, 13.8647947 ], [ 100.5477022, 13.8675374 ], [ 100.5485246, 13.8710224 ], [ 100.5495309, 13.8752416 ] ] } },
{ "type": "Feature", "properties": { "route_id": 14724229, "name": "29 (1-1) บางเขน - หัวลำโพง", "ref": "29 (1-1)", "from_stop": "", "to_stop": "", "operator": "smart bus", "network": "smart bus", "route_type": "bus", "coord_count": 15 }, "geometry": { "type": "LineString", "coordinates": [ [ 100.5294139, 13.736137 ], [ 100.529702, 13.7381985 ], [ 100.5300542, 13.7405426 ], [ 100.5279473, 13.766819 ], [ 100.5158354, 13.7402828 ], [ 100.593655, 13.8706376 ], [ 100.5304872, 13.7435144 ], [ 100.5901426, 13.879268 ], [ 100.5856103, 13.8818337 ], [ 100.5161272, 13.7384944 ], [ 100.5277878, 13.7547817 ], [ 100.5246078, 13.7559216 ], [ 100.5810659, 13.8825284 ], [ 100.5234179, 13.7348082 ], [ 100.5264863, 13.7335351 ] ] } },
{ "type": "Feature", "properties": { "route_id": 14724230, "name": "29 (1-1) หัวลำโพง - บางเขน", "ref": "29 (1-1)", "from_stop": "", "to_stop": "", "operator": "smart bus", "network": "smart bus", "route_type": "bus", "coord_count": 27 }, "geometry": { "type": "LineString", "coordinates": [ [ 100.5948514, 13.8721725 ], [ 100.5534966, 13.8027584 ], [ 100.5541188, 13.8037679 ], [ 100.5162847, 13.7398459 ], [ 100.5288227, 13.7340804 ], [ 100.5291586, 13.7361738 ], [ 100.5294507, 13.7381189 ], [ 100.5298947, 13.7410141 ], [ 100.5303629, 13.7443552 ], [ 100.5158354, 13.7402828 ], [ 100.5314676, 13.752007 ], [ 100.5935804, 13.8776979 ], [ 100.5905521, 13.8793609 ], [ 100.586162, 13.8818295 ], [ 100.5197104, 13.739604 ], [ 100.5171124, 13.7388848 ], [ 100.5588242, 13.8142246 ], [ 100.5583285, 13.8188214 ], [ 100.5581299, 13.821977 ], [ 100.5577701, 13.8250213 ], [ 100.5321146, 13.7587752 ], [ 100.5315882, 13.7765684 ], [ 100.5569982, 13.8332724 ], [ 100.5573852, 13.839602 ], [ 100.5221915, 13.7355861 ], [ 100.523896, 13.7349011 ], [ 100.5255442, 13.7342503 ] ] } },
{ "type": "Feature", "properties": { "route_id": 14725519, "name": "47 (3-41) ท่าเรือคลองเตย - สำนักงานที่ดินกรุงเทพฯ", "ref": "47 (3-41)", "from_stop": "", "to_stop": "", "operator": "BMTA", "network": "BMTA", "route_type": "bus", "coord_count": 21 }, "geometry": { "type": "LineString", "coordinates": [ [ 100.563743, 13.7097638 ], [ 100.5074894, 13.7493929 ], [ 100.5132754, 13.7460216 ], [ 100.4961553, 13.7462384 ], [ 100.5409739, 13.7275528 ], [ 100.4939029, 13.7507195 ], [ 100.4944932, 13.7556427 ], [ 100.4939627, 13.7537199 ], [ 100.5577735, 13.7189145 ], [ 100.5644109, 13.7131822 ], [ 100.5353832, 13.7298722 ], [ 100.5494243, 13.7240187 ], [ 100.5164518, 13.7471855 ], [ 100.5632989, 13.7152921 ], [ 100.5288227, 13.7340804 ], [ 100.5291586, 13.7361738 ], [ 100.5294507, 13.7381189 ], [ 100.5298947, 13.7410141 ], [ 100.5303629, 13.7443552 ], [ 100.506975, 13.7563015 ], [ 100.500132, 13.756808 ] ] } },
{ "type": "Feature", "properties": { "route_id": 14725520, "name": "47 (3-41) สำนักงานที่ดินกรุงเทพฯ - ท่าเรือคลองเตย", "ref": "47 (3-41)", "from_stop": "", "to_stop": "", "operator": "BMTA", "network": "BMTA", "route_type": "bus", "coord_count": 30 }, "geometry": { "type": "LineString", "coordinates": [ [ 100.563743, 13.7097638 ], [ 100.5579154, 13.7195849 ], [ 100.530414, 13.732345 ], [ 100.5492578, 13.7244531 ], [ 100.4895749, 13.7555655 ], [ 100.4895037, 13.7542281 ], [ 100.5291355, 13.7342923 ], [ 100.5294139, 13.736137 ], [ 100.529702, 13.7381985 ], [ 100.5300542, 13.7405426 ], [ 100.5071075, 13.756458 ], [ 100.5408752, 13.7279766 ], [ 100.5646709, 13.7130565 ], [ 100.4895712, 13.7500224 ], [ 100.4900864, 13.7477913 ], [ 100.4961553, 13.7462384 ], [ 100.5304872, 13.7435144 ], [ 100.5096016, 13.7555166 ], [ 100.5093136, 13.7532992 ], [ 100.4921642, 13.7597612 ], [ 100.5641338, 13.7096121 ], [ 100.5320991, 13.7316382 ], [ 100.5347562, 13.7305216 ], [ 100.4923547, 13.7565772 ], [ 100.4892937, 13.7518624 ], [ 100.5260187, 13.7471614 ], [ 100.5292583, 13.7465853 ], [ 100.4957862, 13.7437426 ], [ 100.560538, 13.7166804 ], [ 100.5637676, 13.7153716 ] ] } },
{ "type": "Feature", "properties": { "route_id": 14725522, "name": "69 (2-13) ตลาดท่าอิฐ - รามคำแหง", "ref": "69 (2-13)", "from_stop": "", "to_stop": "", "operator": "smart bus", "network": "smart bus", "route_type": "bus", "coord_count": 24 }, "geometry": { "type": "LineString", "coordinates": [ [ 100.6180964, 13.7595569 ], [ 100.5440419, 13.7496272 ], [ 100.4598337, 13.8858433 ], [ 100.5458694, 13.763376 ], [ 100.6144771, 13.7565013 ], [ 100.6125138, 13.7545597 ], [ 100.5425767, 13.7576831 ], [ 100.5426067, 13.7604858 ], [ 100.6068141, 13.7489683 ], [ 100.609143, 13.7511958 ], [ 100.5469026, 13.8558681 ], [ 100.5493125, 13.8545035 ], [ 100.5516825, 13.8531682 ], [ 100.5552822, 13.8511653 ], [ 100.5576208, 13.849868 ], [ 100.5266234, 13.8586362 ], [ 100.5286508, 13.8583895 ], [ 100.5314413, 13.8580507 ], [ 100.573957, 13.747317 ], [ 100.5788856, 13.7462029 ], [ 100.5854489, 13.7447176 ], [ 100.588783, 13.7439464 ], [ 100.5925366, 13.7431148 ], [ 100.5954821, 13.7424683 ] ] } },
{ "type": "Feature", "properties": { "route_id": 14725523, "name": "69 (2-13) รามคำแหง - ตลาดท่าอิฐ", "ref": "69 (2-13)", "from_stop": "", "to_stop": "", "operator": "smart bus", "network": "smart bus", "route_type": "bus", "coord_count": 35 }, "geometry": { "type": "LineString", "coordinates": [ [ 100.6213153, 13.7598292 ], [ 100.5416766, 13.7533375 ], [ 100.4595021, 13.8856034 ], [ 100.5446513, 13.7633488 ], [ 100.5424022, 13.7608296 ], [ 100.6160354, 13.7577153 ], [ 100.6146753, 13.7563712 ], [ 100.6127055, 13.7543645 ], [ 100.5492835, 13.7672697 ], [ 100.5595495, 13.8076559 ], [ 100.5598476, 13.8052499 ], [ 100.5600178, 13.8032421 ], [ 100.5603244, 13.7996514 ], [ 100.5605514, 13.7973937 ], [ 100.5609956, 13.7940534 ], [ 100.5612229, 13.7906852 ], [ 100.5601365, 13.7864311 ], [ 100.558822, 13.7840301 ], [ 100.5561407, 13.7795484 ], [ 100.5546548, 13.776919 ], [ 100.5529263, 13.7737642 ], [ 100.5513652, 13.7707987 ], [ 100.5588242, 13.8142246 ], [ 100.5583285, 13.8188214 ], [ 100.5581299, 13.821977 ], [ 100.5577701, 13.8250213 ], [ 100.5423759, 13.7579039 ], [ 100.5568522, 13.849907 ], [ 100.5551318, 13.8508667 ], [ 100.5512102, 13.8530633 ], [ 100.548699, 13.8544636 ], [ 100.5470006, 13.8554256 ], [ 100.5569982, 13.8332724 ], [ 100.5573852, 13.839602 ], [ 100.5875818, 13.7440086 ] ] } },
{ "type": "Feature", "properties": { "route_id": 14735090, "name": "46 (3-10) ม.รามคำแหง 2 - สี่พระยา", "ref": "46 (3-10)", "from_stop": "", "to_stop": "", "operator": "Sitthi Chanchai", "network": "DLT", "route_type": "bus", "coord_count": 25 }, "geometry": { "type": "LineString", "coordinates": [ [ 100.5236412, 13.7297899 ], [ 100.5231658, 13.7273039 ], [ 100.6903234, 13.6735838 ], [ 100.6092009, 13.6795724 ], [ 100.5144976, 13.7300329 ], [ 100.5409739, 13.7275528 ], [ 100.6019841, 13.7033727 ], [ 100.5247759, 13.7317558 ], [ 100.5158158, 13.7283059 ], [ 100.5597658, 13.7197944 ], [ 100.6237998, 13.6694312 ], [ 100.5659579, 13.7193197 ], [ 100.5797969, 13.7134499 ], [ 100.576481, 13.7148747 ], [ 100.5848373, 13.7128134 ], [ 100.5869069, 13.7127114 ], [ 100.5892642, 13.7126542 ], [ 100.5913325, 13.7130971 ], [ 100.5947883, 13.7125226 ], [ 100.600826, 13.7056915 ], [ 100.5996568, 13.7081431 ], [ 100.5353832, 13.7298722 ], [ 100.5494243, 13.7240187 ], [ 100.5197895, 13.7262525 ], [ 100.6342886, 13.6673831 ] ] } },
{ "type": "Feature", "properties": { "route_id": 14735091, "name": "46 (3-10) สี่พระยา - ม.รามคำแหง 2", "ref": "46 (3-10)", "from_stop": "", "to_stop": "", "operator": "Sitthi Chanchai", "network": "DLT", "route_type": "bus", "coord_count": 31 }, "geometry": { "type": "LineString", "coordinates": [ [ 100.5238537, 13.7316787 ], [ 100.6903234, 13.6735838 ], [ 100.5144976, 13.7300329 ], [ 100.5608084, 13.7196638 ], [ 100.5151579, 13.7301469 ], [ 100.530414, 13.732345 ], [ 100.5492578, 13.7244531 ], [ 100.5408752, 13.7279766 ], [ 100.6097014, 13.6800929 ], [ 100.6105011, 13.6824802 ], [ 100.5169844, 13.730455 ], [ 100.671983, 13.6559191 ], [ 100.6673985, 13.6584243 ], [ 100.6651133, 13.6597091 ], [ 100.6620182, 13.6614038 ], [ 100.6573968, 13.6636037 ], [ 100.5824055, 13.7131264 ], [ 100.5759589, 13.7153733 ], [ 100.5775888, 13.7146636 ], [ 100.58013, 13.7135602 ], [ 100.5849846, 13.7130421 ], [ 100.5889726, 13.7129021 ], [ 100.591466, 13.7134044 ], [ 100.5954353, 13.7123469 ], [ 100.6023359, 13.7032421 ], [ 100.6010049, 13.7059822 ], [ 100.6004869, 13.7070274 ], [ 100.5320991, 13.7316382 ], [ 100.5347562, 13.7305216 ], [ 100.525989, 13.732016 ], [ 100.5217426, 13.7313172 ] ] } },
{ "type": "Feature", "properties": { "route_id": 14742681, "name": "552 (3-25E) ปากน้ำ - นิคมอุตสาหกรรมลาดกระบัง", "ref": "552 (3-25E)", "from_stop": "ปากน้ำ", "to_stop": "นิคมอุตสาหกรรมลาดกระบัง", "operator": "TSB", "network": "TSB", "route_type": "bus", "coord_count": 27 }, "geometry": { "type": "LineString", "coordinates": [ [ 100.7986273, 13.7567545 ], [ 100.7809694, 13.730561 ], [ 100.6819747, 13.6504671 ], [ 100.7779711, 13.7291115 ], [ 100.7780424, 13.7269494 ], [ 100.7801951, 13.7226945 ], [ 100.7797971, 13.7246672 ], [ 100.5977563, 13.6516965 ], [ 100.5962772, 13.5964657 ], [ 100.5985031, 13.5873666 ], [ 100.6093437, 13.6731646 ], [ 100.7605279, 13.7120123 ], [ 100.7633175, 13.7113176 ], [ 100.6246501, 13.6701267 ], [ 100.6211797, 13.6708194 ], [ 100.6782855, 13.6524627 ], [ 100.6135468, 13.6723425 ], [ 100.6165074, 13.6717071 ], [ 100.6978687, 13.6416334 ], [ 100.690784, 13.645592 ], [ 100.7954535, 13.7522829 ], [ 100.7935458, 13.7487549 ], [ 100.7929648, 13.7467089 ], [ 100.7922076, 13.7441237 ], [ 100.6030067, 13.6644208 ], [ 100.7771397, 13.7219726 ], [ 100.7758723, 13.7131335 ] ] } },
{ "type": "Feature", "properties": { "route_id": 14742682, "name": "552 (3-25E) นิคมอุตสาหกรรมลาดกระบัง - ปากน้ำ", "ref": "552 (3-25E)", "from_stop": "นิคมอุตสาหกรรมลาดกระบัง", "to_stop": "ปากน้ำ", "operator": "TSB", "network": "TSB", "route_type": "bus", "coord_count": 41 }, "geometry": { "type": "LineString", "coordinates": [ [ 100.798974, 13.756868 ], [ 100.5985031, 13.5873666 ], [ 100.5915085, 13.6356563 ], [ 100.7766441, 13.7206667 ], [ 100.7604316, 13.7116672 ], [ 100.7809785, 13.7303133 ], [ 100.5891358, 13.6299759 ], [ 100.761974, 13.7112842 ], [ 100.681635, 13.6495354 ], [ 100.6901064, 13.6448612 ], [ 100.6212377, 13.6699114 ], [ 100.6180447, 13.6705498 ], [ 100.6237998, 13.6694312 ], [ 100.6130084, 13.6715629 ], [ 100.6043374, 13.6669548 ], [ 100.6066767, 13.6726596 ], [ 100.7113622, 13.6341727 ], [ 100.7110807, 13.6333758 ], [ 100.6975235, 13.6408805 ], [ 100.7972396, 13.7544136 ], [ 100.5972216, 13.6021276 ], [ 100.6034496, 13.6648346 ], [ 100.7782278, 13.7289278 ], [ 100.7781659, 13.7267606 ], [ 100.7802805, 13.7228544 ], [ 100.7998334, 13.7183025 ], [ 100.7976934, 13.7190993 ], [ 100.7958864, 13.719771 ], [ 100.5974672, 13.6502019 ], [ 100.5975845, 13.5959643 ], [ 100.795441, 13.7518281 ], [ 100.7831573, 13.72201 ], [ 100.7865331, 13.7220754 ], [ 100.7864461, 13.7218343 ], [ 100.7841855, 13.7218013 ], [ 100.7825457, 13.7217728 ], [ 100.7960822, 13.7199689 ], [ 100.7930005, 13.7210771 ], [ 100.7924659, 13.7209942 ], [ 100.7771616, 13.7216428 ], [ 100.7759981, 13.7123707 ] ] } },
{ "type": "Feature", "properties": { "route_id": 14742964, "name": "105 (4-18) สมุทรสาคร - คลองสาน", "ref": "105 (4-18)", "from_stop": "", "to_stop": "", "operator": "BMTA", "network": "BMTA", "route_type": "bus", "coord_count": 59 }, "geometry": { "type": "LineString", "coordinates": [ [ 100.5040349, 13.7211974 ], [ 100.2608878, 13.5470466 ], [ 100.3644111, 13.5973219 ], [ 100.5014919, 13.7212984 ], [ 100.3869552, 13.6201161 ], [ 100.3888817, 13.6220751 ], [ 100.4811871, 13.6904705 ], [ 100.4821878, 13.6891351 ], [ 100.4859799, 13.6864485 ], [ 100.4856809, 13.6843237 ], [ 100.481053, 13.6831098 ], [ 100.4834282, 13.6836982 ], [ 100.4622218, 13.6766263 ], [ 100.4666167, 13.679114 ], [ 100.4679758, 13.6796862 ], [ 100.4716629, 13.6807096 ], [ 100.4744861, 13.6814417 ], [ 100.4783713, 13.6824083 ], [ 100.4825556, 13.6962032 ], [ 100.4836709, 13.6995032 ], [ 100.4845533, 13.7020498 ], [ 100.4864542, 13.7075065 ], [ 100.4873205, 13.7100576 ], [ 100.4884896, 13.7133679 ], [ 100.4893465, 13.7159003 ], [ 100.2636124, 13.5479862 ], [ 100.265996, 13.5484582 ], [ 100.2685568, 13.5488993 ], [ 100.273877, 13.5504652 ], [ 100.2734851, 13.5522748 ], [ 100.2729666, 13.5546686 ], [ 100.2896581, 13.5712778 ], [ 100.3013, 13.5771993 ], [ 100.318662, 13.5860482 ], [ 100.3269377, 13.589107 ], [ 100.3315683, 13.5908472 ], [ 100.3552928, 13.5928703 ], [ 100.3722349, 13.6052147 ], [ 100.3819666, 13.6150679 ], [ 100.4139842, 13.645368 ], [ 100.4178961, 13.6482698 ], [ 100.4208025, 13.6504437 ], [ 100.4223116, 13.6515284 ], [ 100.4246453, 13.6532696 ], [ 100.4288892, 13.6563998 ], [ 100.4599471, 13.6752534 ], [ 100.4448596, 13.666133 ], [ 100.4564426, 13.6731121 ], [ 100.4582183, 13.6742058 ], [ 100.4499979, 13.6692121 ], [ 100.4416151, 13.6641696 ], [ 100.4395618, 13.6629625 ], [ 100.4356226, 13.6605387 ], [ 100.4311642, 13.6578492 ], [ 100.4061092, 13.6393764 ], [ 100.4031167, 13.6364291 ], [ 100.4007128, 13.6340022 ], [ 100.3944561, 13.6276737 ], [ 100.3928319, 13.6260254 ] ] } },
{ "type": "Feature", "properties": { "route_id": 14742965, "name": "105 (4-18) คลองสาน - สมุทรสาคร", "ref": "105 (4-18)", "from_stop": "", "to_stop": "", "operator": "BMTA", "network": "BMTA", "route_type": "bus", "coord_count": 66 }, "geometry": { "type": "LineString", "coordinates": [ [ 100.5040349, 13.7211974 ], [ 100.2608878, 13.5470466 ], [ 100.2618887, 13.5472562 ], [ 100.364651, 13.5965059 ], [ 100.3871041, 13.6192712 ], [ 100.4291726, 13.6557283 ], [ 100.4252353, 13.6528184 ], [ 100.4935155, 13.72566 ], [ 100.4906404, 13.718738 ], [ 100.5088119, 13.7277657 ], [ 100.499864, 13.7278172 ], [ 100.3825132, 13.6146228 ], [ 100.3893072, 13.6214787 ], [ 100.3935161, 13.6257685 ], [ 100.3973315, 13.6296456 ], [ 100.4003992, 13.6326955 ], [ 100.4037764, 13.6361209 ], [ 100.4063852, 13.6387045 ], [ 100.4861234, 13.6867222 ], [ 100.481345, 13.6911278 ], [ 100.4825406, 13.6892614 ], [ 100.4869313, 13.684054 ], [ 100.4818144, 13.6826057 ], [ 100.4783817, 13.6816648 ], [ 100.4850272, 13.6834099 ], [ 100.47502, 13.6808662 ], [ 100.4722481, 13.680149 ], [ 100.4684089, 13.6791021 ], [ 100.4667568, 13.6784369 ], [ 100.4865561, 13.7067938 ], [ 100.4875642, 13.7097733 ], [ 100.4889574, 13.713834 ], [ 100.489799, 13.7162701 ], [ 100.4849014, 13.7020258 ], [ 100.4840053, 13.6994491 ], [ 100.4827778, 13.6959161 ], [ 100.3556184, 13.5921651 ], [ 100.3319907, 13.5902678 ], [ 100.3268173, 13.5883259 ], [ 100.3183889, 13.585148 ], [ 100.3016112, 13.5766177 ], [ 100.2888174, 13.5699723 ], [ 100.2809528, 13.5657654 ], [ 100.2790772, 13.5642718 ], [ 100.272731, 13.5569711 ], [ 100.2700601, 13.5489366 ], [ 100.2660505, 13.5482032 ], [ 100.3526081, 13.59229 ], [ 100.3577003, 13.5921841 ], [ 100.3636643, 13.5954957 ], [ 100.3728578, 13.6048446 ], [ 100.4229594, 13.6511393 ], [ 100.4207862, 13.6495193 ], [ 100.4153396, 13.6455015 ], [ 100.4401228, 13.6624596 ], [ 100.4361263, 13.6600526 ], [ 100.5089485, 13.7236841 ], [ 100.4955289, 13.7267788 ], [ 100.447648, 13.6670128 ], [ 100.4451962, 13.6655162 ], [ 100.4627002, 13.6760925 ], [ 100.4613309, 13.6752688 ], [ 100.4600131, 13.6744976 ], [ 100.4560109, 13.6720502 ], [ 100.4506608, 13.6688298 ], [ 100.4490573, 13.6678577 ] ] } },
{ "type": "Feature", "properties": { "route_id": 14748672, "name": "4-34 วงกลม : พระประแดง - เคหะธนบุรี (วนขวา)", "ref": "4-34", "from_stop": "", "to_stop": "", "operator": "TSB", "network": "TSB", "route_type": "bus", "coord_count": 35 }, "geometry": { "type": "LineString", "coordinates": [ [ 100.4689121, 13.6258563 ], [ 100.4139842, 13.645368 ], [ 100.4341854, 13.6290321 ], [ 100.5271163, 13.6389191 ], [ 100.4268297, 13.6330252 ], [ 100.4228591, 13.6340752 ], [ 100.4191182, 13.6361227 ], [ 100.4169182, 13.6392502 ], [ 100.481053, 13.6831098 ], [ 100.4925208, 13.6822037 ], [ 100.4942016, 13.6810177 ], [ 100.4971211, 13.6791043 ], [ 100.4987102, 13.6780623 ], [ 100.4999417, 13.6773208 ], [ 100.5045482, 13.6744098 ], [ 100.5112902, 13.6701946 ], [ 100.5134441, 13.668817 ], [ 100.5144926, 13.6681699 ], [ 100.516005, 13.6666127 ], [ 100.4622218, 13.6766263 ], [ 100.4666167, 13.679114 ], [ 100.4679758, 13.6796862 ], [ 100.4716629, 13.6807096 ], [ 100.4744861, 13.6814417 ], [ 100.4783713, 13.6824083 ], [ 100.4599471, 13.6752534 ], [ 100.4448596, 13.666133 ], [ 100.5071549, 13.6727948 ], [ 100.4564426, 13.6731121 ], [ 100.4582183, 13.6742058 ], [ 100.4499979, 13.6692121 ], [ 100.4416151, 13.6641696 ], [ 100.4395618, 13.6629625 ], [ 100.4356226, 13.6605387 ], [ 100.4311642, 13.6578492 ] ] } },
{ "type": "Feature", "properties": { "route_id": 14751978, "name": "23E (3-4E) ปากน้ำ - เทเวศร์", "ref": "23E (3-4E)", "from_stop": "", "to_stop": "", "operator": "BMTA", "network": "BMTA", "route_type": "bus", "coord_count": 41 }, "geometry": { "type": "LineString", "coordinates": [ [ 100.6073598, 13.5833305 ], [ 100.6231489, 13.6207692 ], [ 100.5977563, 13.6516965 ], [ 100.6063553, 13.6727763 ], [ 100.5049524, 13.7705092 ], [ 100.5065677, 13.7671158 ], [ 100.6028886, 13.5788847 ], [ 100.6092801, 13.5884011 ], [ 100.6091153, 13.5915298 ], [ 100.6081804, 13.5959036 ], [ 100.6121909, 13.5986601 ], [ 100.618789, 13.6126553 ], [ 100.6209986, 13.6165121 ], [ 100.6245918, 13.6235647 ], [ 100.6260238, 13.6264837 ], [ 100.6246278, 13.6286906 ], [ 100.6153541, 13.6336697 ], [ 100.6118303, 13.6355659 ], [ 100.6072943, 13.6382434 ], [ 100.6027579, 13.6419603 ], [ 100.5993004, 13.6553532 ], [ 100.5997071, 13.6563143 ], [ 100.60049, 13.6582402 ], [ 100.6019186, 13.6617889 ], [ 100.6030067, 13.6644208 ], [ 100.6040881, 13.6669666 ], [ 100.5465767, 13.74945 ], [ 100.5424351, 13.7496752 ], [ 100.5384927, 13.7507609 ], [ 100.5350454, 13.751988 ], [ 100.5279643, 13.7544814 ], [ 100.5244766, 13.7557325 ], [ 100.5186357, 13.7588027 ], [ 100.5162413, 13.7608177 ], [ 100.5142788, 13.7624897 ], [ 100.5121857, 13.7642834 ], [ 100.508841, 13.7671299 ], [ 100.5071856, 13.7685739 ], [ 100.6129888, 13.6019839 ], [ 100.6147369, 13.6058919 ], [ 100.6160477, 13.6082011 ] ] } },
{ "type": "Feature", "properties": { "route_id": 14751979, "name": "23E (3-4E) เทเวศร์ - ปากน้ำ", "ref": "23E (3-4E)", "from_stop": "", "to_stop": "", "operator": "BMTA", "network": "BMTA", "route_type": "bus", "coord_count": 41 }, "geometry": { "type": "LineString", "coordinates": [ [ 100.6080598, 13.5842588 ], [ 100.6060888, 13.6710779 ], [ 100.5974672, 13.6502019 ], [ 100.5065677, 13.7671158 ], [ 100.5440419, 13.7496272 ], [ 100.6126592, 13.5985283 ], [ 100.6090906, 13.5957633 ], [ 100.6092542, 13.5917851 ], [ 100.6094641, 13.5879553 ], [ 100.6029768, 13.5781799 ], [ 100.6247793, 13.6289682 ], [ 100.6213761, 13.6307552 ], [ 100.6163223, 13.6334703 ], [ 100.612293, 13.6356363 ], [ 100.6079971, 13.6380584 ], [ 100.6058967, 13.6398209 ], [ 100.603407, 13.6418977 ], [ 100.5976722, 13.6448756 ], [ 100.6043374, 13.6669548 ], [ 100.6034496, 13.6648346 ], [ 100.602013, 13.6612652 ], [ 100.6006766, 13.6579629 ], [ 100.5998211, 13.655973 ], [ 100.5985461, 13.6528586 ], [ 100.50919, 13.7671758 ], [ 100.5111123, 13.765463 ], [ 100.5128862, 13.763951 ], [ 100.5143583, 13.7628353 ], [ 100.5176397, 13.7600219 ], [ 100.5246078, 13.7559216 ], [ 100.5277878, 13.7547817 ], [ 100.5358051, 13.7519312 ], [ 100.5372978, 13.7513989 ], [ 100.626533, 13.6263754 ], [ 100.6249513, 13.6234523 ], [ 100.6233831, 13.6202297 ], [ 100.6213702, 13.6162228 ], [ 100.6190084, 13.6121049 ], [ 100.6165179, 13.6080594 ], [ 100.6147721, 13.6048183 ], [ 100.6133486, 13.6016016 ] ] } },
{ "type": "Feature", "properties": { "route_id": 14771838, "name": "2 (3-1) ปากน้ำ - สะพานพุทธ", "ref": "2 (3-1)", "from_stop": "", "to_stop": "", "operator": "TSB", "network": "TSB", "route_type": "bus", "coord_count": 38 }, "geometry": { "type": "LineString", "coordinates": [ [ 100.4978467, 13.7401553 ], [ 100.506975, 13.7563015 ], [ 100.6092009, 13.6795724 ], [ 100.6072515, 13.674826 ], [ 100.4962073, 13.7485237 ], [ 100.500132, 13.756808 ], [ 100.5404919, 13.7473108 ], [ 100.5977563, 13.6516965 ], [ 100.5962772, 13.5964657 ], [ 100.4961586, 13.7500781 ], [ 100.4979883, 13.7572484 ], [ 100.4956354, 13.7553836 ], [ 100.5985031, 13.5873666 ], [ 100.5831506, 13.720841 ], [ 100.581136, 13.7222791 ], [ 100.5384927, 13.7507609 ], [ 100.5190499, 13.7568185 ], [ 100.5142729, 13.7564903 ], [ 100.5113722, 13.7563974 ], [ 100.499051, 13.743369 ], [ 100.5947883, 13.7125226 ], [ 100.5996568, 13.7081431 ], [ 100.600826, 13.7056915 ], [ 100.6019841, 13.7033727 ], [ 100.5700844, 13.730058 ], [ 100.5733352, 13.7277658 ], [ 100.5762427, 13.7256995 ], [ 100.5785161, 13.7241236 ], [ 100.6030067, 13.6644208 ], [ 100.5279643, 13.7544814 ], [ 100.5244766, 13.7557325 ], [ 100.5350454, 13.751988 ], [ 100.5584835, 13.738242 ], [ 100.556887, 13.7393716 ], [ 100.5550034, 13.7407235 ], [ 100.5515032, 13.7424776 ], [ 100.5488387, 13.7429623 ], [ 100.5457823, 13.7435105 ] ] } },
{ "type": "Feature", "properties": { "route_id": 14771839, "name": "2 (3-1) สะพานพุทธ - ปากน้ำ", "ref": "2 (3-1)", "from_stop": "", "to_stop": "", "operator": "TSB", "network": "TSB", "route_type": "bus", "coord_count": 43 }, "geometry": { "type": "LineString", "coordinates": [ [ 100.4978467, 13.7401553 ], [ 100.5071075, 13.756458 ], [ 100.5407658, 13.7470321 ], [ 100.5974672, 13.6502019 ], [ 100.6097014, 13.6800929 ], [ 100.4938507, 13.7545279 ], [ 100.4976122, 13.7577995 ], [ 100.5096768, 13.7573124 ], [ 100.5149102, 13.7580755 ], [ 100.5132685, 13.7596619 ], [ 100.5975845, 13.5959643 ], [ 100.5424649, 13.7443211 ], [ 100.545275, 13.743836 ], [ 100.5491343, 13.7431362 ], [ 100.5539147, 13.741748 ], [ 100.5553952, 13.7407003 ], [ 100.5565441, 13.7398879 ], [ 100.557941, 13.7388954 ], [ 100.5593354, 13.7379057 ], [ 100.5985031, 13.5873666 ], [ 100.5915085, 13.6356563 ], [ 100.5863715, 13.7187929 ], [ 100.6105011, 13.6824802 ], [ 100.5190244, 13.7570015 ], [ 100.5358051, 13.7519312 ], [ 100.5372978, 13.7513989 ], [ 100.4945426, 13.7441732 ], [ 100.4961835, 13.742268 ], [ 100.5002565, 13.7572674 ], [ 100.5954353, 13.7123469 ], [ 100.5919572, 13.7148054 ], [ 100.5889859, 13.7169545 ], [ 100.5877235, 13.7178424 ], [ 100.6023359, 13.7032421 ], [ 100.6010049, 13.7059822 ], [ 100.6004869, 13.7070274 ], [ 100.5779938, 13.7247389 ], [ 100.5758339, 13.7262693 ], [ 100.5737929, 13.7276983 ], [ 100.572109, 13.7289099 ], [ 100.5972216, 13.6021276 ], [ 100.5277878, 13.7547817 ], [ 100.5246078, 13.7559216 ] ] } },
{ "type": "Feature", "properties": { "route_id": 14771841, "name": "2E (3-2E) ท่าน้ำปู่เจ้าฯ - สะพานพุทธ", "ref": "2E (3-2E)", "from_stop": "", "to_stop": "", "operator": "TSB", "network": "TSB", "route_type": "bus", "coord_count": 45 }, "geometry": { "type": "LineString", "coordinates": [ [ 100.4978467, 13.7401553 ], [ 100.506975, 13.7563015 ], [ 100.5379746, 13.6566881 ], [ 100.6092009, 13.6795724 ], [ 100.6072515, 13.674826 ], [ 100.5977563, 13.6516965 ], [ 100.4956964, 13.7455187 ], [ 100.4939627, 13.7537199 ], [ 100.4979883, 13.7572484 ], [ 100.500132, 13.756808 ], [ 100.5487946, 13.6518664 ], [ 100.5470914, 13.6526682 ], [ 100.5435281, 13.6543428 ], [ 100.5395756, 13.6561909 ], [ 100.5525893, 13.6510025 ], [ 100.5928089, 13.6433124 ], [ 100.5893916, 13.6440081 ], [ 100.5901528, 13.643847 ], [ 100.587197, 13.6444477 ], [ 100.5858601, 13.6447199 ], [ 100.5822921, 13.6454271 ], [ 100.5749637, 13.646904 ], [ 100.567268, 13.648466 ], [ 100.5658491, 13.6487531 ], [ 100.5384927, 13.7507609 ], [ 100.5190499, 13.7568185 ], [ 100.5142729, 13.7564903 ], [ 100.5113722, 13.7563974 ], [ 100.499051, 13.743369 ], [ 100.4939029, 13.7507195 ], [ 100.4944932, 13.7556427 ], [ 100.6030067, 13.6644208 ], [ 100.5279643, 13.7544814 ], [ 100.5244766, 13.7557325 ], [ 100.5350454, 13.751988 ], [ 100.5579034, 13.6503565 ], [ 100.5633388, 13.6492548 ], [ 100.5658491, 13.6487531 ], [ 100.567268, 13.648466 ], [ 100.5691302, 13.6480658 ], [ 100.5716027, 13.6475746 ], [ 100.5749637, 13.646904 ], [ 100.5767628, 13.6465339 ], [ 100.5786179, 13.6461703 ], [ 100.5801579, 13.6458504 ] ] } },
{ "type": "Feature", "properties": { "route_id": 14771842, "name": "2E (3-2E) สะพานพุทธ - ท่าน้ำปู่เจ้าฯ", "ref": "2E (3-2E)", "from_stop": "", "to_stop": "", "operator": "TSB", "network": "TSB", "route_type": "bus", "coord_count": 39 }, "geometry": { "type": "LineString", "coordinates": [ [ 100.4978467, 13.7401553 ], [ 100.4961835, 13.742268 ], [ 100.4945426, 13.7441732 ], [ 100.4938507, 13.7545279 ], [ 100.4976122, 13.7577995 ], [ 100.5002565, 13.7572674 ], [ 100.5071075, 13.756458 ], [ 100.5096768, 13.7573124 ], [ 100.5132685, 13.7596619 ], [ 100.5149102, 13.7580755 ], [ 100.5190244, 13.7570015 ], [ 100.5246078, 13.7559216 ], [ 100.5277878, 13.7547817 ], [ 100.5358051, 13.7519312 ], [ 100.5372978, 13.7513989 ], [ 100.5440419, 13.7496272 ], [ 100.6105011, 13.6824802 ], [ 100.6097014, 13.6800929 ], [ 100.5974672, 13.6502019 ], [ 100.5892547, 13.6437938 ], [ 100.5873709, 13.6441835 ], [ 100.5850334, 13.6446572 ], [ 100.5820557, 13.6452417 ], [ 100.5799489, 13.6456553 ], [ 100.578563, 13.6459514 ], [ 100.5766973, 13.6463319 ], [ 100.5751671, 13.6466394 ], [ 100.5727965, 13.6471129 ], [ 100.569244, 13.6478285 ], [ 100.566355, 13.6484185 ], [ 100.5655639, 13.6485648 ], [ 100.5642958, 13.6488349 ], [ 100.5626562, 13.6491606 ], [ 100.5582608, 13.6500487 ], [ 100.5526248, 13.6507705 ], [ 100.5482721, 13.6518596 ], [ 100.5471516, 13.6523976 ], [ 100.5435879, 13.6540565 ], [ 100.5379746, 13.6566881 ] ] } },
{ "type": "Feature", "properties": { "route_id": 14772659, "name": "173 (4-27E) บางขุนเทียน - แฮปปี้แลนด์ (ทางด่วน)", "ref": "173 (4-27E)", "from_stop": "", "to_stop": "", "operator": "TSB", "network": "TSB", "route_type": "bus", "coord_count": 72 }, "geometry": { "type": "LineString", "coordinates": [ [ 100.4341854, 13.6290321 ], [ 100.6419014, 13.7695996 ], [ 100.4139842, 13.645368 ], [ 100.4925208, 13.6822037 ], [ 100.4622218, 13.6766263 ], [ 100.4666167, 13.679114 ], [ 100.4679758, 13.6796862 ], [ 100.4716629, 13.6807096 ], [ 100.4744861, 13.6814417 ], [ 100.4783713, 13.6824083 ], [ 100.4291726, 13.6557283 ], [ 100.4252353, 13.6528184 ], [ 100.4229594, 13.6511393 ], [ 100.4207862, 13.6495193 ], [ 100.4153396, 13.6455015 ], [ 100.4178961, 13.6482698 ], [ 100.4208025, 13.6504437 ], [ 100.4223116, 13.6515284 ], [ 100.4246453, 13.6532696 ], [ 100.4288892, 13.6563998 ], [ 100.4448596, 13.666133 ], [ 100.4564426, 13.6731121 ], [ 100.4582183, 13.6742058 ], [ 100.4499979, 13.6692121 ], [ 100.4416151, 13.6641696 ], [ 100.4395618, 13.6629625 ], [ 100.4356226, 13.6605387 ], [ 100.4311642, 13.6578492 ], [ 100.4336251, 13.6318141 ], [ 100.4332285, 13.6338865 ], [ 100.4327631, 13.6366018 ], [ 100.432464, 13.6384173 ], [ 100.4320774, 13.6407509 ], [ 100.4316478, 13.6438163 ], [ 100.4312613, 13.6467024 ], [ 100.4309833, 13.64884 ], [ 100.4306542, 13.6514061 ], [ 100.6470325, 13.7663643 ], [ 100.481053, 13.6831098 ], [ 100.4942016, 13.6810177 ], [ 100.4971211, 13.6791043 ], [ 100.4987102, 13.6780623 ], [ 100.4999417, 13.6773208 ], [ 100.5045482, 13.6744098 ], [ 100.5105242, 13.6702591 ], [ 100.5127078, 13.6689106 ], [ 100.5084435, 13.6714562 ], [ 100.6144771, 13.7565013 ], [ 100.6180964, 13.7595569 ], [ 100.6228216, 13.7602484 ], [ 100.6270932, 13.7607263 ], [ 100.6313122, 13.7612199 ], [ 100.6347865, 13.7616055 ], [ 100.6380937, 13.761999 ], [ 100.6394807, 13.7621509 ], [ 100.6454953, 13.7635099 ], [ 100.6475402, 13.7678732 ], [ 100.647282, 13.7695697 ], [ 100.6471242, 13.7715968 ], [ 100.6457661, 13.7741454 ], [ 100.6450517, 13.7755936 ], [ 100.6444218, 13.7778554 ], [ 100.6441237, 13.7803308 ], [ 100.6416824, 13.771545 ], [ 100.6414283, 13.7740339 ], [ 100.6412601, 13.7755904 ], [ 100.6412997, 13.7789646 ], [ 100.6068141, 13.7489683 ], [ 100.609143, 13.7511958 ], [ 100.413906, 13.6444078 ], [ 100.4599471, 13.6752534 ], [ 100.5071549, 13.6727948 ] ] } },
{ "type": "Feature", "properties": { "route_id": 14772660, "name": "173 (4-27E) แฮปปี้แลนด์ - บางขุนเทียน (ทางด่วน)", "ref": "173 (4-27E)", "from_stop": "", "to_stop": "", "operator": "TSB", "network": "TSB", "route_type": "bus", "coord_count": 51 }, "geometry": { "type": "LineString", "coordinates": [ [ 100.4344949, 13.6291634 ], [ 100.6419014, 13.7695996 ], [ 100.4207862, 13.6495193 ], [ 100.4291726, 13.6557283 ], [ 100.4252353, 13.6528184 ], [ 100.4229594, 13.6511393 ], [ 100.4340728, 13.6312888 ], [ 100.4335717, 13.63396 ], [ 100.4324264, 13.64075 ], [ 100.4319958, 13.6438347 ], [ 100.4316176, 13.646599 ], [ 100.4313398, 13.6487587 ], [ 100.4327471, 13.6387796 ], [ 100.433176, 13.6361171 ], [ 100.4869313, 13.684054 ], [ 100.4850272, 13.6834099 ], [ 100.4818144, 13.6826057 ], [ 100.4783817, 13.6816648 ], [ 100.47502, 13.6808662 ], [ 100.4722481, 13.680149 ], [ 100.4684089, 13.6791021 ], [ 100.4667568, 13.6784369 ], [ 100.5112902, 13.6701946 ], [ 100.5127078, 13.6689106 ], [ 100.5105242, 13.6702591 ], [ 100.5085268, 13.6715539 ], [ 100.5000408, 13.6768651 ], [ 100.4979906, 13.6781544 ], [ 100.4956573, 13.6796453 ], [ 100.4942464, 13.6805964 ], [ 100.4914845, 13.6825428 ], [ 100.6426949, 13.7622391 ], [ 100.6403755, 13.7620057 ], [ 100.6367027, 13.7616002 ], [ 100.6334772, 13.7612301 ], [ 100.6306998, 13.7609139 ], [ 100.6260065, 13.7603756 ], [ 100.6213153, 13.7598292 ], [ 100.6160354, 13.7577153 ], [ 100.6146753, 13.7563712 ], [ 100.4401228, 13.6624596 ], [ 100.4361263, 13.6600526 ], [ 100.4600131, 13.6744976 ], [ 100.447648, 13.6670128 ], [ 100.4451962, 13.6655162 ], [ 100.5039419, 13.6744209 ], [ 100.4627002, 13.6760925 ], [ 100.4613309, 13.6752688 ], [ 100.4560109, 13.6720502 ], [ 100.4506608, 13.6688298 ], [ 100.4490573, 13.6678577 ] ] } },
{ "type": "Feature", "properties": { "route_id": 14784273, "name": "27 (1-37) มีนบุรี - วิภาวดี - อนุสาวรีย์ชัยสมรภูมิ", "ref": "27 (1-37)", "from_stop": "", "to_stop": "", "operator": "TSB", "network": "TSB", "route_type": "bus", "coord_count": 48 }, "geometry": { "type": "LineString", "coordinates": [ [ 100.5391867, 13.7653062 ], [ 100.7257145, 13.812366 ], [ 100.723431, 13.8123639 ], [ 100.7199942, 13.8124319 ], [ 100.5458694, 13.763376 ], [ 100.6918356, 13.7954618 ], [ 100.693568, 13.7961944 ], [ 100.6956793, 13.7970979 ], [ 100.6984225, 13.7982865 ], [ 100.6850689, 13.7925039 ], [ 100.6873152, 13.793515 ], [ 100.6892272, 13.7943382 ], [ 100.6809754, 13.7907671 ], [ 100.7168503, 13.810649 ], [ 100.7150146, 13.8076333 ], [ 100.7102491, 13.8037298 ], [ 100.7057733, 13.8014403 ], [ 100.7006226, 13.7992233 ], [ 100.6781265, 13.788655 ], [ 100.6541409, 13.7720165 ], [ 100.6507827, 13.76788 ], [ 100.6490265, 13.7665288 ], [ 100.640015, 13.7687356 ], [ 100.6386891, 13.7695367 ], [ 100.6368961, 13.770564 ], [ 100.6346282, 13.7718321 ], [ 100.6322084, 13.7731925 ], [ 100.6296873, 13.7746123 ], [ 100.6274614, 13.7758612 ], [ 100.6249308, 13.7772626 ], [ 100.6224347, 13.7786522 ], [ 100.6104933, 13.7853261 ], [ 100.6123485, 13.7842957 ], [ 100.6153305, 13.7826348 ], [ 100.6191025, 13.7805202 ], [ 100.6067673, 13.7874163 ], [ 100.6044841, 13.7887015 ], [ 100.6023075, 13.7899115 ], [ 100.6004691, 13.7909482 ], [ 100.5970342, 13.792862 ], [ 100.59499, 13.7940232 ], [ 100.665836, 13.7786357 ], [ 100.6611841, 13.7763276 ], [ 100.6587503, 13.7751643 ], [ 100.6561366, 13.7735566 ], [ 100.6696329, 13.7807104 ], [ 100.6678254, 13.7796419 ], [ 100.6424357, 13.7674149 ] ] } },
{ "type": "Feature", "properties": { "route_id": 14784274, "name": "27 (1-37) อนุสาวรีย์ชัยสมรภูมิ - วิภาวดี - มีนบุรี", "ref": "27 (1-37)", "from_stop": "", "to_stop": "", "operator": "TSB", "network": "TSB", "route_type": "bus", "coord_count": 73 }, "geometry": { "type": "LineString", "coordinates": [ [ 100.5391867, 13.7653062 ], [ 100.6470325, 13.7663643 ], [ 100.719756, 13.8127605 ], [ 100.7223135, 13.812721 ], [ 100.7255713, 13.8126489 ], [ 100.7281644, 13.8125862 ], [ 100.5446513, 13.7633488 ], [ 100.6757881, 13.7861014 ], [ 100.6780623, 13.7889955 ], [ 100.6799946, 13.7906804 ], [ 100.6849441, 13.7927924 ], [ 100.687224, 13.7937414 ], [ 100.6883948, 13.7942735 ], [ 100.6891139, 13.7945569 ], [ 100.6921452, 13.795859 ], [ 100.6937104, 13.7965344 ], [ 100.6946742, 13.7969392 ], [ 100.6958323, 13.7974346 ], [ 100.698367, 13.7985264 ], [ 100.7005412, 13.7994708 ], [ 100.7054884, 13.8015864 ], [ 100.7099073, 13.8037897 ], [ 100.7149819, 13.8080356 ], [ 100.7163501, 13.8103203 ], [ 100.6724347, 13.782753 ], [ 100.6740392, 13.7842433 ], [ 100.563246, 13.8119927 ], [ 100.5649022, 13.8110885 ], [ 100.568297, 13.809179 ], [ 100.5700689, 13.8081947 ], [ 100.5721001, 13.807109 ], [ 100.6692144, 13.7807308 ], [ 100.6677507, 13.7798593 ], [ 100.6617068, 13.7769239 ], [ 100.6588843, 13.7755002 ], [ 100.6561156, 13.7738129 ], [ 100.6536705, 13.7717574 ], [ 100.5951023, 13.7941863 ], [ 100.5973454, 13.79295 ], [ 100.6004825, 13.791202 ], [ 100.6027269, 13.7899386 ], [ 100.6046105, 13.7888713 ], [ 100.6065381, 13.7878207 ], [ 100.6105559, 13.7855595 ], [ 100.6124987, 13.7844644 ], [ 100.6151465, 13.783 ], [ 100.6385804, 13.7698947 ], [ 100.6367446, 13.770928 ], [ 100.634122, 13.772388 ], [ 100.6315085, 13.7738424 ], [ 100.6303167, 13.7745145 ], [ 100.6275052, 13.7760756 ], [ 100.6252479, 13.7773396 ], [ 100.6234868, 13.7783139 ], [ 100.6203843, 13.7800574 ], [ 100.6189204, 13.7808777 ], [ 100.5409478, 13.763859 ], [ 100.5492835, 13.7672697 ], [ 100.5595495, 13.8076559 ], [ 100.5598476, 13.8052499 ], [ 100.5600178, 13.8032421 ], [ 100.5603244, 13.7996514 ], [ 100.5605514, 13.7973937 ], [ 100.5609956, 13.7940534 ], [ 100.5612229, 13.7906852 ], [ 100.5601365, 13.7864311 ], [ 100.558822, 13.7840301 ], [ 100.5561407, 13.7795484 ], [ 100.5546548, 13.776919 ], [ 100.5529263, 13.7737642 ], [ 100.5513652, 13.7707987 ], [ 100.6404983, 13.7688488 ], [ 100.6651505, 13.77856 ] ] } },
{ "type": "Feature", "properties": { "route_id": 14864830, "name": "34 (1-3) บางเขน - หัวลำโพง", "ref": "34 (1-3)", "from_stop": "", "to_stop": "", "operator": "TSB", "network": "TSB", "route_type": "bus", "coord_count": 28 }, "geometry": { "type": "LineString", "coordinates": [ [ 100.5384722, 13.7641638 ], [ 100.5294139, 13.736137 ], [ 100.529702, 13.7381985 ], [ 100.5300542, 13.7405426 ], [ 100.5948514, 13.8721725 ], [ 100.5304872, 13.7435144 ], [ 100.5398857, 13.7674918 ], [ 100.5471218, 13.7862728 ], [ 100.5928039, 13.8686929 ], [ 100.5912653, 13.8660849 ], [ 100.5896585, 13.8633715 ], [ 100.5670452, 13.8249185 ], [ 100.5655041, 13.8223302 ], [ 100.563992, 13.8197434 ], [ 100.5629618, 13.8179263 ], [ 100.5161272, 13.7384944 ], [ 100.5352911, 13.7592845 ], [ 100.5366969, 13.7618132 ], [ 100.5327982, 13.7548007 ], [ 100.5337995, 13.756611 ], [ 100.5410995, 13.7697313 ], [ 100.5746331, 13.8378371 ], [ 100.5730666, 13.8352154 ], [ 100.5509873, 13.7969982 ], [ 100.5501941, 13.7948002 ], [ 100.5495225, 13.7929764 ], [ 100.5234179, 13.7348082 ], [ 100.5264863, 13.7335351 ] ] } },
{ "type": "Feature", "properties": { "route_id": 14864831, "name": "34 (1-3) หัวลำโพง - บางเขน", "ref": "34 (1-3)", "from_stop": "", "to_stop": "", "operator": "TSB", "network": "TSB", "route_type": "bus", "coord_count": 23 }, "geometry": { "type": "LineString", "coordinates": [ [ 100.5380731, 13.7657563 ], [ 100.5534966, 13.8027584 ], [ 100.5541188, 13.8037679 ], [ 100.5162847, 13.7398459 ], [ 100.5288227, 13.7340804 ], [ 100.5291586, 13.7361738 ], [ 100.5294507, 13.7381189 ], [ 100.5298947, 13.7410141 ], [ 100.5303629, 13.7443552 ], [ 100.561455, 13.8161295 ], [ 100.593655, 13.8706376 ], [ 100.5314676, 13.752007 ], [ 100.5924629, 13.8685972 ], [ 100.5903535, 13.8650291 ], [ 100.5890188, 13.8628171 ], [ 100.5197104, 13.739604 ], [ 100.5171124, 13.7388848 ], [ 100.541733, 13.772033 ], [ 100.5398137, 13.7679206 ], [ 100.5199323, 13.7364899 ], [ 100.5221915, 13.7355861 ], [ 100.523896, 13.7349011 ], [ 100.5255442, 13.7342503 ] ] } },
{ "type": "Feature", "properties": { "route_id": 14938354, "name": "515 (4-61) เซ็นทรัลศาลายา - อนุสาวรีย์ชัยสมรภูมิ", "ref": "515 (4-61)", "from_stop": "", "to_stop": "", "operator": "TSB", "network": "TSB", "route_type": "bus", "coord_count": 53 }, "geometry": { "type": "LineString", "coordinates": [ [ 100.5374584, 13.764699 ], [ 100.2762188, 13.7860368 ], [ 100.3964337, 13.7845627 ], [ 100.4017709, 13.7840117 ], [ 100.4053684, 13.7836364 ], [ 100.4162749, 13.782553 ], [ 100.4217365, 13.7819729 ], [ 100.4200426, 13.7821648 ], [ 100.4806447, 13.7893766 ], [ 100.4833564, 13.7884727 ], [ 100.485106, 13.7878868 ], [ 100.4878345, 13.786987 ], [ 100.4780943, 13.7902129 ], [ 100.4746801, 13.7895924 ], [ 100.4320484, 13.7809242 ], [ 100.4275662, 13.7813735 ], [ 100.4394355, 13.7802267 ], [ 100.3863743, 13.7855903 ], [ 100.3893411, 13.7852776 ], [ 100.5104312, 13.7775581 ], [ 100.363738, 13.7879248 ], [ 100.3680186, 13.7874969 ], [ 100.3719734, 13.7870862 ], [ 100.3760432, 13.786663 ], [ 100.3778536, 13.7864868 ], [ 100.38082, 13.7861635 ], [ 100.2792846, 13.7861392 ], [ 100.283199, 13.7862761 ], [ 100.2870675, 13.7864286 ], [ 100.2928145, 13.7866248 ], [ 100.2982527, 13.7868514 ], [ 100.3019267, 13.7869745 ], [ 100.3048908, 13.8025351 ], [ 100.3135565, 13.8018697 ], [ 100.3162647, 13.8016635 ], [ 100.3183121, 13.8015433 ], [ 100.3223751, 13.8013683 ], [ 100.3242506, 13.8013088 ], [ 100.3275352, 13.7963165 ], [ 100.3276817, 13.7930165 ], [ 100.3034342, 13.7988321 ], [ 100.3032372, 13.7959749 ], [ 100.3338247, 13.7881584 ], [ 100.3394302, 13.7883642 ], [ 100.3420484, 13.7884599 ], [ 100.3273799, 13.799965 ], [ 100.3435844, 13.788527 ], [ 100.3514552, 13.7888124 ], [ 100.3535838, 13.7888472 ], [ 100.3565134, 13.7886997 ], [ 100.3573806, 13.7886013 ], [ 100.3609234, 13.7882397 ], [ 100.3589243, 13.78844 ] ] } },
{ "type": "Feature", "properties": { "route_id": 14938355, "name": "515 (4-61) อนุสาวรีย์ชัยสมรภูมิ - เซ็นทรัลศาลายา", "ref": "515 (4-61)", "from_stop": "", "to_stop": "", "operator": "TSB", "network": "TSB", "route_type": "bus", "coord_count": 57 }, "geometry": { "type": "LineString", "coordinates": [ [ 100.2762188, 13.7860368 ], [ 100.5374584, 13.764699 ], [ 100.4228662, 13.7811461 ], [ 100.3269672, 13.8001962 ], [ 100.2797148, 13.8045349 ], [ 100.4272867, 13.7808935 ], [ 100.4775548, 13.7899003 ], [ 100.4803389, 13.7891378 ], [ 100.4828437, 13.788297 ], [ 100.4860183, 13.7872705 ], [ 100.4887762, 13.7863219 ], [ 100.4747243, 13.7893166 ], [ 100.4018942, 13.78348 ], [ 100.3971982, 13.7839567 ], [ 100.3897134, 13.7847241 ], [ 100.4163872, 13.7820075 ], [ 100.3846097, 13.7852589 ], [ 100.3778471, 13.7859484 ], [ 100.3759154, 13.7861605 ], [ 100.371917, 13.7865659 ], [ 100.3681789, 13.7869517 ], [ 100.3637431, 13.7874366 ], [ 100.2839986, 13.8039849 ], [ 100.3013479, 13.8025832 ], [ 100.2993164, 13.8027536 ], [ 100.2963772, 13.8029912 ], [ 100.2934161, 13.8031863 ], [ 100.2902871, 13.8034324 ], [ 100.3151637, 13.8015524 ], [ 100.312557, 13.8017401 ], [ 100.3052267, 13.8023027 ], [ 100.2723114, 13.8018415 ], [ 100.2707982, 13.7959615 ], [ 100.2696879, 13.7857788 ], [ 100.2732818, 13.7859192 ], [ 100.3176993, 13.8013338 ], [ 100.322486, 13.8011063 ], [ 100.3245377, 13.8010207 ], [ 100.3270935, 13.7969694 ], [ 100.3272267, 13.7927195 ], [ 100.3416248, 13.7879206 ], [ 100.3393858, 13.7878456 ], [ 100.3338442, 13.7876428 ], [ 100.4309691, 13.7805134 ], [ 100.4376217, 13.7798371 ], [ 100.4394538, 13.7796548 ], [ 100.4429861, 13.7797936 ], [ 100.4451124, 13.7803838 ], [ 100.4536743, 13.7830128 ], [ 100.4572822, 13.7840911 ], [ 100.4614884, 13.785346 ], [ 100.3593361, 13.7878843 ], [ 100.3573462, 13.7880898 ], [ 100.3516433, 13.7882944 ], [ 100.347907, 13.7881606 ], [ 100.3444275, 13.7880314 ], [ 100.5272069, 13.7698063 ] ] } },
{ "type": "Feature", "properties": { "route_id": 14938357, "name": "170 (4-49) พุทธมณฑลสาย 2 - หมอชิต 2", "ref": "170 (4-49)", "from_stop": "", "to_stop": "", "operator": "TSB", "network": "TSB", "route_type": "bus", "coord_count": 44 }, "geometry": { "type": "LineString", "coordinates": [ [ 100.3964337, 13.7845627 ], [ 100.5116266, 13.8070686 ], [ 100.5116746, 13.8071188 ], [ 100.4017709, 13.7840117 ], [ 100.4053684, 13.7836364 ], [ 100.4162749, 13.782553 ], [ 100.4217365, 13.7819729 ], [ 100.4200426, 13.7821648 ], [ 100.4707875, 13.7854099 ], [ 100.4320484, 13.7809242 ], [ 100.4275662, 13.7813735 ], [ 100.4394355, 13.7802267 ], [ 100.4790496, 13.7766535 ], [ 100.482872, 13.774719 ], [ 100.4851828, 13.7774599 ], [ 100.4865506, 13.779053 ], [ 100.4886819, 13.7810523 ], [ 100.4913258, 13.7827259 ], [ 100.4721979, 13.7839224 ], [ 100.4742572, 13.7817348 ], [ 100.4753051, 13.7806085 ], [ 100.4777453, 13.7780114 ], [ 100.5500252, 13.8127228 ], [ 100.5501896, 13.8261875 ], [ 100.5493233, 13.8243513 ], [ 100.5520093, 13.8282253 ], [ 100.5372673, 13.8307382 ], [ 100.5344943, 13.8309736 ], [ 100.5322369, 13.830833 ], [ 100.5444508, 13.8302173 ], [ 100.5425058, 13.8303401 ], [ 100.5295488, 13.8295091 ], [ 100.5264991, 13.826706 ], [ 100.5243683, 13.8247513 ], [ 100.5229124, 13.8234274 ], [ 100.5211062, 13.8217913 ], [ 100.5195295, 13.8203747 ], [ 100.5179641, 13.818961 ], [ 100.5482086, 13.8081416 ], [ 100.5483789, 13.8043055 ], [ 100.5484477, 13.8016321 ], [ 100.5414578, 13.799013 ], [ 100.5431934, 13.8040442 ], [ 100.5407277, 13.8046313 ] ] } },
{ "type": "Feature", "properties": { "route_id": 14938358, "name": "170 (4-49) หมอชิต 2 - พุทธมณฑลสาย 2", "ref": "170 (4-49)", "from_stop": "", "to_stop": "", "operator": "TSB", "network": "TSB", "route_type": "bus", "coord_count": 42 }, "geometry": { "type": "LineString", "coordinates": [ [ 100.3971982, 13.7839567 ], [ 100.5497666, 13.8134811 ], [ 100.511756, 13.8072001 ], [ 100.4228662, 13.7811461 ], [ 100.4272867, 13.7808935 ], [ 100.4801453, 13.7748371 ], [ 100.4783131, 13.7768686 ], [ 100.4018942, 13.78348 ], [ 100.4163872, 13.7820075 ], [ 100.491652, 13.7826381 ], [ 100.4898919, 13.7815682 ], [ 100.4867407, 13.7789502 ], [ 100.4854854, 13.7774537 ], [ 100.4835433, 13.7751566 ], [ 100.4309691, 13.7805134 ], [ 100.4376217, 13.7798371 ], [ 100.4394538, 13.7796548 ], [ 100.4429861, 13.7797936 ], [ 100.4451124, 13.7803838 ], [ 100.4536743, 13.7830128 ], [ 100.4572822, 13.7840911 ], [ 100.4614884, 13.785346 ], [ 100.5117921, 13.8072218 ], [ 100.5487231, 13.8234031 ], [ 100.5504091, 13.8270558 ], [ 100.5374269, 13.8304005 ], [ 100.5342232, 13.830661 ], [ 100.531944, 13.8303992 ], [ 100.5448525, 13.8298925 ], [ 100.5296545, 13.8291587 ], [ 100.5246213, 13.8246741 ], [ 100.527237, 13.8270115 ], [ 100.523058, 13.8232611 ], [ 100.5215222, 13.8218533 ], [ 100.5202786, 13.8207329 ], [ 100.5180945, 13.81874 ], [ 100.5407277, 13.8046313 ], [ 100.5425607, 13.7978536 ], [ 100.548221, 13.7989218 ], [ 100.5481727, 13.8007799 ], [ 100.5479754, 13.8053937 ], [ 100.5478544, 13.7979075 ] ] } },
{ "type": "Feature", "properties": { "route_id": 14938718, "name": "525 (1-58) สวนสยาม - ลำลูกกา คลอง 12", "ref": "525 (1-58)", "from_stop": "", "to_stop": "", "operator": "TSB", "network": "TSB", "route_type": "bus", "coord_count": 16 }, "geometry": { "type": "LineString", "coordinates": [ [ 100.8571101, 13.9573658 ], [ 100.6907648, 13.7960505 ], [ 100.6876565, 13.8123549 ], [ 100.6891392, 13.8102515 ], [ 100.6902403, 13.8087098 ], [ 100.719756, 13.8127605 ], [ 100.7223135, 13.812721 ], [ 100.7317383, 13.8134985 ], [ 100.733039, 13.8142192 ], [ 100.7344313, 13.8149988 ], [ 100.7324182, 13.8191911 ], [ 100.7351899, 13.8194408 ], [ 100.7382274, 13.8197231 ], [ 100.7407139, 13.8199418 ], [ 100.7278696, 13.8145556 ], [ 100.7281616, 13.8129623 ] ] } },
{ "type": "Feature", "properties": { "route_id": 14938719, "name": "525 (1-58) ลำลูกกา คลอง 12 - สวนสยาม", "ref": "525 (1-58)", "from_stop": "", "to_stop": "", "operator": "TSB", "network": "TSB", "route_type": "bus", "coord_count": 11 }, "geometry": { "type": "LineString", "coordinates": [ [ 100.8571101, 13.9573658 ], [ 100.6909196, 13.8015679 ], [ 100.6872917, 13.8133438 ], [ 100.6886772, 13.8113391 ], [ 100.6905447, 13.8087052 ], [ 100.723431, 13.8123639 ], [ 100.7199942, 13.8124319 ], [ 100.7257145, 13.812366 ], [ 100.7343855, 13.8147992 ], [ 100.7330963, 13.8140918 ], [ 100.7319224, 13.8134168 ] ] } },
{ "type": "Feature", "properties": { "route_id": 14938721, "name": "526 (1-59) สวนสยาม - หมู่บ้านเอื้ออาทรสันติสุข", "ref": "526 (1-59)", "from_stop": "", "to_stop": "", "operator": "TSB", "network": "TSB", "route_type": "bus", "coord_count": 29 }, "geometry": { "type": "LineString", "coordinates": [ [ 100.6917317, 13.8042708 ], [ 100.9074114, 13.8344081 ], [ 100.6909196, 13.8015679 ], [ 100.6921452, 13.795859 ], [ 100.6937104, 13.7965344 ], [ 100.6946742, 13.7969392 ], [ 100.6958323, 13.7974346 ], [ 100.698367, 13.7985264 ], [ 100.7005412, 13.7994708 ], [ 100.7054884, 13.8015864 ], [ 100.7099073, 13.8037897 ], [ 100.7149819, 13.8080356 ], [ 100.7163501, 13.8103203 ], [ 100.719756, 13.8127605 ], [ 100.7223135, 13.812721 ], [ 100.7317383, 13.8134985 ], [ 100.733039, 13.8142192 ], [ 100.7344313, 13.8149988 ], [ 100.7324182, 13.8191911 ], [ 100.7351899, 13.8194408 ], [ 100.7382274, 13.8197231 ], [ 100.7407139, 13.8199418 ], [ 100.7561209, 13.8229554 ], [ 100.7587904, 13.8243424 ], [ 100.7607904, 13.8254167 ], [ 100.7643201, 13.8272975 ], [ 100.7672192, 13.828835 ], [ 100.7278696, 13.8145556 ], [ 100.7281616, 13.8129623 ] ] } },
{ "type": "Feature", "properties": { "route_id": 14938722, "name": "526 (1-59) หมู่บ้านเอื้ออาทรสันติสุข - สวนสยาม", "ref": "526 (1-59)", "from_stop": "", "to_stop": "", "operator": "TSB", "network": "TSB", "route_type": "bus", "coord_count": 29 }, "geometry": { "type": "LineString", "coordinates": [ [ 100.723431, 13.8123639 ], [ 100.7199942, 13.8124319 ], [ 100.6917317, 13.8042708 ], [ 100.9074114, 13.8344081 ], [ 100.6956793, 13.7970979 ], [ 100.6984225, 13.7982865 ], [ 100.693568, 13.7961944 ], [ 100.6907648, 13.7960505 ], [ 100.6896498, 13.7986495 ], [ 100.690967, 13.8024292 ], [ 100.7168503, 13.810649 ], [ 100.7150146, 13.8076333 ], [ 100.7102491, 13.8037298 ], [ 100.7057733, 13.8014403 ], [ 100.7006226, 13.7992233 ], [ 100.7257145, 13.812366 ], [ 100.7343855, 13.8147992 ], [ 100.7330963, 13.8140918 ], [ 100.7319224, 13.8134168 ], [ 100.7472779, 13.8155915 ], [ 100.7423705, 13.8151711 ], [ 100.7412954, 13.814574 ], [ 100.738566, 13.8130985 ], [ 100.7558465, 13.8225359 ], [ 100.7587839, 13.8240535 ], [ 100.7605444, 13.8250417 ], [ 100.7638826, 13.8267904 ], [ 100.7657322, 13.8277743 ], [ 100.7682897, 13.8291484 ] ] } },
{ "type": "Feature", "properties": { "route_id": 14980245, "name": "146 (4-52) วงกลม : ตลิ่งชัน - บางแค (วนขวา)", "ref": "146 (4-52)", "from_stop": "", "to_stop": "", "operator": "TSB", "network": "TSB", "route_type": "bus", "coord_count": 45 }, "geometry": { "type": "LineString", "coordinates": [ [ 100.4055161, 13.7320647 ], [ 100.4055161, 13.7320647 ], [ 100.4275662, 13.7813735 ], [ 100.4055395, 13.747582 ], [ 100.4055061, 13.7544645 ], [ 100.4715503, 13.7610637 ], [ 100.4055439, 13.7273063 ], [ 100.4055512, 13.7256779 ], [ 100.4055319, 13.7343351 ], [ 100.470841, 13.7403082 ], [ 100.469303, 13.7575512 ], [ 100.4057469, 13.7569209 ], [ 100.4063409, 13.7620193 ], [ 100.4067369, 13.7653525 ], [ 100.4076116, 13.7724551 ], [ 100.4079548, 13.7753704 ], [ 100.4777453, 13.7780114 ], [ 100.4162749, 13.782553 ], [ 100.4200426, 13.7821648 ], [ 100.4217365, 13.7819729 ], [ 100.4699833, 13.7592066 ], [ 100.4320484, 13.7809242 ], [ 100.4394355, 13.7802267 ], [ 100.4790496, 13.7766535 ], [ 100.4767963, 13.7672144 ], [ 100.4783051, 13.7689734 ], [ 100.4795292, 13.7703867 ], [ 100.4806489, 13.7750362 ], [ 100.4721979, 13.7839224 ], [ 100.4742572, 13.7817348 ], [ 100.4753051, 13.7806085 ], [ 100.416747, 13.7112973 ], [ 100.4140816, 13.7111005 ], [ 100.4117884, 13.7108803 ], [ 100.4096173, 13.7107115 ], [ 100.4195635, 13.7115402 ], [ 100.4234917, 13.7118764 ], [ 100.4270222, 13.7121635 ], [ 100.4628853, 13.7232331 ], [ 100.4652619, 13.7245379 ], [ 100.4693873, 13.726783 ], [ 100.4718274, 13.728066 ], [ 100.4597039, 13.7215307 ], [ 100.4729093, 13.7322 ], [ 100.4719565, 13.7340095 ] ] } },
{ "type": "Feature", "properties": { "route_id": 14980246, "name": "146 (4-52) วงกลม : ตลิ่งชัน - บางแค (วนซ้าย)", "ref": "146 (4-52)", "from_stop": "", "to_stop": "", "operator": "TSB", "network": "TSB", "route_type": "bus", "coord_count": 37 }, "geometry": { "type": "LineString", "coordinates": [ [ 100.4228662, 13.7811461 ], [ 100.406234, 13.7552226 ], [ 100.4062235, 13.7438264 ], [ 100.4062072, 13.7322554 ], [ 100.4062243, 13.7364743 ], [ 100.4062167, 13.7157934 ], [ 100.4309691, 13.7805134 ], [ 100.4376217, 13.7798371 ], [ 100.4394538, 13.7796548 ], [ 100.4272867, 13.7808935 ], [ 100.4690924, 13.7578341 ], [ 100.4089367, 13.7779829 ], [ 100.4086092, 13.7752545 ], [ 100.408174, 13.7716542 ], [ 100.4074394, 13.7654076 ], [ 100.4069787, 13.7617752 ], [ 100.4764753, 13.7788999 ], [ 100.4749047, 13.7805832 ], [ 100.469533, 13.7589915 ], [ 100.4723327, 13.7623299 ], [ 100.4765228, 13.7672746 ], [ 100.4780998, 13.7691251 ], [ 100.4791446, 13.7703343 ], [ 100.4801453, 13.7748371 ], [ 100.4783131, 13.7768686 ], [ 100.4163872, 13.7820075 ], [ 100.4107104, 13.7111234 ], [ 100.4134491, 13.7113291 ], [ 100.4172049, 13.7116705 ], [ 100.4194539, 13.7118574 ], [ 100.424643, 13.7122477 ], [ 100.4612447, 13.7226666 ], [ 100.4598674, 13.7219364 ], [ 100.4652913, 13.7248821 ], [ 100.4688465, 13.7268395 ], [ 100.4714206, 13.7282511 ], [ 100.4339161, 13.7129821 ] ] } },
{ "type": "Feature", "properties": { "route_id": 14980248, "name": "1-62 มีนบุรี - กระทรวงพาณิชย์", "ref": "1-62", "from_stop": "", "to_stop": "", "operator": "TSB", "network": "TSB", "route_type": "bus", "coord_count": 15 }, "geometry": { "type": "LineString", "coordinates": [ [ 100.7287198, 13.8138626 ], [ 100.6534588, 13.8173048 ], [ 100.651357, 13.8124586 ], [ 100.6761986, 13.8251238 ], [ 100.4875568, 13.8817533 ], [ 100.5568522, 13.849907 ], [ 100.5551318, 13.8508667 ], [ 100.5512102, 13.8530633 ], [ 100.548699, 13.8544636 ], [ 100.5470006, 13.8554256 ], [ 100.6489248, 13.8104757 ], [ 100.6451543, 13.813561 ], [ 100.6354397, 13.8194113 ], [ 100.6293825, 13.8242804 ], [ 100.6522215, 13.8144601 ] ] } },
{ "type": "Feature", "properties": { "route_id": 14980249, "name": "1-62 กระทรวงพาณิชย์ - มีนบุรี", "ref": "1-62", "from_stop": "", "to_stop": "", "operator": "", "network": "TSB", "route_type": "bus", "coord_count": 15 }, "geometry": { "type": "LineString", "coordinates": [ [ 100.7287198, 13.8138626 ], [ 100.4875568, 13.8817533 ], [ 100.6522067, 13.8150022 ], [ 100.5469026, 13.8558681 ], [ 100.5493125, 13.8545035 ], [ 100.5516825, 13.8531682 ], [ 100.5552822, 13.8511653 ], [ 100.5576208, 13.849868 ], [ 100.5266234, 13.8586362 ], [ 100.5286508, 13.8583895 ], [ 100.5314413, 13.8580507 ], [ 100.6512584, 13.8128645 ], [ 100.6294836, 13.8247137 ], [ 100.6358329, 13.8195739 ], [ 100.6450746, 13.8140281 ] ] } },
{ "type": "Feature", "properties": { "route_id": 14980679, "name": "517 (1-56) พระจอมเกล้าลาดกระบัง - อนุสาวรีย์ชัยสมรภูมิ", "ref": "517 (1-56)", "from_stop": "", "to_stop": "", "operator": "TSB", "network": "TSB", "route_type": "bus", "coord_count": 35 }, "geometry": { "type": "LineString", "coordinates": [ [ 100.5391867, 13.7653062 ], [ 100.7809785, 13.7303133 ], [ 100.7782278, 13.7289278 ], [ 100.7781659, 13.7267606 ], [ 100.7802805, 13.7228544 ], [ 100.7998334, 13.7183025 ], [ 100.7976934, 13.7190993 ], [ 100.7958864, 13.719771 ], [ 100.7831573, 13.72201 ], [ 100.7865331, 13.7220754 ], [ 100.7864461, 13.7218343 ], [ 100.7841855, 13.7218013 ], [ 100.7825457, 13.7217728 ], [ 100.7960822, 13.7199689 ], [ 100.7930005, 13.7210771 ], [ 100.7924659, 13.7209942 ], [ 100.7771616, 13.7216428 ], [ 100.5458694, 13.763376 ], [ 100.6317305, 13.7419419 ], [ 100.6283639, 13.7412273 ], [ 100.6256067, 13.7406281 ], [ 100.6040583, 13.7477774 ], [ 100.5980003, 13.7498058 ], [ 100.5951614, 13.750732 ], [ 100.7462962, 13.7271668 ], [ 100.7464832, 13.7228664 ], [ 100.5537563, 13.7608954 ], [ 100.5521771, 13.7616893 ], [ 100.5503128, 13.7626215 ], [ 100.5559429, 13.7598347 ], [ 100.7757045, 13.7215841 ], [ 100.7748162, 13.7215866 ], [ 100.7737776, 13.7216234 ], [ 100.7721779, 13.721611 ], [ 100.7687812, 13.7215672 ] ] } },
{ "type": "Feature", "properties": { "route_id": 14980680, "name": "517 (1-56) อนุสาวรีย์ชัยสมรภูมิ - พระจอมเกล้าลาดกระบัง", "ref": "517 (1-56)", "from_stop": "", "to_stop": "", "operator": "TSB", "network": "TSB", "route_type": "bus", "coord_count": 29 }, "geometry": { "type": "LineString", "coordinates": [ [ 100.5391867, 13.7653062 ], [ 100.7809694, 13.730561 ], [ 100.7779711, 13.7291115 ], [ 100.7780424, 13.7269494 ], [ 100.7801951, 13.7226945 ], [ 100.7797971, 13.7246672 ], [ 100.7771397, 13.7219726 ], [ 100.7747532, 13.7219331 ], [ 100.7724112, 13.7219039 ], [ 100.7688635, 13.7218219 ], [ 100.5446513, 13.7633488 ], [ 100.624868, 13.7408118 ], [ 100.6278763, 13.741438 ], [ 100.6321606, 13.7423543 ], [ 100.6340772, 13.7427591 ], [ 100.6135828, 13.7425224 ], [ 100.6176684, 13.7414842 ], [ 100.6077849, 13.7464089 ], [ 100.5954586, 13.7509471 ], [ 100.5981112, 13.7500792 ], [ 100.6037402, 13.7482104 ], [ 100.7467708, 13.726908 ], [ 100.5409478, 13.763859 ], [ 100.5533071, 13.7613993 ], [ 100.5511977, 13.762463 ], [ 100.5679063, 13.7559961 ], [ 100.5716692, 13.7556947 ], [ 100.5757514, 13.7554993 ], [ 100.573933, 13.7556254 ] ] } },
{ "type": "Feature", "properties": { "route_id": 14999163, "name": "26A (1-77) มีนบุรี - คลองเตย", "ref": "26A (1-77)", "from_stop": "", "to_stop": "", "operator": "TSB", "network": "TSB", "route_type": "bus", "coord_count": 48 }, "geometry": { "type": "LineString", "coordinates": [ [ 100.7001984, 13.8125468 ], [ 100.6861021, 13.8158061 ], [ 100.6828773, 13.8188483 ], [ 100.5632989, 13.7152921 ], [ 100.5611837, 13.7161696 ], [ 100.7257145, 13.812366 ], [ 100.6949838, 13.8125567 ], [ 100.6916625, 13.8125712 ], [ 100.6803089, 13.821243 ], [ 100.6761986, 13.8251238 ], [ 100.6716961, 13.8294823 ], [ 100.6690947, 13.8320225 ], [ 100.6666797, 13.8343748 ], [ 100.6650098, 13.8359993 ], [ 100.6579934, 13.8408381 ], [ 100.6567247, 13.8415246 ], [ 100.6530355, 13.843515 ], [ 100.6499129, 13.8451544 ], [ 100.6469255, 13.846845 ], [ 100.6417974, 13.8496085 ], [ 100.6367143, 13.8438723 ], [ 100.6343132, 13.8388398 ], [ 100.6330643, 13.8367721 ], [ 100.6308797, 13.832859 ], [ 100.6300973, 13.8305267 ], [ 100.6270429, 13.822396 ], [ 100.6251884, 13.8187255 ], [ 100.622697, 13.8147886 ], [ 100.6215169, 13.8129296 ], [ 100.618975, 13.8084888 ], [ 100.6168389, 13.8036862 ], [ 100.613764, 13.7967928 ], [ 100.6125167, 13.7938921 ], [ 100.608015, 13.7813991 ], [ 100.6077519, 13.7794448 ], [ 100.6074806, 13.7773593 ], [ 100.6070137, 13.7718927 ], [ 100.6040604, 13.76901 ], [ 100.6014617, 13.7658334 ], [ 100.5996694, 13.763613 ], [ 100.5973056, 13.7604999 ], [ 100.5831506, 13.720841 ], [ 100.581136, 13.7222791 ], [ 100.5807658, 13.7189001 ], [ 100.5797969, 13.7134499 ], [ 100.576481, 13.7148747 ], [ 100.5669917, 13.7183177 ], [ 100.6155552, 13.8007312 ] ] } },
{ "type": "Feature", "properties": { "route_id": 14999164, "name": "26A (1-77) คลองเตย - มีนบุรี", "ref": "26A (1-77)", "from_stop": "", "to_stop": "", "operator": "TSB", "network": "TSB", "route_type": "bus", "coord_count": 43 }, "geometry": { "type": "LineString", "coordinates": [ [ 100.5611837, 13.7161696 ], [ 100.5608084, 13.7196638 ], [ 100.7223135, 13.812721 ], [ 100.719756, 13.8127605 ], [ 100.7255713, 13.8126489 ], [ 100.5842847, 13.7147347 ], [ 100.5585977, 13.7193262 ], [ 100.5824055, 13.7131264 ], [ 100.643906, 13.848852 ], [ 100.6463793, 13.8474975 ], [ 100.6484363, 13.8463863 ], [ 100.6533181, 13.8437301 ], [ 100.6567568, 13.8418628 ], [ 100.6580897, 13.8411441 ], [ 100.6658056, 13.8356785 ], [ 100.6675676, 13.8339778 ], [ 100.6704941, 13.8311564 ], [ 100.6801851, 13.8219898 ], [ 100.6833125, 13.8189648 ], [ 100.6846966, 13.8176446 ], [ 100.6862984, 13.8161206 ], [ 100.6915793, 13.8129303 ], [ 100.6944097, 13.8129181 ], [ 100.7001063, 13.8128672 ], [ 100.677316, 13.8247325 ], [ 100.6067313, 13.7764843 ], [ 100.6072488, 13.7800109 ], [ 100.6027534, 13.7682888 ], [ 100.6043675, 13.7702834 ], [ 100.6111882, 13.7932509 ], [ 100.6129141, 13.7966191 ], [ 100.6258739, 13.8215029 ], [ 100.6295505, 13.8306385 ], [ 100.6305184, 13.8333141 ], [ 100.6316556, 13.835585 ], [ 100.6327438, 13.8375942 ], [ 100.6339728, 13.8399003 ], [ 100.6359471, 13.8437786 ], [ 100.6150223, 13.8010638 ], [ 100.6162996, 13.803972 ], [ 100.6178846, 13.807382 ], [ 100.6248151, 13.8197052 ], [ 100.6228762, 13.8166144 ] ] } },
{ "type": "Feature", "properties": { "route_id": 14999166, "name": "3-52 วงกลม : เซ็นทรัลพระราม 3 - หัวลำโพง (วนขวา)", "ref": "3-52", "from_stop": "", "to_stop": "", "operator": "TSB", "network": "TSB", "route_type": "bus", "coord_count": 25 }, "geometry": { "type": "LineString", "coordinates": [ [ 100.5158695, 13.7202055 ], [ 100.5162821, 13.7245624 ], [ 100.514768, 13.7367148 ], [ 100.5199323, 13.7364899 ], [ 100.5221915, 13.7355861 ], [ 100.523896, 13.7349011 ], [ 100.5255442, 13.7342503 ], [ 100.530414, 13.732345 ], [ 100.5320991, 13.7316382 ], [ 100.5345701, 13.7285062 ], [ 100.5367412, 13.7094808 ], [ 100.538963, 13.7052838 ], [ 100.5406934, 13.7022788 ], [ 100.5410656, 13.6991809 ], [ 100.5391684, 13.6970718 ], [ 100.5371908, 13.696102 ], [ 100.5299817, 13.6933525 ], [ 100.5189002, 13.6864515 ], [ 100.5164732, 13.6876408 ], [ 100.5132916, 13.688665 ], [ 100.5112178, 13.6892326 ], [ 100.5428835, 13.6991826 ], [ 100.5451702, 13.6968642 ], [ 100.529324, 13.7243303 ], [ 100.5310647, 13.7272758 ] ] } },
{ "type": "Feature", "properties": { "route_id": 14999167, "name": "3-52 วงกลม : เซ็นทรัลพระราม 3 - หัวลำโพง (วนซ้าย)", "ref": "3-52", "from_stop": "", "to_stop": "", "operator": "TSB", "network": "TSB", "route_type": "bus", "coord_count": 23 }, "geometry": { "type": "LineString", "coordinates": [ [ 100.5160632, 13.73664 ], [ 100.5381049, 13.6974649 ], [ 100.5194687, 13.7217981 ], [ 100.5169844, 13.730455 ], [ 100.5179834, 13.7369281 ], [ 100.5290701, 13.7237291 ], [ 100.5106831, 13.6897117 ], [ 100.5139087, 13.688898 ], [ 100.5166484, 13.6879993 ], [ 100.5173506, 13.7225949 ], [ 100.5215465, 13.6878989 ], [ 100.5289141, 13.6938687 ], [ 100.522881, 13.690489 ], [ 100.5404886, 13.7017182 ], [ 100.5426256, 13.6987676 ], [ 100.5380708, 13.705849 ], [ 100.5359378, 13.7100186 ], [ 100.5334699, 13.728363 ], [ 100.5311468, 13.72755 ], [ 100.5353832, 13.7298722 ], [ 100.5187486, 13.6869996 ], [ 100.5234179, 13.7348082 ], [ 100.5264863, 13.7335351 ] ] } },
{ "type": "Feature", "properties": { "route_id": 15000231, "name": "1 (3-35) เซ็นทรัลพระราม 3 - สนามหลวง", "ref": "1 (3-35)", "from_stop": "", "to_stop": "", "operator": "TSB", "network": "TSB", "route_type": "bus", "coord_count": 36 }, "geometry": { "type": "LineString", "coordinates": [ [ 100.5381049, 13.6974649 ], [ 100.492562, 13.7565688 ], [ 100.5162821, 13.7245624 ], [ 100.5056348, 13.6896848 ], [ 100.5158158, 13.7283059 ], [ 100.5044438, 13.6899628 ], [ 100.5078604, 13.6895191 ], [ 100.5007357, 13.6929205 ], [ 100.4984641, 13.6985522 ], [ 100.5039481, 13.7035067 ], [ 100.5299817, 13.6933525 ], [ 100.4938507, 13.7545279 ], [ 100.5410656, 13.6991809 ], [ 100.5391684, 13.6970718 ], [ 100.5021511, 13.6914096 ], [ 100.5112178, 13.6892326 ], [ 100.5132916, 13.688665 ], [ 100.5164732, 13.6876408 ], [ 100.5189002, 13.6864515 ], [ 100.5123253, 13.7384508 ], [ 100.5108666, 13.7396852 ], [ 100.507711, 13.7415174 ], [ 100.5054593, 13.7436567 ], [ 100.495062, 13.74728 ], [ 100.5002191, 13.7001173 ], [ 100.5023587, 13.7020592 ], [ 100.5371908, 13.696102 ], [ 100.5159889, 13.7207712 ], [ 100.5065749, 13.7058962 ], [ 100.5098511, 13.7088695 ], [ 100.5082678, 13.7074205 ], [ 100.505215, 13.7046628 ], [ 100.5120136, 13.7116241 ], [ 100.512816, 13.7134726 ], [ 100.5135639, 13.7151576 ], [ 100.5141231, 13.716449 ] ] } },
{ "type": "Feature", "properties": { "route_id": 15000232, "name": "1 (3-35) สนามหลวง - เซ็นทรัลพระราม 3", "ref": "1 (3-35)", "from_stop": "", "to_stop": "", "operator": "TSB", "network": "TSB", "route_type": "bus", "coord_count": 36 }, "geometry": { "type": "LineString", "coordinates": [ [ 100.5231658, 13.7273039 ], [ 100.514768, 13.7367148 ], [ 100.492562, 13.7565688 ], [ 100.5381049, 13.6974649 ], [ 100.490084, 13.7560677 ], [ 100.5169844, 13.730455 ], [ 100.4978287, 13.6966129 ], [ 100.5008442, 13.6934316 ], [ 100.5026846, 13.6914792 ], [ 100.5040009, 13.6905776 ], [ 100.5069697, 13.6899899 ], [ 100.5106831, 13.6897117 ], [ 100.5139087, 13.688898 ], [ 100.5166484, 13.6879993 ], [ 100.5158695, 13.7202055 ], [ 100.5043336, 13.7036952 ], [ 100.5006528, 13.7003748 ], [ 100.5215465, 13.6878989 ], [ 100.5289141, 13.6938687 ], [ 100.522881, 13.690489 ], [ 100.4896104, 13.7506611 ], [ 100.4895528, 13.7528056 ], [ 100.5187486, 13.6869996 ], [ 100.5197895, 13.7262525 ], [ 100.5217426, 13.7313172 ], [ 100.501895, 13.7470886 ], [ 100.5160632, 13.73664 ], [ 100.4905828, 13.7471001 ], [ 100.491784, 13.7455397 ], [ 100.4927559, 13.744408 ], [ 100.4983751, 13.6982878 ], [ 100.5057963, 13.7050005 ], [ 100.5071856, 13.7062743 ], [ 100.5104042, 13.7092111 ], [ 100.5087601, 13.7076968 ], [ 100.5195223, 13.7309441 ] ] } },
{ "type": "Feature", "properties": { "route_id": 15000234, "name": "143 (1-47) นิคมอุตสาหกรรมนำไกร - มีนบุรี", "ref": "143 (1-47)", "from_stop": "", "to_stop": "", "operator": "TSB", "network": "TSB", "route_type": "bus", "coord_count": 47 }, "geometry": { "type": "LineString", "coordinates": [ [ 100.7809694, 13.730561 ], [ 100.7779711, 13.7291115 ], [ 100.7780424, 13.7269494 ], [ 100.7801951, 13.7226945 ], [ 100.7797971, 13.7246672 ], [ 100.7998334, 13.7183025 ], [ 100.7976934, 13.7190993 ], [ 100.7958864, 13.719771 ], [ 100.8217773, 13.7147973 ], [ 100.8189372, 13.7158453 ], [ 100.7864461, 13.7218343 ], [ 100.7841855, 13.7218013 ], [ 100.7825457, 13.7217728 ], [ 100.7924659, 13.7209942 ], [ 100.7771616, 13.7216428 ], [ 100.7771397, 13.7219726 ], [ 100.8266535, 13.7159752 ], [ 100.7257145, 13.812366 ], [ 100.7927237, 13.7505586 ], [ 100.7904043, 13.7508259 ], [ 100.7869324, 13.7512326 ], [ 100.7802577, 13.7520082 ], [ 100.7935458, 13.7487549 ], [ 100.7929648, 13.7467089 ], [ 100.7922076, 13.7441237 ], [ 100.7757295, 13.7525568 ], [ 100.7710086, 13.7530978 ], [ 100.7659805, 13.75368 ], [ 100.7555331, 13.7549119 ], [ 100.7462393, 13.7749319 ], [ 100.7462937, 13.7771505 ], [ 100.7463424, 13.7805616 ], [ 100.7462928, 13.7823812 ], [ 100.7461479, 13.7859057 ], [ 100.7460563, 13.7885962 ], [ 100.7460275, 13.7914606 ], [ 100.7460024, 13.7940933 ], [ 100.7448352, 13.7973865 ], [ 100.7438424, 13.7992164 ], [ 100.7427823, 13.8011516 ], [ 100.7410424, 13.8043597 ], [ 100.7377928, 13.8103053 ], [ 100.7462293, 13.7578247 ], [ 100.746207, 13.7630173 ], [ 100.7462018, 13.7665481 ], [ 100.746205, 13.7688311 ], [ 100.746204, 13.7718126 ] ] } },
{ "type": "Feature", "properties": { "route_id": 15000235, "name": "143 (1-47) มีนบุรี - นิคมอุตสาหกรรมนำไกร", "ref": "143 (1-47)", "from_stop": "", "to_stop": "", "operator": "TSB", "network": "TSB", "route_type": "bus", "coord_count": 50 }, "geometry": { "type": "LineString", "coordinates": [ [ 100.7287198, 13.8138626 ], [ 100.7809785, 13.7303133 ], [ 100.7782278, 13.7289278 ], [ 100.7781659, 13.7267606 ], [ 100.7802805, 13.7228544 ], [ 100.8189229, 13.7159421 ], [ 100.8217984, 13.7148854 ], [ 100.7831573, 13.72201 ], [ 100.7865331, 13.7220754 ], [ 100.7960822, 13.7199689 ], [ 100.7930005, 13.7210771 ], [ 100.8266535, 13.7159752 ], [ 100.7349039, 13.8162661 ], [ 100.7350768, 13.8164398 ], [ 100.7317383, 13.8134985 ], [ 100.733039, 13.8142192 ], [ 100.7344313, 13.8149988 ], [ 100.7465707, 13.7809642 ], [ 100.7465028, 13.7833434 ], [ 100.7463978, 13.7857463 ], [ 100.7462976, 13.7893854 ], [ 100.7462761, 13.7915862 ], [ 100.7462365, 13.7940277 ], [ 100.7449789, 13.797652 ], [ 100.7377918, 13.8108607 ], [ 100.7390607, 13.8085092 ], [ 100.7412972, 13.8043981 ], [ 100.7429663, 13.8013467 ], [ 100.7449789, 13.797652 ], [ 100.7462365, 13.7940277 ], [ 100.7462761, 13.7915862 ], [ 100.7462976, 13.7893854 ], [ 100.7463978, 13.7857463 ], [ 100.7465028, 13.7833434 ], [ 100.7465707, 13.7809642 ], [ 100.7465627, 13.7777661 ], [ 100.7465119, 13.7755229 ], [ 100.7805138, 13.7523083 ], [ 100.7867474, 13.7515782 ], [ 100.7896807, 13.7512339 ], [ 100.791931, 13.7509752 ], [ 100.7563974, 13.7551169 ], [ 100.7658585, 13.7540354 ], [ 100.7717575, 13.7533404 ], [ 100.7753618, 13.7529147 ], [ 100.7464591, 13.7722316 ], [ 100.7464624, 13.7696413 ], [ 100.7464516, 13.766843 ], [ 100.7464601, 13.7630345 ], [ 100.7281616, 13.8129623 ] ] } },
{ "type": "Feature", "properties": { "route_id": 15000237, "name": "1-71 วงกลม : มีนบุรี - นิคมอุตสาหกรรมลาดกระบัง (วนขวา)", "ref": "1-71", "from_stop": "", "to_stop": "", "operator": "TSB", "network": "TSB", "route_type": "bus", "coord_count": 48 }, "geometry": { "type": "LineString", "coordinates": [ [ 100.7257145, 13.812366 ], [ 100.723431, 13.8123639 ], [ 100.7199942, 13.8124319 ], [ 100.8247583, 13.7855082 ], [ 100.8174051, 13.7765433 ], [ 100.8146352, 13.7740824 ], [ 100.8131138, 13.7727311 ], [ 100.8093837, 13.7694234 ], [ 100.7343855, 13.8147992 ], [ 100.7330963, 13.8140918 ], [ 100.7319224, 13.8134168 ], [ 100.7972396, 13.7544136 ], [ 100.798974, 13.756868 ], [ 100.8022197, 13.7614576 ], [ 100.7927237, 13.7505586 ], [ 100.7904043, 13.7508259 ], [ 100.7869324, 13.7512326 ], [ 100.7802577, 13.7520082 ], [ 100.7757295, 13.7525568 ], [ 100.7710086, 13.7530978 ], [ 100.7659805, 13.75368 ], [ 100.7555331, 13.7549119 ], [ 100.7462393, 13.7749319 ], [ 100.7462937, 13.7771505 ], [ 100.7463424, 13.7805616 ], [ 100.7462928, 13.7823812 ], [ 100.7461479, 13.7859057 ], [ 100.7460563, 13.7885962 ], [ 100.7460275, 13.7914606 ], [ 100.7460024, 13.7940933 ], [ 100.7448352, 13.7973865 ], [ 100.7438424, 13.7992164 ], [ 100.7427823, 13.8011516 ], [ 100.7410424, 13.8043597 ], [ 100.7377928, 13.8103053 ], [ 100.7462293, 13.7578247 ], [ 100.746207, 13.7630173 ], [ 100.7462018, 13.7665481 ], [ 100.746205, 13.7688311 ], [ 100.746204, 13.7718126 ], [ 100.7225757, 13.817185 ], [ 100.7271124, 13.818693 ], [ 100.7207, 13.8154768 ], [ 100.7324182, 13.8191911 ], [ 100.7351899, 13.8194408 ], [ 100.7382274, 13.8197231 ], [ 100.7407139, 13.8199418 ], [ 100.795441, 13.7518281 ] ] } },
{ "type": "Feature", "properties": { "route_id": 15000238, "name": "1-71 วงกลม : มีนบุรี - นิคมอุตสาหกรรมลาดกระบัง (วนซ้าย)", "ref": "1-71", "from_stop": "", "to_stop": "", "operator": "TSB", "network": "TSB", "route_type": "bus", "coord_count": 55 }, "geometry": { "type": "LineString", "coordinates": [ [ 100.7287198, 13.8138626 ], [ 100.7223135, 13.812721 ], [ 100.719756, 13.8127605 ], [ 100.7255713, 13.8126489 ], [ 100.7317383, 13.8134985 ], [ 100.733039, 13.8142192 ], [ 100.7344313, 13.8149988 ], [ 100.7986273, 13.7567545 ], [ 100.7954535, 13.7522829 ], [ 100.8020926, 13.7616945 ], [ 100.8009229, 13.7599845 ], [ 100.7805138, 13.7523083 ], [ 100.7867474, 13.7515782 ], [ 100.7896807, 13.7512339 ], [ 100.791931, 13.7509752 ], [ 100.7563974, 13.7551169 ], [ 100.7658585, 13.7540354 ], [ 100.7717575, 13.7533404 ], [ 100.7753618, 13.7529147 ], [ 100.7278696, 13.8145556 ], [ 100.7281616, 13.8129623 ], [ 100.8091996, 13.769579 ], [ 100.8124279, 13.7724623 ], [ 100.8147638, 13.7745136 ], [ 100.8164441, 13.7760234 ], [ 100.8249644, 13.7862718 ], [ 100.7349039, 13.8162661 ], [ 100.7350768, 13.8164398 ], [ 100.7423705, 13.8151711 ], [ 100.7412954, 13.814574 ], [ 100.738566, 13.8130985 ], [ 100.7377918, 13.8108607 ], [ 100.7390607, 13.8085092 ], [ 100.7412972, 13.8043981 ], [ 100.7429663, 13.8013467 ], [ 100.7449789, 13.797652 ], [ 100.7462365, 13.7940277 ], [ 100.7462761, 13.7915862 ], [ 100.7462976, 13.7893854 ], [ 100.7463978, 13.7857463 ], [ 100.7465028, 13.7833434 ], [ 100.7465707, 13.7809642 ], [ 100.7465627, 13.7777661 ], [ 100.7465119, 13.7755229 ], [ 100.7464591, 13.7722316 ], [ 100.7464624, 13.7696413 ], [ 100.7464516, 13.766843 ], [ 100.7464601, 13.7630345 ], [ 100.7218244, 13.8160553 ], [ 100.7267057, 13.8183519 ], [ 100.7206671, 13.8150304 ], [ 100.76837, 13.8134583 ], [ 100.7637557, 13.8139236 ], [ 100.7552581, 13.8147538 ], [ 100.7472779, 13.8155915 ] ] } },
{ "type": "Feature", "properties": { "route_id": 15002993, "name": "64 (2-11) กระทรวงสาธารณสุข - สนามหลวง", "ref": "64 (2-11)", "from_stop": "", "to_stop": "", "operator": "TSB", "network": "TSB", "route_type": "bus", "coord_count": 10 }, "geometry": { "type": "LineString", "coordinates": [ [ 100.492562, 13.7565688 ], [ 100.4479123, 13.7904356 ], [ 100.4790496, 13.7766535 ], [ 100.4806489, 13.7750362 ], [ 100.514071, 13.8473856 ], [ 100.5141097, 13.8473563 ], [ 100.5118464, 13.844088 ], [ 100.5119091, 13.8440694 ], [ 100.499703, 13.85134 ], [ 100.4884052, 13.7656139 ] ] } },
{ "type": "Feature", "properties": { "route_id": 15002994, "name": "64 (2-11) สนามหลวง - กระทรวงสาธารณสุข", "ref": "64 (2-11)", "from_stop": "", "to_stop": "", "operator": "TSB", "network": "TSB", "route_type": "bus", "coord_count": 28 }, "geometry": { "type": "LineString", "coordinates": [ [ 100.4480476, 13.8265385 ], [ 100.4479743, 13.8265299 ], [ 100.4496243, 13.8045124 ], [ 100.449667, 13.8045267 ], [ 100.4493952, 13.8097239 ], [ 100.4494393, 13.8097337 ], [ 100.4488968, 13.8187071 ], [ 100.4489248, 13.8187169 ], [ 100.5139281, 13.8475913 ], [ 100.5139745, 13.8475603 ], [ 100.5116365, 13.8442099 ], [ 100.492562, 13.7565688 ], [ 100.490084, 13.7560677 ], [ 100.4536743, 13.7830128 ], [ 100.4572822, 13.7840911 ], [ 100.4614884, 13.785346 ], [ 100.4783131, 13.7768686 ], [ 100.4801453, 13.7748371 ], [ 100.4764753, 13.7788999 ], [ 100.4879947, 13.7652886 ], [ 100.4835788, 13.7709813 ], [ 100.4474652, 13.790696 ], [ 100.4938507, 13.7545279 ], [ 100.4896104, 13.7506611 ], [ 100.4895528, 13.7528056 ], [ 100.5115772, 13.844263 ], [ 100.4998769, 13.8513747 ], [ 100.4905828, 13.7471001 ] ] } },
{ "type": "Feature", "properties": { "route_id": 15002996, "name": "1-63 ปัฐวิกรณ์ - สวนหลวงพระราม 8", "ref": "1-63", "from_stop": "", "to_stop": "", "operator": "TSB", "network": "TSB", "route_type": "bus", "coord_count": 48 }, "geometry": { "type": "LineString", "coordinates": [ [ 100.5041982, 13.7510416 ], [ 100.4924616, 13.7714071 ], [ 100.5132754, 13.7460216 ], [ 100.6534588, 13.8173048 ], [ 100.651357, 13.8124586 ], [ 100.5384722, 13.7641638 ], [ 100.500132, 13.756808 ], [ 100.4879947, 13.7652886 ], [ 100.5458694, 13.763376 ], [ 100.6274614, 13.7758612 ], [ 100.6249308, 13.7772626 ], [ 100.6224347, 13.7786522 ], [ 100.6104933, 13.7853261 ], [ 100.6123485, 13.7842957 ], [ 100.6153305, 13.7826348 ], [ 100.6191025, 13.7805202 ], [ 100.6070137, 13.7718927 ], [ 100.6074806, 13.7773593 ], [ 100.608015, 13.7813991 ], [ 100.6077519, 13.7794448 ], [ 100.6040604, 13.76901 ], [ 100.5973056, 13.7604999 ], [ 100.5996694, 13.763613 ], [ 100.6014617, 13.7658334 ], [ 100.5537563, 13.7608954 ], [ 100.5521771, 13.7616893 ], [ 100.5503128, 13.7626215 ], [ 100.5050024, 13.754412 ], [ 100.5327982, 13.7548007 ], [ 100.5337995, 13.756611 ], [ 100.5164518, 13.7471855 ], [ 100.5559429, 13.7598347 ], [ 100.6522215, 13.8144601 ], [ 100.6458542, 13.801235 ], [ 100.643562, 13.8006067 ], [ 100.6382882, 13.7995743 ], [ 100.635629, 13.7992718 ], [ 100.631856, 13.7980122 ], [ 100.6275779, 13.7952168 ], [ 100.6279923, 13.7933434 ], [ 100.628529, 13.7909696 ], [ 100.6289033, 13.7893465 ], [ 100.6295637, 13.7870314 ], [ 100.5406868, 13.7637208 ], [ 100.6494649, 13.808092 ], [ 100.6480441, 13.8052579 ], [ 100.6306177, 13.7834062 ], [ 100.6302301, 13.779881 ] ] } },
{ "type": "Feature", "properties": { "route_id": 15002997, "name": "1-63 สวนหลวงพระราม 8 - ปัฐวิกรณ์", "ref": "1-63", "from_stop": "", "to_stop": "", "operator": "TSB", "network": "TSB", "route_type": "bus", "coord_count": 47 }, "geometry": { "type": "LineString", "coordinates": [ [ 100.5049666, 13.7537186 ], [ 100.4924616, 13.7714071 ], [ 100.5391867, 13.7653062 ], [ 100.4884052, 13.7656139 ], [ 100.6522067, 13.8150022 ], [ 100.5446513, 13.7633488 ], [ 100.5314676, 13.752007 ], [ 100.6105559, 13.7855595 ], [ 100.6124987, 13.7844644 ], [ 100.6151465, 13.783 ], [ 100.6275052, 13.7760756 ], [ 100.6252479, 13.7773396 ], [ 100.6234868, 13.7783139 ], [ 100.6203843, 13.7800574 ], [ 100.6189204, 13.7808777 ], [ 100.6067313, 13.7764843 ], [ 100.6072488, 13.7800109 ], [ 100.6027534, 13.7682888 ], [ 100.6043675, 13.7702834 ], [ 100.5409478, 13.763859 ], [ 100.5533071, 13.7613993 ], [ 100.5511977, 13.762463 ], [ 100.5679063, 13.7559961 ], [ 100.5716692, 13.7556947 ], [ 100.6111882, 13.7932509 ], [ 100.6129141, 13.7966191 ], [ 100.5757514, 13.7554993 ], [ 100.573933, 13.7556254 ], [ 100.5260187, 13.7471614 ], [ 100.5292583, 13.7465853 ], [ 100.6512584, 13.8128645 ], [ 100.6478524, 13.802478 ], [ 100.6480927, 13.8058725 ], [ 100.6494254, 13.808625 ], [ 100.6274816, 13.7949113 ], [ 100.6304854, 13.7979318 ], [ 100.6351179, 13.7993581 ], [ 100.6426325, 13.8004944 ], [ 100.6465818, 13.8015956 ], [ 100.630054, 13.7797244 ], [ 100.6304632, 13.7834469 ], [ 100.6294123, 13.7870248 ], [ 100.6287317, 13.7894561 ], [ 100.6283636, 13.7910458 ], [ 100.6279258, 13.792972 ], [ 100.6125167, 13.7938921 ], [ 100.613764, 13.7967928 ] ] } },
{ "type": "Feature", "properties": { "route_id": 15045139, "name": "513 (3-23E) สำโรง - ศูนย์ราชการฯ แจ้งวัฒนะ", "ref": "513 (3-23E)", "from_stop": "", "to_stop": "", "operator": "TSB", "network": "TSB", "route_type": "bus", "coord_count": 15 }, "geometry": { "type": "LineString", "coordinates": [ [ 100.5628995, 13.8820572 ], [ 100.5888291, 13.6302476 ], [ 100.6092009, 13.6795724 ], [ 100.6072515, 13.674826 ], [ 100.5977563, 13.6516965 ], [ 100.6019841, 13.7033727 ], [ 100.5901426, 13.879268 ], [ 100.5856103, 13.8818337 ], [ 100.6013372, 13.871433 ], [ 100.6130199, 13.8651342 ], [ 100.6103701, 13.8665532 ], [ 100.6062097, 13.8688139 ], [ 100.6046439, 13.8696555 ], [ 100.600826, 13.7056915 ], [ 100.6030067, 13.6644208 ] ] } },
{ "type": "Feature", "properties": { "route_id": 15045140, "name": "513 (3-23E) ศูนย์ราชการฯ แจ้งวัฒนะ - สำโรง", "ref": "513 (3-23E)", "from_stop": "", "to_stop": "", "operator": "TSB", "network": "TSB", "route_type": "bus", "coord_count": 21 }, "geometry": { "type": "LineString", "coordinates": [ [ 100.5628995, 13.8820572 ], [ 100.5891358, 13.6299759 ], [ 100.5974672, 13.6502019 ], [ 100.6097014, 13.6800929 ], [ 100.5688557, 13.8883051 ], [ 100.5691246, 13.8892413 ], [ 100.5915085, 13.6356563 ], [ 100.5659001, 13.8811111 ], [ 100.6105011, 13.6824802 ], [ 100.5905521, 13.8793609 ], [ 100.586162, 13.8818295 ], [ 100.6017377, 13.8716413 ], [ 100.6047974, 13.8699325 ], [ 100.6071603, 13.8686562 ], [ 100.6105721, 13.866823 ], [ 100.613327, 13.8653543 ], [ 100.5996568, 13.7081431 ], [ 100.5978311, 13.7104926 ], [ 100.6023359, 13.7032421 ], [ 100.6010049, 13.7059822 ], [ 100.6004869, 13.7070274 ] ] } },
{ "type": "Feature", "properties": { "route_id": 15045142, "name": "14 (3-39) ถนนตก - ศรีย่าน", "ref": "14 (3-39)", "from_stop": "", "to_stop": "", "operator": "TSB", "network": "TSB", "route_type": "bus", "coord_count": 45 }, "geometry": { "type": "LineString", "coordinates": [ [ 100.49627, 13.6982173 ], [ 100.5374584, 13.764699 ], [ 100.5040009, 13.6905776 ], [ 100.5577735, 13.7189145 ], [ 100.5404919, 13.7473108 ], [ 100.5127654, 13.7848581 ], [ 100.5409739, 13.7275528 ], [ 100.4978287, 13.6966129 ], [ 100.5008442, 13.6934316 ], [ 100.5026846, 13.6914792 ], [ 100.5069697, 13.6899899 ], [ 100.5106831, 13.6897117 ], [ 100.5139087, 13.688898 ], [ 100.5166484, 13.6879993 ], [ 100.5373248, 13.7316867 ], [ 100.5381907, 13.7339384 ], [ 100.5478698, 13.7072521 ], [ 100.5510058, 13.7104303 ], [ 100.5187486, 13.6869996 ], [ 100.5282816, 13.6801069 ], [ 100.5269117, 13.6814424 ], [ 100.5248868, 13.6830107 ], [ 100.5234175, 13.6841288 ], [ 100.5300069, 13.6784533 ], [ 100.5320024, 13.6765723 ], [ 100.5349831, 13.6746052 ], [ 100.5401807, 13.6733112 ], [ 100.5427664, 13.6742185 ], [ 100.545343, 13.6764878 ], [ 100.5467022, 13.6787015 ], [ 100.5474641, 13.6810971 ], [ 100.5474641, 13.6810971 ], [ 100.5477503, 13.6832052 ], [ 100.5475583, 13.6869426 ], [ 100.5473802, 13.6893233 ], [ 100.5471327, 13.6931083 ], [ 100.5456563, 13.698951 ], [ 100.5456501, 13.7034186 ], [ 100.5494243, 13.7240187 ], [ 100.5406868, 13.7637208 ], [ 100.5424022, 13.7608296 ], [ 100.5423759, 13.7579039 ], [ 100.5389693, 13.7371917 ], [ 100.5393405, 13.7395572 ], [ 100.539723, 13.7421205 ] ] } },
{ "type": "Feature", "properties": { "route_id": 15045143, "name": "14 (3-39) ศรีย่าน - ถนนตก", "ref": "14 (3-39)", "from_stop": "", "to_stop": "", "operator": "TSB", "network": "TSB", "route_type": "bus", "coord_count": 43 }, "geometry": { "type": "LineString", "coordinates": [ [ 100.4963794, 13.697618 ], [ 100.5127654, 13.7848581 ], [ 100.5384722, 13.7641638 ], [ 100.5579154, 13.7195849 ], [ 100.5056348, 13.6896848 ], [ 100.4978449, 13.6960059 ], [ 100.5044438, 13.6899628 ], [ 100.5078604, 13.6895191 ], [ 100.5007357, 13.6929205 ], [ 100.5475919, 13.7062184 ], [ 100.557334, 13.7163573 ], [ 100.5509596, 13.7100185 ], [ 100.5021511, 13.6914096 ], [ 100.5112178, 13.6892326 ], [ 100.5132916, 13.688665 ], [ 100.5164732, 13.6876408 ], [ 100.5189002, 13.6864515 ], [ 100.526317, 13.6814003 ], [ 100.5236361, 13.6834409 ], [ 100.5297172, 13.6781314 ], [ 100.5321711, 13.6758973 ], [ 100.534501, 13.6743627 ], [ 100.5361006, 13.6736472 ], [ 100.5401543, 13.6728945 ], [ 100.5435326, 13.6742447 ], [ 100.5478828, 13.6809509 ], [ 100.5468444, 13.6780839 ], [ 100.5452884, 13.6757438 ], [ 100.5481379, 13.6847507 ], [ 100.548169, 13.6827858 ], [ 100.5480505, 13.6866514 ], [ 100.5477933, 13.6896543 ], [ 100.5475981, 13.6925967 ], [ 100.5463327, 13.6981383 ], [ 100.5459568, 13.7028245 ], [ 100.5492578, 13.7244531 ], [ 100.5352911, 13.7592845 ], [ 100.5366969, 13.7618132 ], [ 100.5407658, 13.7470321 ], [ 100.5400076, 13.7420514 ], [ 100.5395857, 13.7394394 ], [ 100.539204, 13.7369876 ], [ 100.5408752, 13.7279766 ] ] } },
{ "type": "Feature", "properties": { "route_id": 15045196, "name": "3-27 ท่าน้ำปู่เจ้าฯ - สวนสยาม", "ref": "3-27", "from_stop": "", "to_stop": "", "operator": "TSB", "network": "TSB", "route_type": "bus", "coord_count": 66 }, "geometry": { "type": "LineString", "coordinates": [ [ 100.5379746, 13.6566881 ], [ 100.6914685, 13.8045593 ], [ 100.5395756, 13.6561909 ], [ 100.5435281, 13.6543428 ], [ 100.5470914, 13.6526682 ], [ 100.5487946, 13.6518664 ], [ 100.5525893, 13.6510025 ], [ 100.5579034, 13.6503565 ], [ 100.5633388, 13.6492548 ], [ 100.5658491, 13.6487531 ], [ 100.567268, 13.648466 ], [ 100.5691302, 13.6480658 ], [ 100.5716027, 13.6475746 ], [ 100.5749637, 13.646904 ], [ 100.5767628, 13.6465339 ], [ 100.5786179, 13.6461703 ], [ 100.5801579, 13.6458504 ], [ 100.5822921, 13.6454271 ], [ 100.5858601, 13.6447199 ], [ 100.587197, 13.6444477 ], [ 100.5893916, 13.6440081 ], [ 100.5901528, 13.643847 ], [ 100.5928089, 13.6433124 ], [ 100.5977563, 13.6516965 ], [ 100.6030067, 13.6644208 ], [ 100.6411981, 13.7374181 ], [ 100.6415496, 13.7260737 ], [ 100.6433883, 13.7134403 ], [ 100.6466899, 13.6879247 ], [ 100.6472665, 13.6954968 ], [ 100.6470189, 13.692069 ], [ 100.6093437, 13.6731646 ], [ 100.6455466, 13.6732831 ], [ 100.6457845, 13.6768969 ], [ 100.634536, 13.668175 ], [ 100.6246501, 13.6701267 ], [ 100.6211797, 13.6708194 ], [ 100.6135468, 13.6723425 ], [ 100.6165074, 13.6717071 ], [ 100.6757881, 13.7861014 ], [ 100.6780623, 13.7889955 ], [ 100.6799946, 13.7906804 ], [ 100.6849441, 13.7927924 ], [ 100.687224, 13.7937414 ], [ 100.6883948, 13.7942735 ], [ 100.6891139, 13.7945569 ], [ 100.6432185, 13.745148 ], [ 100.6441472, 13.7487351 ], [ 100.6458072, 13.7554508 ], [ 100.6456388, 13.7577573 ], [ 100.6411514, 13.7312587 ], [ 100.6408932, 13.7344241 ], [ 100.6419241, 13.7209979 ], [ 100.6413702, 13.7286162 ], [ 100.6740392, 13.7842433 ], [ 100.6724347, 13.782753 ], [ 100.6692144, 13.7807308 ], [ 100.6677507, 13.7798593 ], [ 100.6617068, 13.7769239 ], [ 100.6588843, 13.7755002 ], [ 100.6561156, 13.7738129 ], [ 100.6536705, 13.7717574 ], [ 100.646529, 13.7001074 ], [ 100.6453242, 13.7052302 ], [ 100.6446321, 13.7082412 ], [ 100.6651505, 13.77856 ] ] } },
{ "type": "Feature", "properties": { "route_id": 15045197, "name": "3-27 สวนสยาม - ท่าน้ำปู่เจ้าฯ", "ref": "3-27", "from_stop": "", "to_stop": "", "operator": "TSB", "network": "TSB", "route_type": "bus", "coord_count": 70 }, "geometry": { "type": "LineString", "coordinates": [ [ 100.69156, 13.8061469 ], [ 100.6909196, 13.8015679 ], [ 100.6892272, 13.7943382 ], [ 100.6873152, 13.793515 ], [ 100.6850689, 13.7925039 ], [ 100.6809754, 13.7907671 ], [ 100.6781265, 13.788655 ], [ 100.6696329, 13.7807104 ], [ 100.6678254, 13.7796419 ], [ 100.665836, 13.7786357 ], [ 100.6611841, 13.7763276 ], [ 100.6587503, 13.7751643 ], [ 100.6561366, 13.7735566 ], [ 100.6541409, 13.7720165 ], [ 100.6507827, 13.76788 ], [ 100.6490265, 13.7665288 ], [ 100.646609, 13.7660442 ], [ 100.6456115, 13.761129 ], [ 100.6458098, 13.758516 ], [ 100.6460633, 13.7553679 ], [ 100.6456728, 13.7529713 ], [ 100.6442084, 13.7479094 ], [ 100.6435503, 13.745329 ], [ 100.6416771, 13.7371996 ], [ 100.6412937, 13.7341218 ], [ 100.6414699, 13.7316413 ], [ 100.6416601, 13.7291163 ], [ 100.6418569, 13.7263603 ], [ 100.642223, 13.7216115 ], [ 100.6437216, 13.7138078 ], [ 100.6441601, 13.7117328 ], [ 100.6451079, 13.7076234 ], [ 100.6456551, 13.7052436 ], [ 100.6468386, 13.7001878 ], [ 100.6474342, 13.6976382 ], [ 100.6475975, 13.6951057 ], [ 100.6472589, 13.6909775 ], [ 100.6470558, 13.6883315 ], [ 100.6467305, 13.6842547 ], [ 100.6465373, 13.681799 ], [ 100.6463632, 13.6794556 ], [ 100.6460525, 13.6757497 ], [ 100.6458049, 13.672695 ], [ 100.6342886, 13.6673831 ], [ 100.6237998, 13.6694312 ], [ 100.6212377, 13.6699114 ], [ 100.6180447, 13.6705498 ], [ 100.6130084, 13.6715629 ], [ 100.6066767, 13.6726596 ], [ 100.5974672, 13.6502019 ], [ 100.5892547, 13.6437938 ], [ 100.5873709, 13.6441835 ], [ 100.5850334, 13.6446572 ], [ 100.5820557, 13.6452417 ], [ 100.5799489, 13.6456553 ], [ 100.578563, 13.6459514 ], [ 100.5766973, 13.6463319 ], [ 100.5751671, 13.6466394 ], [ 100.5727965, 13.6471129 ], [ 100.569244, 13.6478285 ], [ 100.566355, 13.6484185 ], [ 100.5655639, 13.6485648 ], [ 100.5642958, 13.6488349 ], [ 100.5626562, 13.6491606 ], [ 100.5582608, 13.6500487 ], [ 100.5526248, 13.6507705 ], [ 100.5482721, 13.6518596 ], [ 100.5471516, 13.6523976 ], [ 100.5435879, 13.6540565 ], [ 100.5379746, 13.6566881 ] ] } },
{ "type": "Feature", "properties": { "route_id": 15045238, "name": "3-32 สำโรง - สวนสยาม", "ref": "3-32", "from_stop": "", "to_stop": "", "operator": "TSB", "network": "TSB", "route_type": "bus", "coord_count": 50 }, "geometry": { "type": "LineString", "coordinates": [ [ 100.69156, 13.8061469 ], [ 100.5888291, 13.6302476 ], [ 100.6092009, 13.6795724 ], [ 100.6072515, 13.674826 ], [ 100.5977563, 13.6516965 ], [ 100.5863715, 13.7187929 ], [ 100.5842847, 13.7147347 ], [ 100.5947883, 13.7125226 ], [ 100.594993, 13.7157335 ], [ 100.5877235, 13.7178424 ], [ 100.5889859, 13.7169545 ], [ 100.5919572, 13.7148054 ], [ 100.600826, 13.7056915 ], [ 100.5913325, 13.7130971 ], [ 100.5892642, 13.7126542 ], [ 100.5869069, 13.7127114 ], [ 100.6019841, 13.7033727 ], [ 100.677316, 13.8247325 ], [ 100.6872917, 13.8133438 ], [ 100.6886772, 13.8113391 ], [ 100.6905447, 13.8087052 ], [ 100.6862984, 13.8161206 ], [ 100.6846966, 13.8176446 ], [ 100.6833125, 13.8189648 ], [ 100.6801851, 13.8219898 ], [ 100.6477063, 13.7630536 ], [ 100.649247, 13.7633597 ], [ 100.6506763, 13.7639229 ], [ 100.6538315, 13.7654607 ], [ 100.656019, 13.7666778 ], [ 100.671153, 13.7758019 ], [ 100.6688931, 13.7745599 ], [ 100.6650959, 13.7723372 ], [ 100.663095, 13.771057 ], [ 100.6601024, 13.7692484 ], [ 100.6580956, 13.767958 ], [ 100.6748841, 13.7778433 ], [ 100.6790881, 13.7801554 ], [ 100.6125138, 13.7545597 ], [ 100.6144771, 13.7565013 ], [ 100.6180964, 13.7595569 ], [ 100.6228216, 13.7602484 ], [ 100.6270932, 13.7607263 ], [ 100.6313122, 13.7612199 ], [ 100.6347865, 13.7616055 ], [ 100.6380937, 13.761999 ], [ 100.6394807, 13.7621509 ], [ 100.6030067, 13.6644208 ], [ 100.6068141, 13.7489683 ], [ 100.609143, 13.7511958 ] ] } },
{ "type": "Feature", "properties": { "route_id": 15045239, "name": "3-32 สวนสยาม - สำโรง", "ref": "3-32", "from_stop": "", "to_stop": "", "operator": "TSB", "network": "TSB", "route_type": "bus", "coord_count": 42 }, "geometry": { "type": "LineString", "coordinates": [ [ 100.5891358, 13.6299759 ], [ 100.5974672, 13.6502019 ], [ 100.6097014, 13.6800929 ], [ 100.6861021, 13.8158061 ], [ 100.6828773, 13.8188483 ], [ 100.6914685, 13.8045593 ], [ 100.5915085, 13.6356563 ], [ 100.6105011, 13.6824802 ], [ 100.6066767, 13.6726596 ], [ 100.5954353, 13.7123469 ], [ 100.6023359, 13.7032421 ], [ 100.6010049, 13.7059822 ], [ 100.6004869, 13.7070274 ], [ 100.5952678, 13.7160576 ], [ 100.6803089, 13.821243 ], [ 100.6876565, 13.8123549 ], [ 100.6891392, 13.8102515 ], [ 100.6902403, 13.8087098 ], [ 100.673756, 13.7768254 ], [ 100.6713749, 13.7755476 ], [ 100.6690175, 13.7742383 ], [ 100.6671611, 13.7732151 ], [ 100.6641386, 13.7714362 ], [ 100.6627463, 13.7705423 ], [ 100.6602335, 13.769041 ], [ 100.658284, 13.7677885 ], [ 100.6477634, 13.762836 ], [ 100.6512489, 13.7638817 ], [ 100.6539021, 13.7652068 ], [ 100.655128, 13.7658974 ], [ 100.681177, 13.7809509 ], [ 100.6787766, 13.7796236 ], [ 100.6426949, 13.7622391 ], [ 100.6403755, 13.7620057 ], [ 100.6367027, 13.7616002 ], [ 100.6334772, 13.7612301 ], [ 100.6306998, 13.7609139 ], [ 100.6260065, 13.7603756 ], [ 100.6213153, 13.7598292 ], [ 100.6160354, 13.7577153 ], [ 100.6146753, 13.7563712 ], [ 100.6127055, 13.7543645 ] ] } },
{ "type": "Feature", "properties": { "route_id": 15061586, "name": "3-44 ท่าเรือคลองเตย - อนุสาวรีย์ชัยสมรภูมิ", "ref": "3-44", "from_stop": "", "to_stop": "", "operator": "TSB", "network": "TSB", "route_type": "bus", "coord_count": 13 }, "geometry": { "type": "LineString", "coordinates": [ [ 100.563743, 13.7097638 ], [ 100.5384722, 13.7641638 ], [ 100.5708962, 13.7129831 ], [ 100.5830254, 13.7112017 ], [ 100.5644109, 13.7131822 ], [ 100.5863715, 13.7187929 ], [ 100.5842847, 13.7147347 ], [ 100.594993, 13.7157335 ], [ 100.5877235, 13.7178424 ], [ 100.5889859, 13.7169545 ], [ 100.5919572, 13.7148054 ], [ 100.5769025, 13.7120726 ], [ 100.5875818, 13.7440086 ] ] } },
{ "type": "Feature", "properties": { "route_id": 15061587, "name": "3-44 อนุสาวรีย์ชัยสมรภูมิ - ท่าเรือคลองเตย", "ref": "3-44", "from_stop": "", "to_stop": "", "operator": "TSB", "network": "TSB", "route_type": "bus", "coord_count": 20 }, "geometry": { "type": "LineString", "coordinates": [ [ 100.5384722, 13.7641638 ], [ 100.563743, 13.7097638 ], [ 100.5668359, 13.7140127 ], [ 100.5764448, 13.7121264 ], [ 100.5840691, 13.7124705 ], [ 100.5646709, 13.7130565 ], [ 100.5831506, 13.720841 ], [ 100.581136, 13.7222791 ], [ 100.5641338, 13.7096121 ], [ 100.5807658, 13.7189001 ], [ 100.5952678, 13.7160576 ], [ 100.5352911, 13.7592845 ], [ 100.5366969, 13.7618132 ], [ 100.5709769, 13.7128944 ], [ 100.573957, 13.747317 ], [ 100.5788856, 13.7462029 ], [ 100.5854489, 13.7447176 ], [ 100.588783, 13.7439464 ], [ 100.5925366, 13.7431148 ], [ 100.5954821, 13.7424683 ] ] } },
{ "type": "Feature", "properties": { "route_id": 15061588, "name": "3-54 ท่าน้ำภาษีเจริญ - อนุสาวรีย์ชัยสมรภูมิ", "ref": "3-54", "from_stop": "", "to_stop": "", "operator": "TSB", "network": "TSB", "route_type": "bus", "coord_count": 39 }, "geometry": { "type": "LineString", "coordinates": [ [ 100.4788312, 13.7133221 ], [ 100.5384722, 13.7641638 ], [ 100.49627, 13.6982173 ], [ 100.5040009, 13.6905776 ], [ 100.5404919, 13.7473108 ], [ 100.4978287, 13.6966129 ], [ 100.5008442, 13.6934316 ], [ 100.5026846, 13.6914792 ], [ 100.5069697, 13.6899899 ], [ 100.5106831, 13.6897117 ], [ 100.5139087, 13.688898 ], [ 100.5166484, 13.6879993 ], [ 100.5585977, 13.7193262 ], [ 100.4821454, 13.7071151 ], [ 100.4805101, 13.7088576 ], [ 100.4871682, 13.7039902 ], [ 100.5215465, 13.6878989 ], [ 100.5289141, 13.6938687 ], [ 100.522881, 13.690489 ], [ 100.5478698, 13.7072521 ], [ 100.5428271, 13.70327 ], [ 100.5510058, 13.7104303 ], [ 100.5187486, 13.6869996 ], [ 100.4667261, 13.7202343 ], [ 100.4668142, 13.7191055 ], [ 100.46823, 13.7186392 ], [ 100.4713331, 13.7188763 ], [ 100.4747482, 13.7202385 ], [ 100.4780813, 13.7171457 ], [ 100.5584835, 13.738242 ], [ 100.556887, 13.7393716 ], [ 100.5550034, 13.7407235 ], [ 100.5515032, 13.7424776 ], [ 100.5488387, 13.7429623 ], [ 100.5457823, 13.7435105 ], [ 100.5592825, 13.721402 ], [ 100.5601205, 13.7264855 ], [ 100.5597023, 13.7295819 ], [ 100.5601927, 13.7341397 ] ] } },
{ "type": "Feature", "properties": { "route_id": 15061589, "name": "3-54 อนุสาวรีย์ชัยสมรภูมิ - ท่าน้ำภาษีเจริญ", "ref": "3-54", "from_stop": "อนุสาวรีย์ชัยสมรภูมิ", "to_stop": "ท่าน้ำภาษีเจริญ", "operator": "TSB", "network": "TSB", "route_type": "bus", "coord_count": 49 }, "geometry": { "type": "LineString", "coordinates": [ [ 100.4785061, 13.7133361 ], [ 100.5384722, 13.7641638 ], [ 100.5056348, 13.6896848 ], [ 100.4963794, 13.697618 ], [ 100.5410656, 13.6991809 ], [ 100.5391684, 13.6970718 ], [ 100.5407658, 13.7470321 ], [ 100.5371908, 13.696102 ], [ 100.4777882, 13.716909 ], [ 100.4763405, 13.720597 ], [ 100.4735144, 13.7197839 ], [ 100.4712982, 13.7186433 ], [ 100.467774, 13.7186053 ], [ 100.4666109, 13.7204742 ], [ 100.5424649, 13.7443211 ], [ 100.545275, 13.743836 ], [ 100.5491343, 13.7431362 ], [ 100.5539147, 13.741748 ], [ 100.5553952, 13.7407003 ], [ 100.5565441, 13.7398879 ], [ 100.557941, 13.7388954 ], [ 100.5593354, 13.7379057 ], [ 100.5607048, 13.7343138 ], [ 100.5600033, 13.7299485 ], [ 100.5604995, 13.7261245 ], [ 100.5604033, 13.7235948 ], [ 100.5596935, 13.7214492 ], [ 100.5587328, 13.7187662 ], [ 100.4978449, 13.6960059 ], [ 100.5044438, 13.6899628 ], [ 100.5078604, 13.6895191 ], [ 100.5007357, 13.6929205 ], [ 100.4874186, 13.7034902 ], [ 100.4816895, 13.7070624 ], [ 100.4800866, 13.7088726 ], [ 100.4845309, 13.7052203 ], [ 100.5299817, 13.6933525 ], [ 100.5475919, 13.7062184 ], [ 100.557334, 13.7163573 ], [ 100.5509596, 13.7100185 ], [ 100.5021511, 13.6914096 ], [ 100.5112178, 13.6892326 ], [ 100.5132916, 13.688665 ], [ 100.5164732, 13.6876408 ], [ 100.5189002, 13.6864515 ], [ 100.5352911, 13.7592845 ], [ 100.5366969, 13.7618132 ], [ 100.5327982, 13.7548007 ], [ 100.5337995, 13.756611 ] ] } },
{ "type": "Feature", "properties": { "route_id": 15061674, "name": "3-55 ท่าเรือคลองเตย - พระราม 7", "ref": "3-55", "from_stop": "", "to_stop": "", "operator": "TSB", "network": "TSB", "route_type": "bus", "coord_count": 21 }, "geometry": { "type": "LineString", "coordinates": [ [ 100.563743, 13.7097638 ], [ 100.5117921, 13.8072218 ], [ 100.511756, 13.8072001 ], [ 100.5374584, 13.764699 ], [ 100.5644109, 13.7131822 ], [ 100.5458694, 13.763376 ], [ 100.5657897, 13.7162337 ], [ 100.5659579, 13.7193197 ], [ 100.5406868, 13.7637208 ], [ 100.5537563, 13.7608954 ], [ 100.5521771, 13.7616893 ], [ 100.5503128, 13.7626215 ], [ 100.5184868, 13.8138234 ], [ 100.5211312, 13.8138287 ], [ 100.5216828, 13.8104968 ], [ 100.5215146, 13.8071058 ], [ 100.5559429, 13.7598347 ], [ 100.5592825, 13.721402 ], [ 100.5601205, 13.7264855 ], [ 100.5597023, 13.7295819 ], [ 100.5601927, 13.7341397 ] ] } },
{ "type": "Feature", "properties": { "route_id": 15061675, "name": "3-55 พระราม 7 - ท่าเรือคลองเตย", "ref": "3-55", "from_stop": "", "to_stop": "", "operator": "TSB", "network": "TSB", "route_type": "bus", "coord_count": 26 }, "geometry": { "type": "LineString", "coordinates": [ [ 100.563743, 13.7097638 ], [ 100.5116266, 13.8070686 ], [ 100.5116746, 13.8071188 ], [ 100.5391867, 13.7653062 ], [ 100.5608084, 13.7196638 ], [ 100.5646709, 13.7130565 ], [ 100.5446513, 13.7633488 ], [ 100.5127654, 13.7848581 ], [ 100.5096449, 13.7808055 ], [ 100.5104312, 13.7775581 ], [ 100.5641338, 13.7096121 ], [ 100.5658555, 13.7158397 ], [ 100.5409478, 13.763859 ], [ 100.5511977, 13.762463 ], [ 100.5533071, 13.7613993 ], [ 100.5152239, 13.8157852 ], [ 100.5180772, 13.8139286 ], [ 100.5206248, 13.8147441 ], [ 100.5219, 13.8114822 ], [ 100.5217344, 13.807864 ], [ 100.5669917, 13.7183177 ], [ 100.5607048, 13.7343138 ], [ 100.5600033, 13.7299485 ], [ 100.5604995, 13.7261245 ], [ 100.5604033, 13.7235948 ], [ 100.5596935, 13.7214492 ] ] } },
{ "type": "Feature", "properties": { "route_id": 15061804, "name": "S5 (550) แฮปปี้แลนด์ - ท่าอากาศยานสุวรรณภูมิ", "ref": "S5 (550)", "from_stop": "", "to_stop": "", "operator": "", "network": "TSB", "route_type": "bus", "coord_count": 35 }, "geometry": { "type": "LineString", "coordinates": [ [ 100.6419014, 13.7695996 ], [ 100.6418569, 13.7263603 ], [ 100.6437216, 13.7138078 ], [ 100.7690116, 13.7107624 ], [ 100.6416771, 13.7371996 ], [ 100.7605279, 13.7120123 ], [ 100.6435503, 13.745329 ], [ 100.6442084, 13.7479094 ], [ 100.6456728, 13.7529713 ], [ 100.6460633, 13.7553679 ], [ 100.6458098, 13.758516 ], [ 100.6456115, 13.761129 ], [ 100.6412937, 13.7341218 ], [ 100.6414699, 13.7316413 ], [ 100.6416601, 13.7291163 ], [ 100.642223, 13.7216115 ], [ 100.6477495, 13.7143339 ], [ 100.6545472, 13.7165613 ], [ 100.6579904, 13.7171639 ], [ 100.6641191, 13.7181967 ], [ 100.6668974, 13.7186549 ], [ 100.668831, 13.7189321 ], [ 100.7311302, 13.7224187 ], [ 100.7340396, 13.7224716 ], [ 100.7533917, 13.7138711 ], [ 100.7633175, 13.7113176 ], [ 100.7223827, 13.7221874 ], [ 100.725507, 13.7222188 ], [ 100.728552, 13.722338 ], [ 100.7036553, 13.7217951 ], [ 100.7073236, 13.7220049 ], [ 100.7109162, 13.7221788 ], [ 100.7133702, 13.7221997 ], [ 100.7166432, 13.7222523 ], [ 100.7194176, 13.7222279 ] ] } },
{ "type": "Feature", "properties": { "route_id": 15061805, "name": "S5 (550) ท่าอากาศยานสุวรรณภูมิ - แฮปปี้แลนด์", "ref": "S5 (550)", "from_stop": "", "to_stop": "", "operator": "", "network": "TSB", "route_type": "bus", "coord_count": 35 }, "geometry": { "type": "LineString", "coordinates": [ [ 100.6419014, 13.7695996 ], [ 100.6411981, 13.7374181 ], [ 100.6415496, 13.7260737 ], [ 100.6433883, 13.7134403 ], [ 100.6470325, 13.7663643 ], [ 100.6432185, 13.745148 ], [ 100.6441472, 13.7487351 ], [ 100.6458072, 13.7554508 ], [ 100.6456388, 13.7577573 ], [ 100.6411514, 13.7312587 ], [ 100.6408932, 13.7344241 ], [ 100.6419241, 13.7209979 ], [ 100.6413702, 13.7286162 ], [ 100.6687807, 13.7186846 ], [ 100.6665031, 13.7183449 ], [ 100.6441237, 13.7803308 ], [ 100.6475402, 13.7678732 ], [ 100.647282, 13.7695697 ], [ 100.6471242, 13.7715968 ], [ 100.6457661, 13.7741454 ], [ 100.6450517, 13.7755936 ], [ 100.6444218, 13.7778554 ], [ 100.6416824, 13.771545 ], [ 100.6414283, 13.7740339 ], [ 100.6412601, 13.7755904 ], [ 100.6412997, 13.7789646 ], [ 100.7690116, 13.7107624 ], [ 100.7671665, 13.7133971 ], [ 100.7644304, 13.7128443 ], [ 100.761974, 13.7112842 ], [ 100.7604316, 13.7116672 ], [ 100.7379057, 13.7222586 ], [ 100.7358567, 13.7222596 ], [ 100.7334986, 13.7222186 ], [ 100.7311143, 13.722176 ] ] } },
{ "type": "Feature", "properties": { "route_id": 15061807, "name": "1-73 วงกลม : นิคมอุตสาหกรรมนำไกร - ร่มเกล้า (วนขวา)", "ref": "1-73", "from_stop": "", "to_stop": "", "operator": "TSB", "network": "TSB", "route_type": "bus", "coord_count": 37 }, "geometry": { "type": "LineString", "coordinates": [ [ 100.8266535, 13.7159752 ], [ 100.7805138, 13.7523083 ], [ 100.7867474, 13.7515782 ], [ 100.7896807, 13.7512339 ], [ 100.791931, 13.7509752 ], [ 100.7563974, 13.7551169 ], [ 100.7658585, 13.7540354 ], [ 100.7717575, 13.7533404 ], [ 100.7753618, 13.7529147 ], [ 100.7464113, 13.7339733 ], [ 100.7464023, 13.7359721 ], [ 100.7464178, 13.7382857 ], [ 100.7464588, 13.7399746 ], [ 100.7464471, 13.7429112 ], [ 100.7464532, 13.7454943 ], [ 100.7463929, 13.7488455 ], [ 100.7463746, 13.7499473 ], [ 100.7463266, 13.7511584 ], [ 100.7462962, 13.7271668 ], [ 100.7464832, 13.7228664 ], [ 100.8217773, 13.7147973 ], [ 100.8189372, 13.7158453 ], [ 100.8189229, 13.7159421 ], [ 100.8217984, 13.7148854 ], [ 100.7864461, 13.7218343 ], [ 100.7841855, 13.7218013 ], [ 100.7825457, 13.7217728 ], [ 100.7924659, 13.7209942 ], [ 100.7958864, 13.719771 ], [ 100.7976934, 13.7190993 ], [ 100.7998334, 13.7183025 ], [ 100.7771616, 13.7216428 ], [ 100.7757045, 13.7215841 ], [ 100.7748162, 13.7215866 ], [ 100.7737776, 13.7216234 ], [ 100.7721779, 13.721611 ], [ 100.7687812, 13.7215672 ] ] } },
{ "type": "Feature", "properties": { "route_id": 15061808, "name": "1-73 วงกลม : นิคมอุตสาหกรรมนำไกร - ร่มเกล้า (วนซ้าย)", "ref": "1-73", "from_stop": "", "to_stop": "", "operator": "TSB", "network": "TSB", "route_type": "bus", "coord_count": 35 }, "geometry": { "type": "LineString", "coordinates": [ [ 100.8266535, 13.7159752 ], [ 100.7927237, 13.7505586 ], [ 100.7904043, 13.7508259 ], [ 100.7869324, 13.7512326 ], [ 100.7802577, 13.7520082 ], [ 100.7935458, 13.7487549 ], [ 100.7929648, 13.7467089 ], [ 100.7922076, 13.7441237 ], [ 100.7757295, 13.7525568 ], [ 100.7710086, 13.7530978 ], [ 100.7659805, 13.75368 ], [ 100.7555331, 13.7549119 ], [ 100.746545, 13.7534323 ], [ 100.7465803, 13.7509838 ], [ 100.7466615, 13.7490454 ], [ 100.7467554, 13.7463463 ], [ 100.7466774, 13.7448535 ], [ 100.7467127, 13.7423958 ], [ 100.7467174, 13.7401659 ], [ 100.7466569, 13.7375458 ], [ 100.7466504, 13.7361023 ], [ 100.7466607, 13.7343236 ], [ 100.7467708, 13.726908 ], [ 100.8217773, 13.7147973 ], [ 100.8189372, 13.7158453 ], [ 100.8189229, 13.7159421 ], [ 100.8217984, 13.7148854 ], [ 100.7831573, 13.72201 ], [ 100.7865331, 13.7220754 ], [ 100.7960822, 13.7199689 ], [ 100.7930005, 13.7210771 ], [ 100.7771397, 13.7219726 ], [ 100.7747532, 13.7219331 ], [ 100.7724112, 13.7219039 ], [ 100.7688635, 13.7218219 ] ] } },
{ "type": "Feature", "properties": { "route_id": 15073268, "name": "1-9E ม.ธรรมศาสตร์ ศูนย์รังสิต - สนามหลวง", "ref": "1-9E", "from_stop": "", "to_stop": "", "operator": "TSB", "network": "TSB", "route_type": "bus", "coord_count": 15 }, "geometry": { "type": "LineString", "coordinates": [ [ 100.6015207, 14.0755937 ], [ 100.492562, 13.7565688 ], [ 100.506975, 13.7563015 ], [ 100.500132, 13.756808 ], [ 100.4979883, 13.7572484 ], [ 100.6154807, 14.0759754 ], [ 100.6184706, 14.0856523 ], [ 100.6183081, 14.0814511 ], [ 100.6180808, 14.0752199 ], [ 100.6177576, 14.0666054 ], [ 100.6048463, 14.0651911 ], [ 100.6003301, 14.0653082 ], [ 100.5190499, 13.7568185 ], [ 100.5142729, 13.7564903 ], [ 100.5113722, 13.7563974 ] ] } },
{ "type": "Feature", "properties": { "route_id": 15073269, "name": "1-9E สนามหลวง - ม.ธรรมศาสตร์ ศูนย์รังสิต", "ref": "1-9E", "from_stop": "", "to_stop": "", "operator": "TSB", "network": "TSB", "route_type": "bus", "coord_count": 18 }, "geometry": { "type": "LineString", "coordinates": [ [ 100.492562, 13.7565688 ], [ 100.490084, 13.7560677 ], [ 100.4895528, 13.7528056 ], [ 100.4896104, 13.7506611 ], [ 100.4905828, 13.7471001 ], [ 100.4938507, 13.7545279 ], [ 100.4976122, 13.7577995 ], [ 100.5071075, 13.756458 ], [ 100.5096768, 13.7573124 ], [ 100.5132685, 13.7596619 ], [ 100.5149102, 13.7580755 ], [ 100.5190244, 13.7570015 ], [ 100.5965655, 14.0658816 ], [ 100.6004098, 14.0657496 ], [ 100.6046176, 14.0656663 ], [ 100.6174451, 14.0748576 ], [ 100.6165904, 14.0756378 ], [ 100.6015207, 14.0755937 ] ] } },
{ "type": "Feature", "properties": { "route_id": 15089406, "name": "157 (4-54E) อ้อมใหญ่ - อนุสาวรีย์ชัยสมรภูมิ", "ref": "157 (4-54E)", "from_stop": "", "to_stop": "", "operator": "TSB", "network": "TSB", "route_type": "bus", "coord_count": 68 }, "geometry": { "type": "LineString", "coordinates": [ [ 100.5380731, 13.7657563 ], [ 100.5306768, 13.7737785 ], [ 100.5318811, 13.7767759 ], [ 100.2562167, 13.7218042 ], [ 100.4228662, 13.7811461 ], [ 100.3980186, 13.7101088 ], [ 100.4080676, 13.7109713 ], [ 100.4163872, 13.7820075 ], [ 100.5352563, 13.7663587 ], [ 100.5334227, 13.76721 ], [ 100.530582, 13.7684699 ], [ 100.5296271, 13.7710375 ], [ 100.3947038, 13.7098126 ], [ 100.3929381, 13.7096675 ], [ 100.3901666, 13.7094709 ], [ 100.3879537, 13.7093057 ], [ 100.3847004, 13.7090195 ], [ 100.3825429, 13.708842 ], [ 100.3798424, 13.7086413 ], [ 100.3772155, 13.7084293 ], [ 100.3752279, 13.7082761 ], [ 100.2589936, 13.7184751 ], [ 100.2623983, 13.7144194 ], [ 100.2645866, 13.7117592 ], [ 100.2688212, 13.7096816 ], [ 100.2727928, 13.7092765 ], [ 100.278464, 13.7087137 ], [ 100.2839172, 13.7081874 ], [ 100.2875021, 13.7078387 ], [ 100.2894575, 13.7076365 ], [ 100.2935832, 13.7072292 ], [ 100.3006807, 13.7065674 ], [ 100.3041087, 13.7061868 ], [ 100.3099016, 13.7056011 ], [ 100.3133368, 13.7052807 ], [ 100.3153958, 13.7050949 ], [ 100.3196301, 13.7046647 ], [ 100.3248657, 13.7042805 ], [ 100.3288567, 13.7044916 ], [ 100.3349765, 13.7049987 ], [ 100.3375088, 13.7052035 ], [ 100.3394443, 13.7053494 ], [ 100.3513438, 13.7062943 ], [ 100.3536094, 13.7065028 ], [ 100.3562352, 13.7066956 ], [ 100.3482992, 13.7060478 ], [ 100.3440211, 13.7057258 ], [ 100.3418351, 13.7055486 ], [ 100.3664754, 13.7075506 ], [ 100.3686949, 13.7077167 ], [ 100.3702123, 13.7078103 ], [ 100.3599371, 13.7070207 ], [ 100.3631364, 13.7072975 ], [ 100.4022927, 13.7104474 ], [ 100.4107104, 13.7111234 ], [ 100.4134491, 13.7113291 ], [ 100.4172049, 13.7116705 ], [ 100.4194539, 13.7118574 ], [ 100.424643, 13.7122477 ], [ 100.409667, 13.7928511 ], [ 100.4094816, 13.7909591 ], [ 100.4093304, 13.7887701 ], [ 100.426378, 13.7790547 ], [ 100.3996976, 13.710252 ], [ 100.4257584, 13.7706366 ], [ 100.4258719, 13.7718867 ], [ 100.4265133, 13.7759939 ], [ 100.3722547, 13.7079991 ] ] } },
{ "type": "Feature", "properties": { "route_id": 15089407, "name": "157 (4-54E) อนุสาวรีย์ชัยสมรภูมิ - อ้อมใหญ่", "ref": "157 (4-54E)", "from_stop": "", "to_stop": "", "operator": "TSB", "network": "TSB", "route_type": "bus", "coord_count": 57 }, "geometry": { "type": "LineString", "coordinates": [ [ 100.5380731, 13.7657563 ], [ 100.2562167, 13.7218042 ], [ 100.4008331, 13.7100093 ], [ 100.420962, 13.7989184 ], [ 100.4106691, 13.7962229 ], [ 100.4102506, 13.7913872 ], [ 100.4261685, 13.7847039 ], [ 100.426512, 13.7896607 ], [ 100.4162749, 13.782553 ], [ 100.4200426, 13.7821648 ], [ 100.4217365, 13.7819729 ], [ 100.3925324, 13.7093281 ], [ 100.3846241, 13.7086845 ], [ 100.3829899, 13.7085373 ], [ 100.3802697, 13.7083171 ], [ 100.37765, 13.7081124 ], [ 100.3748045, 13.7078634 ], [ 100.3945693, 13.7094894 ], [ 100.3901933, 13.7091508 ], [ 100.3875957, 13.7089522 ], [ 100.2616825, 13.7146938 ], [ 100.2589758, 13.7179383 ], [ 100.2641775, 13.7117017 ], [ 100.2688225, 13.7093181 ], [ 100.272277, 13.7089643 ], [ 100.2775757, 13.7084481 ], [ 100.3041237, 13.7058313 ], [ 100.3101246, 13.7052279 ], [ 100.3132988, 13.7049364 ], [ 100.3152957, 13.7047387 ], [ 100.3196554, 13.7043081 ], [ 100.323647, 13.7038851 ], [ 100.3290872, 13.7041184 ], [ 100.2870562, 13.7075177 ], [ 100.29043, 13.7071903 ], [ 100.2937053, 13.7068292 ], [ 100.2963765, 13.7065308 ], [ 100.3418472, 13.7052364 ], [ 100.3397286, 13.7050638 ], [ 100.3372311, 13.7048799 ], [ 100.3354166, 13.7047183 ], [ 100.3694755, 13.707462 ], [ 100.3667635, 13.7072765 ], [ 100.3441421, 13.7054209 ], [ 100.3485002, 13.7057934 ], [ 100.3514156, 13.7060382 ], [ 100.3537077, 13.7061933 ], [ 100.3562994, 13.7064098 ], [ 100.360474, 13.7067577 ], [ 100.3628619, 13.7069338 ], [ 100.416747, 13.7112973 ], [ 100.4140816, 13.7111005 ], [ 100.4117884, 13.7108803 ], [ 100.4096173, 13.7107115 ], [ 100.4195635, 13.7115402 ], [ 100.4234917, 13.7118764 ], [ 100.4270222, 13.7121635 ] ] } },
{ "type": "Feature", "properties": { "route_id": 15089469, "name": "11 (3-3) สวนหลวง ร.9 - สนามกีฬาแห่งชาติ", "ref": "11 (3-3)", "from_stop": "", "to_stop": "", "operator": "EXA Logistic", "network": "TSB", "route_type": "bus", "coord_count": 21 }, "geometry": { "type": "LineString", "coordinates": [ [ 100.6411981, 13.7374181 ], [ 100.6679173, 13.6866349 ], [ 100.5282063, 13.7465504 ], [ 100.6679794, 13.7082353 ], [ 100.6700027, 13.7050615 ], [ 100.6714532, 13.7028259 ], [ 100.6637065, 13.7116667 ], [ 100.6665228, 13.7098992 ], [ 100.5384927, 13.7507609 ], [ 100.6378553, 13.7418614 ], [ 100.6317305, 13.7419419 ], [ 100.6283639, 13.7412273 ], [ 100.6256067, 13.7406281 ], [ 100.6424335, 13.7349373 ], [ 100.6459093, 13.7338063 ], [ 100.6484331, 13.7325748 ], [ 100.6508169, 13.7314568 ], [ 100.6533412, 13.7302642 ], [ 100.6566691, 13.7274656 ], [ 100.5350454, 13.751988 ], [ 100.5875818, 13.7440086 ] ] } },
{ "type": "Feature", "properties": { "route_id": 15089470, "name": "11 (3-3) สนามกีฬาแห่งชาติ - สวนหลวง ร.9", "ref": "11 (3-3)", "from_stop": "", "to_stop": "", "operator": "EXA Logistic", "network": "TSB", "route_type": "bus", "coord_count": 29 }, "geometry": { "type": "LineString", "coordinates": [ [ 100.6416771, 13.7371996 ], [ 100.5440419, 13.7496272 ], [ 100.667982, 13.6864261 ], [ 100.5282063, 13.7465504 ], [ 100.6662732, 13.7104259 ], [ 100.6640844, 13.7118034 ], [ 100.667946, 13.708891 ], [ 100.6699608, 13.7057443 ], [ 100.6716931, 13.703049 ], [ 100.624868, 13.7408118 ], [ 100.6278763, 13.741438 ], [ 100.6321606, 13.7423543 ], [ 100.6340772, 13.7427591 ], [ 100.6135828, 13.7425224 ], [ 100.6176684, 13.7414842 ], [ 100.6077849, 13.7464089 ], [ 100.6422745, 13.7352702 ], [ 100.6460517, 13.7339816 ], [ 100.649474, 13.732358 ], [ 100.6532059, 13.7305926 ], [ 100.6569339, 13.7274816 ], [ 100.6585367, 13.723222 ], [ 100.5277878, 13.7547817 ], [ 100.573957, 13.747317 ], [ 100.5788856, 13.7462029 ], [ 100.5854489, 13.7447176 ], [ 100.588783, 13.7439464 ], [ 100.5925366, 13.7431148 ], [ 100.5954821, 13.7424683 ] ] } },
{ "type": "Feature", "properties": { "route_id": 15095990, "name": "S4 (549) มีนบุรี - ท่าอากาศยานสุวรรณภูมิ", "ref": "S4 (549)", "from_stop": "", "to_stop": "", "operator": "", "network": "TSB", "route_type": "bus", "coord_count": 41 }, "geometry": { "type": "LineString", "coordinates": [ [ 100.7287198, 13.8138626 ], [ 100.7690116, 13.7107624 ], [ 100.7759981, 13.7123707 ], [ 100.7317383, 13.8134985 ], [ 100.733039, 13.8142192 ], [ 100.7344313, 13.8149988 ], [ 100.7349039, 13.8162661 ], [ 100.7350768, 13.8164398 ], [ 100.7377918, 13.8108607 ], [ 100.7390607, 13.8085092 ], [ 100.7412972, 13.8043981 ], [ 100.7429663, 13.8013467 ], [ 100.7465119, 13.7755229 ], [ 100.7465627, 13.7777661 ], [ 100.7465707, 13.7809642 ], [ 100.7465028, 13.7833434 ], [ 100.7463978, 13.7857463 ], [ 100.7462976, 13.7893854 ], [ 100.7462761, 13.7915862 ], [ 100.7462365, 13.7940277 ], [ 100.7449789, 13.797652 ], [ 100.7464591, 13.7722316 ], [ 100.7464624, 13.7696413 ], [ 100.7464516, 13.766843 ], [ 100.7464601, 13.7630345 ], [ 100.746545, 13.7534323 ], [ 100.7465803, 13.7509838 ], [ 100.7466615, 13.7490454 ], [ 100.7467554, 13.7463463 ], [ 100.7466774, 13.7448535 ], [ 100.7467127, 13.7423958 ], [ 100.7467174, 13.7401659 ], [ 100.7466569, 13.7375458 ], [ 100.7466504, 13.7361023 ], [ 100.7466607, 13.7343236 ], [ 100.7467708, 13.726908 ], [ 100.7766441, 13.7206667 ], [ 100.7281616, 13.8129623 ], [ 100.7747532, 13.7219331 ], [ 100.7724112, 13.7219039 ], [ 100.7688635, 13.7218219 ] ] } },
{ "type": "Feature", "properties": { "route_id": 15095991, "name": "S4 (549) ท่าอากาศยานสุวรรณภูมิ - มีนบุรี", "ref": "S4 (549)", "from_stop": "", "to_stop": "", "operator": "", "network": "TSB", "route_type": "bus", "coord_count": 37 }, "geometry": { "type": "LineString", "coordinates": [ [ 100.7690116, 13.7107624 ], [ 100.7758723, 13.7131335 ], [ 100.7257145, 13.812366 ], [ 100.7462393, 13.7749319 ], [ 100.7462937, 13.7771505 ], [ 100.7463424, 13.7805616 ], [ 100.7462928, 13.7823812 ], [ 100.7461479, 13.7859057 ], [ 100.7460563, 13.7885962 ], [ 100.7460275, 13.7914606 ], [ 100.7460024, 13.7940933 ], [ 100.7448352, 13.7973865 ], [ 100.7438424, 13.7992164 ], [ 100.7427823, 13.8011516 ], [ 100.7410424, 13.8043597 ], [ 100.7377928, 13.8103053 ], [ 100.7462293, 13.7578247 ], [ 100.746207, 13.7630173 ], [ 100.7462018, 13.7665481 ], [ 100.746205, 13.7688311 ], [ 100.746204, 13.7718126 ], [ 100.7464113, 13.7339733 ], [ 100.7464023, 13.7359721 ], [ 100.7464178, 13.7382857 ], [ 100.7464588, 13.7399746 ], [ 100.7464471, 13.7429112 ], [ 100.7464532, 13.7454943 ], [ 100.7463929, 13.7488455 ], [ 100.7463746, 13.7499473 ], [ 100.7463266, 13.7511584 ], [ 100.7462962, 13.7271668 ], [ 100.7464832, 13.7228664 ], [ 100.7757045, 13.7215841 ], [ 100.7748162, 13.7215866 ], [ 100.7737776, 13.7216234 ], [ 100.7721779, 13.721611 ], [ 100.7687812, 13.7215672 ] ] } },
{ "type": "Feature", "properties": { "route_id": 15097953, "name": "165 (4-56) ศาลาธรรมสพน์ - สถานีรถไฟฟ้ากรุงธนบุรี", "ref": "165 (4-56)", "from_stop": "", "to_stop": "", "operator": "TSB", "network": "TSB", "route_type": "bus", "coord_count": 36 }, "geometry": { "type": "LineString", "coordinates": [ [ 100.5039782, 13.7205334 ], [ 100.4935155, 13.72566 ], [ 100.5014919, 13.7212984 ], [ 100.5040349, 13.7211974 ], [ 100.394372, 13.7900549 ], [ 100.4080676, 13.7109713 ], [ 100.3752279, 13.7082761 ], [ 100.3772155, 13.7084293 ], [ 100.3798424, 13.7086413 ], [ 100.3825429, 13.708842 ], [ 100.3847004, 13.7090195 ], [ 100.3879537, 13.7093057 ], [ 100.3901666, 13.7094709 ], [ 100.3929381, 13.7096675 ], [ 100.3947038, 13.7098126 ], [ 100.4894763, 13.7270064 ], [ 100.3664754, 13.7075506 ], [ 100.3686949, 13.7077167 ], [ 100.3702123, 13.7078103 ], [ 100.4022927, 13.7104474 ], [ 100.4107104, 13.7111234 ], [ 100.4134491, 13.7113291 ], [ 100.4172049, 13.7116705 ], [ 100.4194539, 13.7118574 ], [ 100.424643, 13.7122477 ], [ 100.4612447, 13.7226666 ], [ 100.4598674, 13.7219364 ], [ 100.4652913, 13.7248821 ], [ 100.4688465, 13.7268395 ], [ 100.4714206, 13.7282511 ], [ 100.4761209, 13.7293192 ], [ 100.4794365, 13.7287397 ], [ 100.4829895, 13.7281181 ], [ 100.3996976, 13.710252 ], [ 100.3722547, 13.7079991 ], [ 100.4339161, 13.7129821 ] ] } },
{ "type": "Feature", "properties": { "route_id": 15097954, "name": "165 (4-56) สถานีรถไฟฟ้ากรุงธนบุรี - ศาลาธรรมสพน์", "ref": "165 (4-56)", "from_stop": "", "to_stop": "", "operator": "", "network": "TSB", "route_type": "bus", "coord_count": 38 }, "geometry": { "type": "LineString", "coordinates": [ [ 100.5039782, 13.7205334 ], [ 100.3945738, 13.779388 ], [ 100.4008331, 13.7100093 ], [ 100.4921168, 13.7239107 ], [ 100.5002483, 13.7206386 ], [ 100.4767994, 13.7288026 ], [ 100.3950097, 13.7783353 ], [ 100.3950697, 13.7761288 ], [ 100.3946675, 13.775097 ], [ 100.3946149, 13.7773511 ], [ 100.3925324, 13.7093281 ], [ 100.3846241, 13.7086845 ], [ 100.3829899, 13.7085373 ], [ 100.3802697, 13.7083171 ], [ 100.37765, 13.7081124 ], [ 100.3748045, 13.7078634 ], [ 100.3977491, 13.7097635 ], [ 100.3945693, 13.7094894 ], [ 100.3901933, 13.7091508 ], [ 100.3875957, 13.7089522 ], [ 100.3694755, 13.707462 ], [ 100.416747, 13.7112973 ], [ 100.4140816, 13.7111005 ], [ 100.4117884, 13.7108803 ], [ 100.4096173, 13.7107115 ], [ 100.4195635, 13.7115402 ], [ 100.4234917, 13.7118764 ], [ 100.4270222, 13.7121635 ], [ 100.4628853, 13.7232331 ], [ 100.4652619, 13.7245379 ], [ 100.4693873, 13.726783 ], [ 100.4718274, 13.728066 ], [ 100.4597039, 13.7215307 ], [ 100.4787897, 13.7285366 ], [ 100.4807819, 13.728226 ], [ 100.4830163, 13.7278665 ], [ 100.4898158, 13.7267443 ], [ 100.3947082, 13.7919961 ] ] } },
{ "type": "Feature", "properties": { "route_id": 15097956, "name": "163 (4-55) ศาลายา - สนามกีฬาแห่งชาติ", "ref": "163 (4-55)", "from_stop": "", "to_stop": "", "operator": "TSB", "network": "TSB", "route_type": "bus", "coord_count": 63 }, "geometry": { "type": "LineString", "coordinates": [ [ 100.2697377, 13.8052715 ], [ 100.5014919, 13.7212984 ], [ 100.2799441, 13.8047298 ], [ 100.5282063, 13.7465504 ], [ 100.4080676, 13.7109713 ], [ 100.3308041, 13.710667 ], [ 100.3304097, 13.7180715 ], [ 100.3308423, 13.7065522 ], [ 100.5200469, 13.7235696 ], [ 100.5303629, 13.7443552 ], [ 100.2837301, 13.8042411 ], [ 100.2908686, 13.8036082 ], [ 100.2943967, 13.8033427 ], [ 100.296526, 13.8031583 ], [ 100.2992994, 13.8029526 ], [ 100.3016232, 13.80278 ], [ 100.3135565, 13.8018697 ], [ 100.3162647, 13.8016635 ], [ 100.3183121, 13.8015433 ], [ 100.3223751, 13.8013683 ], [ 100.3242506, 13.8013088 ], [ 100.3275352, 13.7963165 ], [ 100.3276817, 13.7930165 ], [ 100.3281505, 13.7810693 ], [ 100.3285911, 13.7690721 ], [ 100.3287915, 13.7634784 ], [ 100.3284097, 13.7735029 ], [ 100.3752279, 13.7082761 ], [ 100.3772155, 13.7084293 ], [ 100.3798424, 13.7086413 ], [ 100.3825429, 13.708842 ], [ 100.3847004, 13.7090195 ], [ 100.3879537, 13.7093057 ], [ 100.3901666, 13.7094709 ], [ 100.3929381, 13.7096675 ], [ 100.3947038, 13.7098126 ], [ 100.5334699, 13.728363 ], [ 100.5311468, 13.72755 ], [ 100.5353832, 13.7298722 ], [ 100.3349765, 13.7049987 ], [ 100.3375088, 13.7052035 ], [ 100.3394443, 13.7053494 ], [ 100.3513438, 13.7062943 ], [ 100.3536094, 13.7065028 ], [ 100.3562352, 13.7066956 ], [ 100.3482992, 13.7060478 ], [ 100.3440211, 13.7057258 ], [ 100.3418351, 13.7055486 ], [ 100.3664754, 13.7075506 ], [ 100.3686949, 13.7077167 ], [ 100.3702123, 13.7078103 ], [ 100.3599371, 13.7070207 ], [ 100.3631364, 13.7072975 ], [ 100.4022927, 13.7104474 ], [ 100.4107104, 13.7111234 ], [ 100.4134491, 13.7113291 ], [ 100.4172049, 13.7116705 ], [ 100.4194539, 13.7118574 ], [ 100.424643, 13.7122477 ], [ 100.3273799, 13.799965 ], [ 100.3996976, 13.710252 ], [ 100.3722547, 13.7079991 ], [ 100.4339161, 13.7129821 ] ] } },
{ "type": "Feature", "properties": { "route_id": 15097957, "name": "163 (4-55) สนามกีฬาแห่งชาติ - ศาลายา", "ref": "163 (4-55)", "from_stop": "", "to_stop": "", "operator": "TSB", "network": "TSB", "route_type": "bus", "coord_count": 61 }, "geometry": { "type": "LineString", "coordinates": [ [ 100.2697377, 13.8052715 ], [ 100.530414, 13.732345 ], [ 100.5282063, 13.7465504 ], [ 100.2797148, 13.8045349 ], [ 100.4008331, 13.7100093 ], [ 100.5194687, 13.7217981 ], [ 100.5002483, 13.7206386 ], [ 100.3418472, 13.7052364 ], [ 100.3397286, 13.7050638 ], [ 100.3354166, 13.7047183 ], [ 100.3300342, 13.7173422 ], [ 100.5304872, 13.7435144 ], [ 100.5345701, 13.7285062 ], [ 100.3013479, 13.8025832 ], [ 100.2993164, 13.8027536 ], [ 100.2963772, 13.8029912 ], [ 100.2934161, 13.8031863 ], [ 100.2902871, 13.8034324 ], [ 100.3176993, 13.8013338 ], [ 100.322486, 13.8011063 ], [ 100.3245377, 13.8010207 ], [ 100.3269672, 13.8001962 ], [ 100.3270935, 13.7969694 ], [ 100.3048908, 13.8025351 ], [ 100.3272267, 13.7927195 ], [ 100.3281844, 13.7689689 ], [ 100.3284357, 13.7619127 ], [ 100.3280582, 13.7723195 ], [ 100.3925324, 13.7093281 ], [ 100.3846241, 13.7086845 ], [ 100.3829899, 13.7085373 ], [ 100.3802697, 13.7083171 ], [ 100.37765, 13.7081124 ], [ 100.3748045, 13.7078634 ], [ 100.3977491, 13.7097635 ], [ 100.5300542, 13.7405426 ], [ 100.529702, 13.7381985 ], [ 100.5294139, 13.736137 ], [ 100.5291355, 13.7342923 ], [ 100.3945693, 13.7094894 ], [ 100.3901933, 13.7091508 ], [ 100.3875957, 13.7089522 ], [ 100.3694755, 13.707462 ], [ 100.3667635, 13.7072765 ], [ 100.3441421, 13.7054209 ], [ 100.3485002, 13.7057934 ], [ 100.3514156, 13.7060382 ], [ 100.3537077, 13.7061933 ], [ 100.3562994, 13.7064098 ], [ 100.360474, 13.7067577 ], [ 100.3628619, 13.7069338 ], [ 100.416747, 13.7112973 ], [ 100.4140816, 13.7111005 ], [ 100.4117884, 13.7108803 ], [ 100.4096173, 13.7107115 ], [ 100.4195635, 13.7115402 ], [ 100.4234917, 13.7118764 ], [ 100.4270222, 13.7121635 ], [ 100.5320991, 13.7316382 ], [ 100.5277878, 13.7547817 ], [ 100.5310647, 13.7272758 ] ] } },
{ "type": "Feature", "properties": { "route_id": 15097959, "name": "4-67 ศาลายา - กระทรวงพาณิชย์", "ref": "4-67", "from_stop": "", "to_stop": "", "operator": "TSB", "network": "TSB", "route_type": "bus", "coord_count": 47 }, "geometry": { "type": "LineString", "coordinates": [ [ 100.4851846, 13.878844 ], [ 100.4852192, 13.8788108 ], [ 100.4496243, 13.8045124 ], [ 100.449667, 13.8045267 ], [ 100.4493952, 13.8097239 ], [ 100.4494393, 13.8097337 ], [ 100.4488968, 13.8187071 ], [ 100.4489248, 13.8187169 ], [ 100.3273799, 13.799965 ], [ 100.3964337, 13.7845627 ], [ 100.4017709, 13.7840117 ], [ 100.4053684, 13.7836364 ], [ 100.4162749, 13.782553 ], [ 100.4217365, 13.7819729 ], [ 100.4200426, 13.7821648 ], [ 100.4474652, 13.790696 ], [ 100.4320484, 13.7809242 ], [ 100.4275662, 13.7813735 ], [ 100.4394355, 13.7802267 ], [ 100.3863743, 13.7855903 ], [ 100.3893411, 13.7852776 ], [ 100.363738, 13.7879248 ], [ 100.3680186, 13.7874969 ], [ 100.3719734, 13.7870862 ], [ 100.3760432, 13.786663 ], [ 100.3778536, 13.7864868 ], [ 100.38082, 13.7861635 ], [ 100.3338247, 13.7881584 ], [ 100.3394302, 13.7883642 ], [ 100.3420484, 13.7884599 ], [ 100.3275352, 13.7963165 ], [ 100.3276817, 13.7930165 ], [ 100.3435844, 13.788527 ], [ 100.3514552, 13.7888124 ], [ 100.3535838, 13.7888472 ], [ 100.3565134, 13.7886997 ], [ 100.3573806, 13.7886013 ], [ 100.3609234, 13.7882397 ], [ 100.3589243, 13.78844 ], [ 100.499703, 13.85134 ], [ 100.4901689, 13.856243 ], [ 100.4929501, 13.8579003 ], [ 100.4524122, 13.824837 ], [ 100.4524109, 13.8247858 ], [ 100.4572942, 13.8246006 ], [ 100.4572979, 13.8246554 ], [ 100.4768359, 13.8238375 ] ] } },
{ "type": "Feature", "properties": { "route_id": 15097960, "name": "4-67 กระทรวงพาณิชย์ - ศาลายา", "ref": "4-67", "from_stop": "", "to_stop": "", "operator": "TSB", "network": "TSB", "route_type": "bus", "coord_count": 40 }, "geometry": { "type": "LineString", "coordinates": [ [ 100.4851846, 13.878844 ], [ 100.4852192, 13.8788108 ], [ 100.3273799, 13.799965 ], [ 100.4228662, 13.7811461 ], [ 100.4479123, 13.7904356 ], [ 100.4272867, 13.7808935 ], [ 100.4018942, 13.78348 ], [ 100.3971982, 13.7839567 ], [ 100.3897134, 13.7847241 ], [ 100.4163872, 13.7820075 ], [ 100.3846097, 13.7852589 ], [ 100.3778471, 13.7859484 ], [ 100.3759154, 13.7861605 ], [ 100.371917, 13.7865659 ], [ 100.3681789, 13.7869517 ], [ 100.3637431, 13.7874366 ], [ 100.4394538, 13.7796548 ], [ 100.4376217, 13.7798371 ], [ 100.4309691, 13.7805134 ], [ 100.3270935, 13.7969694 ], [ 100.3272267, 13.7927195 ], [ 100.3416248, 13.7879206 ], [ 100.3393858, 13.7878456 ], [ 100.3338442, 13.7876428 ], [ 100.3593361, 13.7878843 ], [ 100.3573462, 13.7880898 ], [ 100.3516433, 13.7882944 ], [ 100.347907, 13.7881606 ], [ 100.3444275, 13.7880314 ], [ 100.4932089, 13.8575892 ], [ 100.4998769, 13.8513747 ], [ 100.4769502, 13.8233478 ], [ 100.4769364, 13.8234026 ], [ 100.4596914, 13.8238827 ], [ 100.459683, 13.8238365 ], [ 100.4635647, 13.8230103 ], [ 100.4574184, 13.8241602 ], [ 100.4523175, 13.8243463 ], [ 100.4807117, 13.8249432 ], [ 100.4807305, 13.8248964 ] ] } },
{ "type": "Feature", "properties": { "route_id": 15098509, "name": "3-34 บางนา - นิคมอุตสาหกรรมลาดกระบัง", "ref": "3-34", "from_stop": "", "to_stop": "", "operator": "", "network": "TSB", "route_type": "bus", "coord_count": 51 }, "geometry": { "type": "LineString", "coordinates": [ [ 100.6093437, 13.6731646 ], [ 100.7902085, 13.7579144 ], [ 100.6455466, 13.6732831 ], [ 100.6457845, 13.6768969 ], [ 100.634536, 13.668175 ], [ 100.6246501, 13.6701267 ], [ 100.6211797, 13.6708194 ], [ 100.6135468, 13.6723425 ], [ 100.6165074, 13.6717071 ], [ 100.6437216, 13.7138078 ], [ 100.6477495, 13.7143339 ], [ 100.6545472, 13.7165613 ], [ 100.6579904, 13.7171639 ], [ 100.6641191, 13.7181967 ], [ 100.6668974, 13.7186549 ], [ 100.668831, 13.7189321 ], [ 100.7954535, 13.7522829 ], [ 100.797038, 13.7559521 ], [ 100.7935458, 13.7487549 ], [ 100.7929648, 13.7467089 ], [ 100.7922076, 13.7441237 ], [ 100.7311302, 13.7224187 ], [ 100.7340396, 13.7224716 ], [ 100.7386771, 13.7225433 ], [ 100.7413635, 13.7225824 ], [ 100.7439454, 13.722629 ], [ 100.646529, 13.7001074 ], [ 100.6453242, 13.7052302 ], [ 100.6446321, 13.7082412 ], [ 100.6433883, 13.7134403 ], [ 100.7779711, 13.7291115 ], [ 100.7780424, 13.7269494 ], [ 100.7809694, 13.730561 ], [ 100.7223827, 13.7221874 ], [ 100.725507, 13.7222188 ], [ 100.728552, 13.722338 ], [ 100.7036553, 13.7217951 ], [ 100.7073236, 13.7220049 ], [ 100.7109162, 13.7221788 ], [ 100.7133702, 13.7221997 ], [ 100.7166432, 13.7222523 ], [ 100.7194176, 13.7222279 ], [ 100.7801951, 13.7226945 ], [ 100.7797971, 13.7246672 ], [ 100.6466899, 13.6879247 ], [ 100.6472665, 13.6954968 ], [ 100.6470189, 13.692069 ], [ 100.7771397, 13.7219726 ], [ 100.7747532, 13.7219331 ], [ 100.7724112, 13.7219039 ], [ 100.7688635, 13.7218219 ] ] } },
{ "type": "Feature", "properties": { "route_id": 15098510, "name": "3-34 นิคมอุตสาหกรรมลาดกระบัง - บางนา", "ref": "3-34", "from_stop": "", "to_stop": "", "operator": "", "network": "TSB", "route_type": "bus", "coord_count": 48 }, "geometry": { "type": "LineString", "coordinates": [ [ 100.6093437, 13.6731646 ], [ 100.7902085, 13.7579144 ], [ 100.6237998, 13.6694312 ], [ 100.6130084, 13.6715629 ], [ 100.6687807, 13.7186846 ], [ 100.6665031, 13.7183449 ], [ 100.7972396, 13.7544136 ], [ 100.7379057, 13.7222586 ], [ 100.7358567, 13.7222596 ], [ 100.7334986, 13.7222186 ], [ 100.7311143, 13.722176 ], [ 100.7436491, 13.7223776 ], [ 100.6475975, 13.6951057 ], [ 100.6472589, 13.6909775 ], [ 100.6441601, 13.7117328 ], [ 100.6451079, 13.7076234 ], [ 100.6456551, 13.7052436 ], [ 100.6468386, 13.7001878 ], [ 100.6474342, 13.6976382 ], [ 100.6470558, 13.6883315 ], [ 100.6467305, 13.6842547 ], [ 100.6465373, 13.681799 ], [ 100.6463632, 13.6794556 ], [ 100.6460525, 13.6757497 ], [ 100.6458049, 13.672695 ], [ 100.6342886, 13.6673831 ], [ 100.7782278, 13.7289278 ], [ 100.7781659, 13.7267606 ], [ 100.7809785, 13.7303133 ], [ 100.7802805, 13.7228544 ], [ 100.7998334, 13.7183025 ], [ 100.7976934, 13.7190993 ], [ 100.7958864, 13.719771 ], [ 100.795441, 13.7518281 ], [ 100.7831573, 13.72201 ], [ 100.7865331, 13.7220754 ], [ 100.7864461, 13.7218343 ], [ 100.7841855, 13.7218013 ], [ 100.7825457, 13.7217728 ], [ 100.7960822, 13.7199689 ], [ 100.7930005, 13.7210771 ], [ 100.7924659, 13.7209942 ], [ 100.7771616, 13.7216428 ], [ 100.7757045, 13.7215841 ], [ 100.7748162, 13.7215866 ], [ 100.7737776, 13.7216234 ], [ 100.7721779, 13.721611 ], [ 100.7687812, 13.7215672 ] ] } },
{ "type": "Feature", "properties": { "route_id": 15098900, "name": "1-64 วงกลม : ซาฟารีเวิลด์ - นวลจันทร์ (วนขวา)", "ref": "1-64", "from_stop": "", "to_stop": "", "operator": "TSB", "network": "TSB", "route_type": "bus", "coord_count": 13 }, "geometry": { "type": "LineString", "coordinates": [ [ 100.7071457, 13.8663461 ], [ 100.7001063, 13.8128672 ], [ 100.7001984, 13.8125468 ], [ 100.6949838, 13.8125567 ], [ 100.6916625, 13.8125712 ], [ 100.6861021, 13.8158061 ], [ 100.6828773, 13.8188483 ], [ 100.6803089, 13.821243 ], [ 100.6761986, 13.8251238 ], [ 100.6716961, 13.8294823 ], [ 100.6690947, 13.8320225 ], [ 100.6666797, 13.8343748 ], [ 100.6650098, 13.8359993 ] ] } },
{ "type": "Feature", "properties": { "route_id": 15098901, "name": "1-64 วงกลม : ซาฟารีเวิลด์ - นวลจันทร์ (วนซ้าย)", "ref": "1-64", "from_stop": "", "to_stop": "", "operator": "TSB", "network": "TSB", "route_type": "bus", "coord_count": 11 }, "geometry": { "type": "LineString", "coordinates": [ [ 100.7071457, 13.8663461 ], [ 100.6658056, 13.8356785 ], [ 100.6675676, 13.8339778 ], [ 100.6704941, 13.8311564 ], [ 100.6801851, 13.8219898 ], [ 100.6833125, 13.8189648 ], [ 100.6846966, 13.8176446 ], [ 100.6862984, 13.8161206 ], [ 100.6915793, 13.8129303 ], [ 100.6944097, 13.8129181 ], [ 100.677316, 13.8247325 ] ] } },
{ "type": "Feature", "properties": { "route_id": 15098903, "name": "1-76 วงกลม : หมู่บ้านบัวขาว - มีนบุรี (วนขวา)", "ref": "1-76", "from_stop": "", "to_stop": "", "operator": "TSB", "network": "TSB", "route_type": "bus", "coord_count": 56 }, "geometry": { "type": "LineString", "coordinates": [ [ 100.7287198, 13.8138626 ], [ 100.6470325, 13.7663643 ], [ 100.7223135, 13.812721 ], [ 100.719756, 13.8127605 ], [ 100.7255713, 13.8126489 ], [ 100.7278696, 13.8145556 ], [ 100.6592972, 13.8199828 ], [ 100.6622188, 13.8201722 ], [ 100.6676276, 13.8204183 ], [ 100.7216152, 13.7825283 ], [ 100.7317383, 13.8134985 ], [ 100.733039, 13.8142192 ], [ 100.7344313, 13.8149988 ], [ 100.7349039, 13.8162661 ], [ 100.7350768, 13.8164398 ], [ 100.6781265, 13.788655 ], [ 100.7356534, 13.8114945 ], [ 100.7341256, 13.8106667 ], [ 100.727218, 13.8064788 ], [ 100.7257731, 13.8048067 ], [ 100.7241772, 13.8035861 ], [ 100.7218436, 13.8024309 ], [ 100.7201573, 13.8015713 ], [ 100.7170241, 13.8000016 ], [ 100.7137575, 13.7983846 ], [ 100.7111816, 13.7971125 ], [ 100.7053669, 13.7941982 ], [ 100.7034259, 13.7931631 ], [ 100.7010795, 13.7918987 ], [ 100.6993464, 13.790906 ], [ 100.6957538, 13.788934 ], [ 100.6475402, 13.7678732 ], [ 100.647282, 13.7695697 ], [ 100.6471242, 13.7715968 ], [ 100.6457661, 13.7741454 ], [ 100.6450517, 13.7755936 ], [ 100.6444218, 13.7778554 ], [ 100.6460665, 13.7821396 ], [ 100.6471651, 13.7837586 ], [ 100.6485826, 13.7858451 ], [ 100.6495716, 13.7872745 ], [ 100.6541409, 13.7720165 ], [ 100.6507827, 13.76788 ], [ 100.6490265, 13.7665288 ], [ 100.665836, 13.7786357 ], [ 100.6611841, 13.7763276 ], [ 100.6587503, 13.7751643 ], [ 100.6561366, 13.7735566 ], [ 100.6696329, 13.7807104 ], [ 100.6678254, 13.7796419 ], [ 100.6512584, 13.8128645 ], [ 100.6522067, 13.8150022 ], [ 100.6478524, 13.802478 ], [ 100.6480927, 13.8058725 ], [ 100.6494254, 13.808625 ], [ 100.7281616, 13.8129623 ] ] } },
{ "type": "Feature", "properties": { "route_id": 15098904, "name": "1-76 วงกลม : หมู่บ้านบัวขาว - มีนบุรี (วนซ้าย)", "ref": "1-76", "from_stop": "", "to_stop": "", "operator": "TSB", "network": "TSB", "route_type": "bus", "coord_count": 63 }, "geometry": { "type": "LineString", "coordinates": [ [ 100.7254032, 13.804914 ], [ 100.7270768, 13.8069173 ], [ 100.7254032, 13.804914 ], [ 100.7270768, 13.8069173 ], [ 100.7228947, 13.8033806 ], [ 100.720887, 13.8023623 ], [ 100.719151, 13.8015551 ], [ 100.7169898, 13.8004746 ], [ 100.7169898, 13.8004746 ], [ 100.719151, 13.8015551 ], [ 100.720887, 13.8023623 ], [ 100.7228947, 13.8033806 ], [ 100.6861021, 13.8158061 ], [ 100.6828773, 13.8188483 ], [ 100.7001984, 13.8125468 ], [ 100.7257145, 13.812366 ], [ 100.723431, 13.8123639 ], [ 100.7199942, 13.8124319 ], [ 100.651357, 13.8124586 ], [ 100.6534588, 13.8173048 ], [ 100.6669457, 13.8200942 ], [ 100.662435, 13.8197651 ], [ 100.659923, 13.8196459 ], [ 100.6812595, 13.8190728 ], [ 100.7216152, 13.7825283 ], [ 100.6916625, 13.8125712 ], [ 100.6949838, 13.8125567 ], [ 100.7343855, 13.8147992 ], [ 100.7330963, 13.8140918 ], [ 100.7319224, 13.8134168 ], [ 100.6724347, 13.782753 ], [ 100.6740392, 13.7842433 ], [ 100.6757881, 13.7861014 ], [ 100.7350026, 13.8115906 ], [ 100.727218, 13.8064788 ], [ 100.7257731, 13.8048067 ], [ 100.7241772, 13.8035861 ], [ 100.7218436, 13.8024309 ], [ 100.7201573, 13.8015713 ], [ 100.7024582, 13.7930388 ], [ 100.7051697, 13.7945017 ], [ 100.7096791, 13.7968098 ], [ 100.7112352, 13.7975566 ], [ 100.7141465, 13.7990611 ], [ 100.6958777, 13.7894152 ], [ 100.6991149, 13.7911913 ], [ 100.650216, 13.7878096 ], [ 100.6488289, 13.7857635 ], [ 100.6469168, 13.7829677 ], [ 100.6461537, 13.7818267 ], [ 100.6446153, 13.7780867 ], [ 100.6452773, 13.7756624 ], [ 100.6459445, 13.7743132 ], [ 100.6473649, 13.7716521 ], [ 100.6474827, 13.7701755 ], [ 100.6692144, 13.7807308 ], [ 100.6677507, 13.7798593 ], [ 100.6617068, 13.7769239 ], [ 100.6588843, 13.7755002 ], [ 100.6561156, 13.7738129 ], [ 100.6536705, 13.7717574 ], [ 100.6651505, 13.77856 ], [ 100.6522215, 13.8144601 ] ] } },
{ "type": "Feature", "properties": { "route_id": 15098906, "name": "197 (1-52) วงกลม : มีนบุรี - คู้บอน - หทัยราษฎร์ (วนขวา)", "ref": "197 (1-52)", "from_stop": "", "to_stop": "", "operator": "TSB", "network": "TSB", "route_type": "bus", "coord_count": 20 }, "geometry": { "type": "LineString", "coordinates": [ [ 100.7287198, 13.8138626 ], [ 100.719756, 13.8127605 ], [ 100.7223135, 13.812721 ], [ 100.7257145, 13.812366 ], [ 100.7255713, 13.8126489 ], [ 100.7218244, 13.8160553 ], [ 100.7267057, 13.8183519 ], [ 100.7225757, 13.817185 ], [ 100.7271124, 13.818693 ], [ 100.7199942, 13.8124319 ], [ 100.723431, 13.8123639 ], [ 100.7202769, 13.8316378 ], [ 100.72034, 13.828532 ], [ 100.7206008, 13.8245329 ], [ 100.7207061, 13.8224921 ], [ 100.720929, 13.8201018 ], [ 100.7214262, 13.8182662 ], [ 100.7206671, 13.8150304 ], [ 100.7278696, 13.8145556 ], [ 100.6761986, 13.8251238 ] ] } },
{ "type": "Feature", "properties": { "route_id": 15098907, "name": "197 (1-52) วงกลม : มีนบุรี - คู้บอน - หทัยราษฎร์ (วนซ้าย)", "ref": "197 (1-52)", "from_stop": "", "to_stop": "", "operator": "TSB", "network": "TSB", "route_type": "bus", "coord_count": 19 }, "geometry": { "type": "LineString", "coordinates": [ [ 100.7287198, 13.8138626 ], [ 100.6658056, 13.8356785 ], [ 100.6675676, 13.8339778 ], [ 100.6704941, 13.8311564 ], [ 100.719756, 13.8127605 ], [ 100.7223135, 13.812721 ], [ 100.7257145, 13.812366 ], [ 100.7255713, 13.8126489 ], [ 100.7199942, 13.8124319 ], [ 100.723431, 13.8123639 ], [ 100.7207, 13.8154768 ], [ 100.7215589, 13.8175307 ], [ 100.7207008, 13.8207961 ], [ 100.7205132, 13.8229045 ], [ 100.7203918, 13.8241478 ], [ 100.7201465, 13.8293563 ], [ 100.7200033, 13.8331506 ], [ 100.7278696, 13.8145556 ], [ 100.677316, 13.8247325 ] ] } },
{ "type": "Feature", "properties": { "route_id": 15261468, "name": "18 (2-3) ตลาดท่าอิฐ - อนุสาวรีย์ชัยมรภูมิ", "ref": "18 (2-3)", "from_stop": "", "to_stop": "", "operator": "TSB", "network": "TSB", "route_type": "bus", "coord_count": 14 }, "geometry": { "type": "LineString", "coordinates": [ [ 100.5374584, 13.764699 ], [ 100.511756, 13.8072001 ], [ 100.5118464, 13.844088 ], [ 100.5119091, 13.8440694 ], [ 100.4598337, 13.8858433 ], [ 100.5104312, 13.7775581 ], [ 100.5117921, 13.8072218 ], [ 100.5053525, 13.7928062 ], [ 100.5246213, 13.8246741 ], [ 100.527237, 13.8270115 ], [ 100.523058, 13.8232611 ], [ 100.5215222, 13.8218533 ], [ 100.5202786, 13.8207329 ], [ 100.5180945, 13.81874 ] ] } },
{ "type": "Feature", "properties": { "route_id": 15261469, "name": "18 (2-3) อนุสาวรีย์ชัยสมรภูมิ - ตลาดท่าอิฐ", "ref": "18 (2-3)", "from_stop": "", "to_stop": "", "operator": "TSB", "network": "TSB", "route_type": "bus", "coord_count": 16 }, "geometry": { "type": "LineString", "coordinates": [ [ 100.5374584, 13.764699 ], [ 100.4595021, 13.8856034 ], [ 100.5116266, 13.8070686 ], [ 100.5116746, 13.8071188 ], [ 100.5139745, 13.8475603 ], [ 100.5139281, 13.8475913 ], [ 100.5115772, 13.844263 ], [ 100.5116365, 13.8442099 ], [ 100.5007475, 13.7886399 ], [ 100.5264991, 13.826706 ], [ 100.5243683, 13.8247513 ], [ 100.5229124, 13.8234274 ], [ 100.5211062, 13.8217913 ], [ 100.5195295, 13.8203747 ], [ 100.5179641, 13.818961 ], [ 100.5272069, 13.7698063 ] ] } },
{ "type": "Feature", "properties": { "route_id": 15261660, "name": "210 (2-27) เมืองทองธานี - สถานีรถไฟฟ้าบางหว้า", "ref": "210 (2-27)", "from_stop": "", "to_stop": "", "operator": "TSB", "network": "TSB", "route_type": "bus", "coord_count": 24 }, "geometry": { "type": "LineString", "coordinates": [ [ 100.5019099, 13.9083951 ], [ 100.5509974, 13.9151991 ], [ 100.4573981, 13.7226293 ], [ 100.4975427, 13.9117137 ], [ 100.4955442, 13.9138575 ], [ 100.4968224, 13.9129664 ], [ 100.4678775, 13.9246882 ], [ 100.4479959, 13.7470401 ], [ 100.4475377, 13.7419539 ], [ 100.456492, 13.7255698 ], [ 100.4481286, 13.7366202 ], [ 100.4528461, 13.7293868 ], [ 100.4455054, 13.7584067 ], [ 100.4460166, 13.7548905 ], [ 100.4448557, 13.7658879 ], [ 100.4479123, 13.7904356 ], [ 100.4517876, 13.9176861 ], [ 100.5524261, 13.9113797 ], [ 100.5521227, 13.9096613 ], [ 100.5497675, 13.9099326 ], [ 100.5481637, 13.9101761 ], [ 100.5387881, 13.9109045 ], [ 100.5381971, 13.9024581 ], [ 100.4988896, 13.9103 ] ] } },
{ "type": "Feature", "properties": { "route_id": 15261661, "name": "210 (2-27) สถานีรถไฟฟ้าบางหว้า - เมืองทองธานี", "ref": "210 (2-27)", "from_stop": "", "to_stop": "", "operator": "TSB", "network": "TSB", "route_type": "bus", "coord_count": 42 }, "geometry": { "type": "LineString", "coordinates": [ [ 100.4955442, 13.9138575 ], [ 100.5019099, 13.9083951 ], [ 100.5029128, 13.9081723 ], [ 100.5509974, 13.9151991 ], [ 100.4496243, 13.8045124 ], [ 100.449667, 13.8045267 ], [ 100.4493952, 13.8097239 ], [ 100.4494393, 13.8097337 ], [ 100.4488968, 13.8187071 ], [ 100.4489248, 13.8187169 ], [ 100.4479743, 13.8265299 ], [ 100.4480476, 13.8265385 ], [ 100.4573981, 13.7226293 ], [ 100.4975427, 13.9117137 ], [ 100.4968224, 13.9129664 ], [ 100.4679492, 13.9250459 ], [ 100.4474729, 13.7469832 ], [ 100.4448295, 13.7520493 ], [ 100.4442983, 13.7524995 ], [ 100.441175, 13.752232 ], [ 100.4470388, 13.7419325 ], [ 100.4556616, 13.7257204 ], [ 100.4539519, 13.7275008 ], [ 100.450208, 13.7315991 ], [ 100.4489683, 13.7334162 ], [ 100.445526, 13.7546559 ], [ 100.4450169, 13.7583637 ], [ 100.4442885, 13.766136 ], [ 100.4474765, 13.7369745 ], [ 100.4474652, 13.790696 ], [ 100.4512602, 13.9176323 ], [ 100.4868062, 13.9210426 ], [ 100.5380964, 13.9020271 ], [ 100.5380047, 13.9045242 ], [ 100.5378896, 13.9062431 ], [ 100.5386583, 13.9110167 ], [ 100.5402619, 13.9116552 ], [ 100.5498102, 13.9101387 ], [ 100.5483653, 13.9104092 ], [ 100.550911, 13.9154331 ], [ 100.5510908, 13.9116825 ], [ 100.4988896, 13.9103 ] ] } },
{ "type": "Feature", "properties": { "route_id": 15268646, "name": "2-17 วงกลม : สถานีรถไฟบางซื่อ - ม.เกษตรศาสตร์ (วนขวา)", "ref": "2-17", "from_stop": "", "to_stop": "", "operator": "TSB", "network": "TSB", "route_type": "bus", "coord_count": 38 }, "geometry": { "type": "LineString", "coordinates": [ [ 100.5394622, 13.8032714 ], [ 100.5670452, 13.8249185 ], [ 100.5655041, 13.8223302 ], [ 100.563992, 13.8197434 ], [ 100.5629618, 13.8179263 ], [ 100.5322369, 13.830833 ], [ 100.5344943, 13.8309736 ], [ 100.5372673, 13.8307382 ], [ 100.5295488, 13.8295091 ], [ 100.5264991, 13.826706 ], [ 100.5243683, 13.8247513 ], [ 100.5150236, 13.8155246 ], [ 100.5229124, 13.8234274 ], [ 100.5211062, 13.8217913 ], [ 100.5195295, 13.8203747 ], [ 100.5179641, 13.818961 ], [ 100.5184868, 13.8138234 ], [ 100.5211312, 13.8138287 ], [ 100.5216828, 13.8104968 ], [ 100.5215146, 13.8071058 ], [ 100.5307215, 13.7950932 ], [ 100.5314939, 13.7964988 ], [ 100.5329833, 13.7992354 ], [ 100.5344996, 13.8019776 ], [ 100.5287519, 13.8063016 ], [ 100.525596, 13.8063132 ], [ 100.5228044, 13.8063221 ], [ 100.5323365, 13.8058547 ], [ 100.5469026, 13.8558681 ], [ 100.5493125, 13.8545035 ], [ 100.5516825, 13.8531682 ], [ 100.5552822, 13.8511653 ], [ 100.5576208, 13.849868 ], [ 100.5746331, 13.8378371 ], [ 100.5730666, 13.8352154 ], [ 100.5509873, 13.7969982 ], [ 100.5501941, 13.7948002 ], [ 100.5495225, 13.7929764 ] ] } },
{ "type": "Feature", "properties": { "route_id": 15268647, "name": "2-17 วงกลม : สถานีรถไฟบางซื่อ - ม.เกษตรศาสตร์ (วนซ้าย)", "ref": "2-17", "from_stop": "", "to_stop": "", "operator": "TSB", "network": "TSB", "route_type": "bus", "coord_count": 30 }, "geometry": { "type": "LineString", "coordinates": [ [ 100.5394622, 13.8032714 ], [ 100.561455, 13.8161295 ], [ 100.5541188, 13.8037679 ], [ 100.5534966, 13.8027584 ], [ 100.531944, 13.8303992 ], [ 100.5342232, 13.830661 ], [ 100.5374269, 13.8304005 ], [ 100.5296545, 13.8291587 ], [ 100.5246213, 13.8246741 ], [ 100.527237, 13.8270115 ], [ 100.523058, 13.8232611 ], [ 100.5215222, 13.8218533 ], [ 100.5202786, 13.8207329 ], [ 100.5180945, 13.81874 ], [ 100.5180772, 13.8139286 ], [ 100.5206248, 13.8147441 ], [ 100.5219, 13.8114822 ], [ 100.5217344, 13.807864 ], [ 100.530659, 13.7946634 ], [ 100.5322147, 13.7975106 ], [ 100.5346016, 13.8018739 ], [ 100.5229172, 13.8065057 ], [ 100.5255452, 13.8065077 ], [ 100.5284068, 13.8064989 ], [ 100.5318504, 13.8061862 ], [ 100.5568522, 13.849907 ], [ 100.5551318, 13.8508667 ], [ 100.5512102, 13.8530633 ], [ 100.548699, 13.8544636 ], [ 100.5470006, 13.8554256 ] ] } },
{ "type": "Feature", "properties": { "route_id": 15268703, "name": "1-33 บางเขน - สถานีรถไฟบางซื่อ", "ref": "1-33", "from_stop": "", "to_stop": "", "operator": "TSB", "network": "TSB", "route_type": "bus", "coord_count": 9 }, "geometry": { "type": "LineString", "coordinates": [ [ 100.5394622, 13.8032714 ], [ 100.593655, 13.8706376 ], [ 100.6017377, 13.8716413 ], [ 100.5999859, 13.8725306 ], [ 100.597545, 13.8741702 ], [ 100.6047974, 13.8699325 ], [ 100.6071603, 13.8686562 ], [ 100.6105721, 13.866823 ], [ 100.613327, 13.8653543 ] ] } },
{ "type": "Feature", "properties": { "route_id": 15268704, "name": "1-33 สถานีรถไฟบางซื่อ - บางเขน", "ref": "1-33", "from_stop": "", "to_stop": "", "operator": "TSB", "network": "TSB", "route_type": "bus", "coord_count": 9 }, "geometry": { "type": "LineString", "coordinates": [ [ 100.5948514, 13.8721725 ], [ 100.5394622, 13.8032714 ], [ 100.6013372, 13.871433 ], [ 100.5994714, 13.8724065 ], [ 100.6130199, 13.8651342 ], [ 100.6103701, 13.8665532 ], [ 100.6062097, 13.8688139 ], [ 100.6046439, 13.8696555 ], [ 100.5573852, 13.839602 ] ] } },
{ "type": "Feature", "properties": { "route_id": 15283716, "name": "1-32E บางเขน - สถานีรถไฟฟ้าตลาดพลู", "ref": "1-32E", "from_stop": "", "to_stop": "", "operator": "TSB", "network": "TSB", "route_type": "bus", "coord_count": 27 }, "geometry": { "type": "LineString", "coordinates": [ [ 100.47754, 13.7155577 ], [ 100.5948514, 13.8721725 ], [ 100.4921168, 13.7239107 ], [ 100.5002483, 13.7206386 ], [ 100.4767994, 13.7288026 ], [ 100.5928039, 13.8686929 ], [ 100.5912653, 13.8660849 ], [ 100.5896585, 13.8633715 ], [ 100.6074806, 13.7773593 ], [ 100.608015, 13.7813991 ], [ 100.6077519, 13.7794448 ], [ 100.5286913, 13.7212172 ], [ 100.4780813, 13.7171457 ], [ 100.4752102, 13.7276647 ], [ 100.4787897, 13.7285366 ], [ 100.4807819, 13.728226 ], [ 100.4830163, 13.7278665 ], [ 100.4898158, 13.7267443 ], [ 100.6125167, 13.7938921 ], [ 100.613764, 13.7967928 ], [ 100.6168389, 13.8036862 ], [ 100.6155552, 13.8007312 ], [ 100.618975, 13.8084888 ], [ 100.6215169, 13.8129296 ], [ 100.622697, 13.8147886 ], [ 100.6251884, 13.8187255 ], [ 100.6270429, 13.822396 ] ] } },
{ "type": "Feature", "properties": { "route_id": 15283717, "name": "1-32E สถานีรถไฟฟ้าตลาดพลู - บางเขน", "ref": "1-32E", "from_stop": "", "to_stop": "", "operator": "TSB", "network": "TSB", "route_type": "bus", "coord_count": 23 }, "geometry": { "type": "LineString", "coordinates": [ [ 100.47754, 13.7155577 ], [ 100.4935155, 13.72566 ], [ 100.5014919, 13.7212984 ], [ 100.593655, 13.8706376 ], [ 100.5924629, 13.8685972 ], [ 100.5903535, 13.8650291 ], [ 100.5890188, 13.8628171 ], [ 100.4894763, 13.7270064 ], [ 100.6067313, 13.7764843 ], [ 100.6072488, 13.7800109 ], [ 100.4777882, 13.716909 ], [ 100.4748823, 13.7275749 ], [ 100.4761209, 13.7293192 ], [ 100.4794365, 13.7287397 ], [ 100.4829895, 13.7281181 ], [ 100.6111882, 13.7932509 ], [ 100.6129141, 13.7966191 ], [ 100.6258739, 13.8215029 ], [ 100.6150223, 13.8010638 ], [ 100.6162996, 13.803972 ], [ 100.6178846, 13.807382 ], [ 100.6248151, 13.8197052 ], [ 100.6228762, 13.8166144 ] ] } },
{ "type": "Feature", "properties": { "route_id": 15283797, "name": "152 (1-49) พระจอมเกล้าลาดกระบัง - แฮปปี้แลนด์", "ref": "152 (1-49)", "from_stop": "", "to_stop": "", "operator": "TSB", "network": "TSB", "route_type": "bus", "coord_count": 65 }, "geometry": { "type": "LineString", "coordinates": [ [ 100.6419014, 13.7695996 ], [ 100.7809785, 13.7303133 ], [ 100.7196739, 13.7541335 ], [ 100.7196862, 13.7546018 ], [ 100.716186, 13.731919 ], [ 100.716044, 13.7352871 ], [ 100.7162592, 13.7417723 ], [ 100.6470325, 13.7663643 ], [ 100.7464832, 13.7228664 ], [ 100.673756, 13.7768254 ], [ 100.6713749, 13.7755476 ], [ 100.6690175, 13.7742383 ], [ 100.6671611, 13.7732151 ], [ 100.6641386, 13.7714362 ], [ 100.6627463, 13.7705423 ], [ 100.6602335, 13.769041 ], [ 100.658284, 13.7677885 ], [ 100.6477634, 13.762836 ], [ 100.6512489, 13.7638817 ], [ 100.6539021, 13.7652068 ], [ 100.655128, 13.7658974 ], [ 100.7010795, 13.7918987 ], [ 100.6993464, 13.790906 ], [ 100.6957538, 13.788934 ], [ 100.6935446, 13.7877408 ], [ 100.6914209, 13.7865492 ], [ 100.6896206, 13.7855881 ], [ 100.681177, 13.7809509 ], [ 100.6787766, 13.7796236 ], [ 100.7195819, 13.7675272 ], [ 100.7221412, 13.7661291 ], [ 100.7251661, 13.764711 ], [ 100.728679, 13.7625194 ], [ 100.7170496, 13.7688479 ], [ 100.6441237, 13.7803308 ], [ 100.6475402, 13.7678732 ], [ 100.647282, 13.7695697 ], [ 100.6471242, 13.7715968 ], [ 100.6457661, 13.7741454 ], [ 100.6450517, 13.7755936 ], [ 100.6444218, 13.7778554 ], [ 100.6416824, 13.771545 ], [ 100.6414283, 13.7740339 ], [ 100.6412601, 13.7755904 ], [ 100.6412997, 13.7789646 ], [ 100.7782278, 13.7289278 ], [ 100.7781659, 13.7267606 ], [ 100.7802805, 13.7228544 ], [ 100.7998334, 13.7183025 ], [ 100.7976934, 13.7190993 ], [ 100.7958864, 13.719771 ], [ 100.7831573, 13.72201 ], [ 100.7865331, 13.7220754 ], [ 100.7864461, 13.7218343 ], [ 100.7841855, 13.7218013 ], [ 100.7825457, 13.7217728 ], [ 100.7960822, 13.7199689 ], [ 100.7930005, 13.7210771 ], [ 100.7924659, 13.7209942 ], [ 100.7771616, 13.7216428 ], [ 100.7757045, 13.7215841 ], [ 100.7748162, 13.7215866 ], [ 100.7737776, 13.7216234 ], [ 100.7721779, 13.721611 ], [ 100.7687812, 13.7215672 ] ] } },
{ "type": "Feature", "properties": { "route_id": 15283798, "name": "152 (1-49) แฮปปี้แลนด์ - พระจอมเกล้าลาดกระบัง", "ref": "152 (1-49)", "from_stop": "", "to_stop": "", "operator": "TSB", "network": "TSB", "route_type": "bus", "coord_count": 38 }, "geometry": { "type": "LineString", "coordinates": [ [ 100.7809694, 13.730561 ], [ 100.6419014, 13.7695996 ], [ 100.7779711, 13.7291115 ], [ 100.7780424, 13.7269494 ], [ 100.7801951, 13.7226945 ], [ 100.7797971, 13.7246672 ], [ 100.7771397, 13.7219726 ], [ 100.7747532, 13.7219331 ], [ 100.7724112, 13.7219039 ], [ 100.7688635, 13.7218219 ], [ 100.7288701, 13.7552019 ], [ 100.72938, 13.7547246 ], [ 100.6477063, 13.7630536 ], [ 100.649247, 13.7633597 ], [ 100.6506763, 13.7639229 ], [ 100.6538315, 13.7654607 ], [ 100.656019, 13.7666778 ], [ 100.671153, 13.7758019 ], [ 100.6688931, 13.7745599 ], [ 100.6650959, 13.7723372 ], [ 100.663095, 13.771057 ], [ 100.6601024, 13.7692484 ], [ 100.6580956, 13.767958 ], [ 100.6748841, 13.7778433 ], [ 100.6790881, 13.7801554 ], [ 100.6812234, 13.7813636 ], [ 100.6891369, 13.7857123 ], [ 100.6930897, 13.7878814 ], [ 100.6958777, 13.7894152 ], [ 100.6991149, 13.7911913 ], [ 100.7174255, 13.7688139 ], [ 100.720165, 13.7673854 ], [ 100.7224098, 13.7661518 ], [ 100.7252466, 13.7648516 ], [ 100.7283672, 13.7629046 ], [ 100.7198206, 13.7531525 ], [ 100.7165829, 13.7461041 ], [ 100.716505, 13.7447259 ] ] } },
{ "type": "Feature", "properties": { "route_id": 15283992, "name": "92 (1-41) เคหะร่มเกล้า - แฮปปี้แลนด์", "ref": "92 (1-41)", "from_stop": "", "to_stop": "", "operator": "TSB", "network": "TSB", "route_type": "bus", "coord_count": 67 }, "geometry": { "type": "LineString", "coordinates": [ [ 100.6419014, 13.7695996 ], [ 100.7279862, 13.7590802 ], [ 100.6470325, 13.7663643 ], [ 100.6416824, 13.771545 ], [ 100.6414283, 13.7740339 ], [ 100.6412601, 13.7755904 ], [ 100.6369858, 13.7359834 ], [ 100.6348268, 13.7362322 ], [ 100.6687807, 13.7186846 ], [ 100.6665031, 13.7183449 ], [ 100.6639037, 13.7178452 ], [ 100.7464591, 13.7722316 ], [ 100.7464624, 13.7696413 ], [ 100.7464516, 13.766843 ], [ 100.7464601, 13.7630345 ], [ 100.746545, 13.7534323 ], [ 100.7465803, 13.7509838 ], [ 100.7466615, 13.7490454 ], [ 100.7467554, 13.7463463 ], [ 100.7466774, 13.7448535 ], [ 100.7467127, 13.7423958 ], [ 100.7467174, 13.7401659 ], [ 100.7466569, 13.7375458 ], [ 100.7466504, 13.7361023 ], [ 100.7466607, 13.7343236 ], [ 100.7299448, 13.7630814 ], [ 100.7319567, 13.7658465 ], [ 100.7323279, 13.7685427 ], [ 100.7323365, 13.770648 ], [ 100.7333541, 13.773307 ], [ 100.7365552, 13.7735214 ], [ 100.7444609, 13.7740141 ], [ 100.7399908, 13.7738061 ], [ 100.7467708, 13.726908 ], [ 100.6180964, 13.7595569 ], [ 100.6125138, 13.7545597 ], [ 100.6144771, 13.7565013 ], [ 100.6228216, 13.7602484 ], [ 100.6270932, 13.7607263 ], [ 100.6313122, 13.7612199 ], [ 100.6347865, 13.7616055 ], [ 100.6380937, 13.761999 ], [ 100.6394807, 13.7621509 ], [ 100.6454953, 13.7635099 ], [ 100.6441237, 13.7803308 ], [ 100.6475402, 13.7678732 ], [ 100.647282, 13.7695697 ], [ 100.6471242, 13.7715968 ], [ 100.6457661, 13.7741454 ], [ 100.6450517, 13.7755936 ], [ 100.6444218, 13.7778554 ], [ 100.6412997, 13.7789646 ], [ 100.6459093, 13.7338063 ], [ 100.6484331, 13.7325748 ], [ 100.6508169, 13.7314568 ], [ 100.6533412, 13.7302642 ], [ 100.6566691, 13.7274656 ], [ 100.6273021, 13.7370691 ], [ 100.6295813, 13.7367616 ], [ 100.6317759, 13.7366145 ], [ 100.7379057, 13.7222586 ], [ 100.7358567, 13.7222596 ], [ 100.7334986, 13.7222186 ], [ 100.7311143, 13.722176 ], [ 100.7436491, 13.7223776 ], [ 100.6068141, 13.7489683 ], [ 100.609143, 13.7511958 ] ] } },
{ "type": "Feature", "properties": { "route_id": 15283993, "name": "92 (1-41) แฮปปี้แลนด์ - เคหะร่มเกล้า", "ref": "92 (1-41)", "from_stop": "", "to_stop": "", "operator": "TSB", "network": "TSB", "route_type": "bus", "coord_count": 61 }, "geometry": { "type": "LineString", "coordinates": [ [ 100.6419014, 13.7695996 ], [ 100.7279862, 13.7590802 ], [ 100.6641191, 13.7181967 ], [ 100.6668974, 13.7186549 ], [ 100.668831, 13.7189321 ], [ 100.7462293, 13.7578247 ], [ 100.746207, 13.7630173 ], [ 100.7462018, 13.7665481 ], [ 100.746205, 13.7688311 ], [ 100.746204, 13.7718126 ], [ 100.7453393, 13.7738928 ], [ 100.7403239, 13.7736529 ], [ 100.7365171, 13.773353 ], [ 100.7464113, 13.7339733 ], [ 100.7464023, 13.7359721 ], [ 100.7464178, 13.7382857 ], [ 100.7464588, 13.7399746 ], [ 100.7464471, 13.7429112 ], [ 100.7464532, 13.7454943 ], [ 100.7463929, 13.7488455 ], [ 100.7463746, 13.7499473 ], [ 100.7463266, 13.7511584 ], [ 100.7307453, 13.7638414 ], [ 100.7325183, 13.7693139 ], [ 100.7325282, 13.7717174 ], [ 100.7289681, 13.7614893 ], [ 100.7462962, 13.7271668 ], [ 100.7464832, 13.7228664 ], [ 100.6426949, 13.7622391 ], [ 100.6403755, 13.7620057 ], [ 100.6367027, 13.7616002 ], [ 100.6334772, 13.7612301 ], [ 100.6306998, 13.7609139 ], [ 100.6260065, 13.7603756 ], [ 100.6160354, 13.7577153 ], [ 100.6213153, 13.7598292 ], [ 100.6146753, 13.7563712 ], [ 100.6127055, 13.7543645 ], [ 100.6460517, 13.7339816 ], [ 100.649474, 13.732358 ], [ 100.6532059, 13.7305926 ], [ 100.6569339, 13.7274816 ], [ 100.6585367, 13.723222 ], [ 100.631924, 13.7368173 ], [ 100.6294285, 13.7371147 ], [ 100.6272718, 13.7373413 ], [ 100.6356568, 13.7363697 ], [ 100.7311302, 13.7224187 ], [ 100.7340396, 13.7224716 ], [ 100.7386771, 13.7225433 ], [ 100.7413635, 13.7225824 ], [ 100.7439454, 13.722629 ], [ 100.7223827, 13.7221874 ], [ 100.725507, 13.7222188 ], [ 100.728552, 13.722338 ], [ 100.7036553, 13.7217951 ], [ 100.7073236, 13.7220049 ], [ 100.7109162, 13.7221788 ], [ 100.7133702, 13.7221997 ], [ 100.7166432, 13.7222523 ], [ 100.7194176, 13.7222279 ] ] } },
{ "type": "Feature", "properties": { "route_id": 15283995, "name": "S3 (559) รังสิต - ท่าอากาศยานสุวรรณภูมิ", "ref": "S3 (559)", "from_stop": "", "to_stop": "", "operator": "", "network": "TSB", "route_type": "bus", "coord_count": 23 }, "geometry": { "type": "LineString", "coordinates": [ [ 100.6082971, 13.9873844 ], [ 100.69156, 13.8061469 ], [ 100.7633175, 13.7113176 ], [ 100.7605279, 13.7120123 ], [ 100.7533917, 13.7138711 ], [ 100.677316, 13.8247325 ], [ 100.6801851, 13.8219898 ], [ 100.6833125, 13.8189648 ], [ 100.6846966, 13.8176446 ], [ 100.6862984, 13.8161206 ], [ 100.6872917, 13.8133438 ], [ 100.6886772, 13.8113391 ], [ 100.6905447, 13.8087052 ], [ 100.6909196, 13.8015679 ], [ 100.6850689, 13.7925039 ], [ 100.6873152, 13.793515 ], [ 100.6892272, 13.7943382 ], [ 100.6893403, 14.0010984 ], [ 100.6908535, 14.0017895 ], [ 100.6952148, 14.003643 ], [ 100.6975168, 14.0046579 ], [ 100.6813958, 13.999073 ], [ 100.6852632, 13.9998738 ] ] } },
{ "type": "Feature", "properties": { "route_id": 15283996, "name": "S3 (559) ท่าอากาศยานสุวรรณภูมิ - รังสิต", "ref": "S3 (559)", "from_stop": "", "to_stop": "", "operator": "", "network": "TSB", "route_type": "bus", "coord_count": 31 }, "geometry": { "type": "LineString", "coordinates": [ [ 100.6074477, 13.9868205 ], [ 100.6861021, 13.8158061 ], [ 100.6828773, 13.8188483 ], [ 100.6914685, 13.8045593 ], [ 100.761974, 13.7112842 ], [ 100.7604316, 13.7116672 ], [ 100.6907648, 13.7960505 ], [ 100.6896498, 13.7986495 ], [ 100.690967, 13.8024292 ], [ 100.6849441, 13.7927924 ], [ 100.687224, 13.7937414 ], [ 100.6883948, 13.7942735 ], [ 100.6891139, 13.7945569 ], [ 100.6902403, 13.8087098 ], [ 100.6891392, 13.8102515 ], [ 100.6876565, 13.8123549 ], [ 100.6803089, 13.821243 ], [ 100.6942412, 14.0028179 ], [ 100.692489, 14.0020993 ], [ 100.6895025, 14.0008291 ], [ 100.6886971, 14.0004651 ], [ 100.6808241, 13.998512 ], [ 100.6829155, 13.9989963 ], [ 100.6851135, 13.9994778 ], [ 100.6594829, 13.9940525 ], [ 100.6622194, 13.994592 ], [ 100.6666665, 13.9954279 ], [ 100.6679614, 13.9957111 ], [ 100.6725836, 13.9967171 ], [ 100.6744944, 13.9971088 ], [ 100.6778199, 13.9978277 ] ] } },
{ "type": "Feature", "properties": { "route_id": 15283998, "name": "8 (2-38) แฮปปี้แลนด์ - สะพานพุทธ", "ref": "8 (2-38)", "from_stop": "", "to_stop": "", "operator": "TSB", "network": "TSB", "route_type": "bus", "coord_count": 36 }, "geometry": { "type": "LineString", "coordinates": [ [ 100.4978467, 13.7401553 ], [ 100.6424357, 13.7674149 ], [ 100.5374584, 13.764699 ], [ 100.5279473, 13.766819 ], [ 100.5398857, 13.7674918 ], [ 100.5471218, 13.7862728 ], [ 100.5096016, 13.7555166 ], [ 100.5093136, 13.7532992 ], [ 100.640015, 13.7687356 ], [ 100.6386891, 13.7695367 ], [ 100.6368961, 13.770564 ], [ 100.6346282, 13.7718321 ], [ 100.6322084, 13.7731925 ], [ 100.6296873, 13.7746123 ], [ 100.6274614, 13.7758612 ], [ 100.6249308, 13.7772626 ], [ 100.6224347, 13.7786522 ], [ 100.6104933, 13.7853261 ], [ 100.6123485, 13.7842957 ], [ 100.6153305, 13.7826348 ], [ 100.6191025, 13.7805202 ], [ 100.6067673, 13.7874163 ], [ 100.6044841, 13.7887015 ], [ 100.6023075, 13.7899115 ], [ 100.6004691, 13.7909482 ], [ 100.5970342, 13.792862 ], [ 100.59499, 13.7940232 ], [ 100.5034398, 13.7426998 ], [ 100.5050793, 13.7448146 ], [ 100.5241724, 13.7623547 ], [ 100.5225093, 13.7617788 ], [ 100.5211303, 13.7584302 ], [ 100.5410995, 13.7697313 ], [ 100.5509873, 13.7969982 ], [ 100.5501941, 13.7948002 ], [ 100.5495225, 13.7929764 ] ] } },
{ "type": "Feature", "properties": { "route_id": 15283999, "name": "8 (2-38) สะพานพุทธ - แฮปปี้แลนด์", "ref": "8 (2-38)", "from_stop": "", "to_stop": "", "operator": "TSB", "network": "TSB", "route_type": "bus", "coord_count": 38 }, "geometry": { "type": "LineString", "coordinates": [ [ 100.4978467, 13.7401553 ], [ 100.537986, 13.7658134 ], [ 100.5534966, 13.8027584 ], [ 100.5541188, 13.8037679 ], [ 100.6432028, 13.7802589 ], [ 100.4961835, 13.742268 ], [ 100.563246, 13.8119927 ], [ 100.5649022, 13.8110885 ], [ 100.568297, 13.809179 ], [ 100.5700689, 13.8081947 ], [ 100.5721001, 13.807109 ], [ 100.5951023, 13.7941863 ], [ 100.5973454, 13.79295 ], [ 100.6004825, 13.791202 ], [ 100.6027269, 13.7899386 ], [ 100.6046105, 13.7888713 ], [ 100.6065381, 13.7878207 ], [ 100.6105559, 13.7855595 ], [ 100.6124987, 13.7844644 ], [ 100.6151465, 13.783 ], [ 100.6385804, 13.7698947 ], [ 100.6367446, 13.770928 ], [ 100.634122, 13.772388 ], [ 100.6315085, 13.7738424 ], [ 100.6303167, 13.7745145 ], [ 100.6275052, 13.7760756 ], [ 100.6252479, 13.7773396 ], [ 100.6234868, 13.7783139 ], [ 100.6203843, 13.7800574 ], [ 100.6189204, 13.7808777 ], [ 100.4962111, 13.7439278 ], [ 100.6404983, 13.7688488 ], [ 100.541733, 13.772033 ], [ 100.5398137, 13.7679206 ], [ 100.5242867, 13.7626354 ], [ 100.5210475, 13.7585655 ], [ 100.5223887, 13.7619014 ], [ 100.501895, 13.7470886 ] ] } },
{ "type": "Feature", "properties": { "route_id": 15284808, "name": "4-68 สวนผัก - ถนนตก", "ref": "4-68", "from_stop": "", "to_stop": "", "operator": "TSB", "network": "TSB", "route_type": "bus", "coord_count": 44 }, "geometry": { "type": "LineString", "coordinates": [ [ 100.484065, 13.7711293 ], [ 100.5291355, 13.7342923 ], [ 100.5294139, 13.736137 ], [ 100.529702, 13.7381985 ], [ 100.5300542, 13.7405426 ], [ 100.5071075, 13.756458 ], [ 100.4503692, 13.7971444 ], [ 100.4479123, 13.7904356 ], [ 100.5043336, 13.7036952 ], [ 100.5006528, 13.7003748 ], [ 100.4884052, 13.7656139 ], [ 100.530414, 13.732345 ], [ 100.4983751, 13.6982878 ], [ 100.5057963, 13.7050005 ], [ 100.5071856, 13.7062743 ], [ 100.5065749, 13.7058962 ], [ 100.5104042, 13.7092111 ], [ 100.5087601, 13.7076968 ], [ 100.4938954, 13.6942909 ], [ 100.5304872, 13.7435144 ], [ 100.4806447, 13.7893766 ], [ 100.4833564, 13.7884727 ], [ 100.485106, 13.7878868 ], [ 100.4878345, 13.786987 ], [ 100.4780943, 13.7902129 ], [ 100.4746801, 13.7895924 ], [ 100.4619171, 13.7860143 ], [ 100.4566758, 13.7844407 ], [ 100.4450732, 13.780958 ], [ 100.491652, 13.7826381 ], [ 100.4898919, 13.7815682 ], [ 100.4867407, 13.7789502 ], [ 100.4854854, 13.7774537 ], [ 100.4835433, 13.7751566 ], [ 100.5345701, 13.7285062 ], [ 100.5158695, 13.7202055 ], [ 100.4705196, 13.7884492 ], [ 100.4959263, 13.6961334 ], [ 100.5277878, 13.7547817 ], [ 100.5246078, 13.7559216 ], [ 100.5227957, 13.7243275 ], [ 100.5207919, 13.7235996 ], [ 100.51737, 13.7223773 ], [ 100.5310647, 13.7272758 ] ] } },
{ "type": "Feature", "properties": { "route_id": 15284809, "name": "4-68 ถนนตก - สวนผัก", "ref": "4-68", "from_stop": "", "to_stop": "", "operator": "TSB", "network": "TSB", "route_type": "bus", "coord_count": 48 }, "geometry": { "type": "LineString", "coordinates": [ [ 100.5288227, 13.7340804 ], [ 100.5291586, 13.7361738 ], [ 100.5294507, 13.7381189 ], [ 100.5298947, 13.7410141 ], [ 100.5303629, 13.7443552 ], [ 100.506975, 13.7563015 ], [ 100.4503692, 13.7971444 ], [ 100.4879947, 13.7652886 ], [ 100.4474652, 13.790696 ], [ 100.4835788, 13.7709813 ], [ 100.5039481, 13.7035067 ], [ 100.5002191, 13.7001173 ], [ 100.5023587, 13.7020592 ], [ 100.500132, 13.756808 ], [ 100.5159889, 13.7207712 ], [ 100.4984641, 13.6985522 ], [ 100.5082678, 13.7074205 ], [ 100.505215, 13.7046628 ], [ 100.5120136, 13.7116241 ], [ 100.512816, 13.7134726 ], [ 100.5135639, 13.7151576 ], [ 100.5141231, 13.716449 ], [ 100.4943274, 13.6947957 ], [ 100.4747243, 13.7893166 ], [ 100.4775548, 13.7899003 ], [ 100.4803389, 13.7891378 ], [ 100.4828437, 13.788297 ], [ 100.4860183, 13.7872705 ], [ 100.4887762, 13.7863219 ], [ 100.4536743, 13.7830128 ], [ 100.4572822, 13.7840911 ], [ 100.4614884, 13.785346 ], [ 100.482872, 13.774719 ], [ 100.4851828, 13.7774599 ], [ 100.4865506, 13.779053 ], [ 100.4886819, 13.7810523 ], [ 100.4913258, 13.7827259 ], [ 100.5173506, 13.7225949 ], [ 100.5200469, 13.7235696 ], [ 100.5215159, 13.7240815 ], [ 100.5314676, 13.752007 ], [ 100.5334699, 13.728363 ], [ 100.5311468, 13.72755 ], [ 100.5353832, 13.7298722 ], [ 100.4957953, 13.696151 ], [ 100.5279643, 13.7544814 ], [ 100.5244766, 13.7557325 ], [ 100.5098511, 13.7088695 ] ] } },
{ "type": "Feature", "properties": { "route_id": 15321436, "name": "4 (3-36) ท่าเรือคลองเตย - ท่าน้ำภาษีเจริญ", "ref": "4 (3-36)", "from_stop": "", "to_stop": "", "operator": "TSB", "network": "TSB", "route_type": "bus", "coord_count": 28 }, "geometry": { "type": "LineString", "coordinates": [ [ 100.563743, 13.7097638 ], [ 100.4666109, 13.7204742 ], [ 100.5409739, 13.7275528 ], [ 100.5179834, 13.7369281 ], [ 100.4777992, 13.7210093 ], [ 100.4898158, 13.7267443 ], [ 100.4937946, 13.7278386 ], [ 100.4943705, 13.7294583 ], [ 100.5577735, 13.7189145 ], [ 100.5611837, 13.7161696 ], [ 100.5644109, 13.7131822 ], [ 100.4735144, 13.7197839 ], [ 100.4763405, 13.720597 ], [ 100.4809408, 13.7219006 ], [ 100.4834604, 13.7226428 ], [ 100.485616, 13.7244885 ], [ 100.5353832, 13.7298722 ], [ 100.5494243, 13.7240187 ], [ 100.5034398, 13.7426998 ], [ 100.4712982, 13.7186433 ], [ 100.467774, 13.7186053 ], [ 100.5123253, 13.7384508 ], [ 100.5108666, 13.7396852 ], [ 100.507711, 13.7415174 ], [ 100.5054593, 13.7436567 ], [ 100.5632989, 13.7152921 ], [ 100.5234179, 13.7348082 ], [ 100.5264863, 13.7335351 ] ] } },
{ "type": "Feature", "properties": { "route_id": 15321437, "name": "4 (3-36) ท่าน้ำภาษีเจริญ - ท่าเรือคลองเตย", "ref": "4 (3-36)", "from_stop": "", "to_stop": "", "operator": "TSB", "network": "TSB", "route_type": "bus", "coord_count": 29 }, "geometry": { "type": "LineString", "coordinates": [ [ 100.563743, 13.7097638 ], [ 100.4666109, 13.7204742 ], [ 100.5579154, 13.7195849 ], [ 100.4771305, 13.7209248 ], [ 100.4934799, 13.7278771 ], [ 100.4939907, 13.7293657 ], [ 100.5646709, 13.7130565 ], [ 100.5641338, 13.7096121 ], [ 100.4747482, 13.7202385 ], [ 100.4800473, 13.721777 ], [ 100.483724, 13.7228904 ], [ 100.4862215, 13.72529 ], [ 100.4894763, 13.7270064 ], [ 100.5320991, 13.7316382 ], [ 100.530414, 13.732345 ], [ 100.5347562, 13.7305216 ], [ 100.5492578, 13.7244531 ], [ 100.4667261, 13.7202343 ], [ 100.4668142, 13.7191055 ], [ 100.46823, 13.7186392 ], [ 100.4713331, 13.7188763 ], [ 100.5148025, 13.7394364 ], [ 100.560538, 13.7166804 ], [ 100.5637676, 13.7153716 ], [ 100.5199323, 13.7364899 ], [ 100.5221915, 13.7355861 ], [ 100.523896, 13.7349011 ], [ 100.5255442, 13.7342503 ], [ 100.5408752, 13.7279766 ] ] } },
{ "type": "Feature", "properties": { "route_id": 15338096, "name": "84 (4-46) วัดไร่ขิง - สถานีรถไฟฟ้ากรุงธนบุรี", "ref": "84 (4-46)", "from_stop": "", "to_stop": "", "operator": "TSB", "network": "TSB", "route_type": "bus", "coord_count": 76 }, "geometry": { "type": "LineString", "coordinates": [ [ 100.5040349, 13.7211974 ], [ 100.5014919, 13.7212984 ], [ 100.2592608, 13.7415286 ], [ 100.5002483, 13.7206386 ], [ 100.5089638, 13.7280992 ], [ 100.4080676, 13.7109713 ], [ 100.509106, 13.7226233 ], [ 100.3752279, 13.7082761 ], [ 100.3772155, 13.7084293 ], [ 100.3798424, 13.7086413 ], [ 100.3825429, 13.708842 ], [ 100.3847004, 13.7090195 ], [ 100.3879537, 13.7093057 ], [ 100.3901666, 13.7094709 ], [ 100.3929381, 13.7096675 ], [ 100.3947038, 13.7098126 ], [ 100.4894763, 13.7270064 ], [ 100.2562167, 13.7218042 ], [ 100.2623983, 13.7144194 ], [ 100.2645866, 13.7117592 ], [ 100.2688212, 13.7096816 ], [ 100.2727928, 13.7092765 ], [ 100.278464, 13.7087137 ], [ 100.2839172, 13.7081874 ], [ 100.2875021, 13.7078387 ], [ 100.2894575, 13.7076365 ], [ 100.2935832, 13.7072292 ], [ 100.3006807, 13.7065674 ], [ 100.3041087, 13.7061868 ], [ 100.3099016, 13.7056011 ], [ 100.3133368, 13.7052807 ], [ 100.3153958, 13.7050949 ], [ 100.3196301, 13.7046647 ], [ 100.3248657, 13.7042805 ], [ 100.3288567, 13.7044916 ], [ 100.3349765, 13.7049987 ], [ 100.3375088, 13.7052035 ], [ 100.3394443, 13.7053494 ], [ 100.3513438, 13.7062943 ], [ 100.3536094, 13.7065028 ], [ 100.3562352, 13.7066956 ], [ 100.3482992, 13.7060478 ], [ 100.3440211, 13.7057258 ], [ 100.3418351, 13.7055486 ], [ 100.3664754, 13.7075506 ], [ 100.3686949, 13.7077167 ], [ 100.3702123, 13.7078103 ], [ 100.3599371, 13.7070207 ], [ 100.3631364, 13.7072975 ], [ 100.4022927, 13.7104474 ], [ 100.4107104, 13.7111234 ], [ 100.4134491, 13.7113291 ], [ 100.4172049, 13.7116705 ], [ 100.4194539, 13.7118574 ], [ 100.424643, 13.7122477 ], [ 100.2589936, 13.7184751 ], [ 100.2414073, 13.7395677 ], [ 100.2489146, 13.7305484 ], [ 100.2506048, 13.7285337 ], [ 100.2526378, 13.7260873 ], [ 100.2585088, 13.7407722 ], [ 100.2566284, 13.7418987 ], [ 100.2502067, 13.7424461 ], [ 100.2452418, 13.7421812 ], [ 100.2405647, 13.7409246 ], [ 100.4612447, 13.7226666 ], [ 100.4598674, 13.7219364 ], [ 100.4652913, 13.7248821 ], [ 100.4688465, 13.7268395 ], [ 100.4714206, 13.7282511 ], [ 100.4761209, 13.7293192 ], [ 100.4794365, 13.7287397 ], [ 100.4829895, 13.7281181 ], [ 100.3996976, 13.710252 ], [ 100.3722547, 13.7079991 ], [ 100.4339161, 13.7129821 ] ] } },
{ "type": "Feature", "properties": { "route_id": 15338097, "name": "84 (4-46) สถานีรถไฟฟ้ากรุงธนบุรี - วัดไร่ขิง", "ref": "84 (4-46)", "from_stop": "", "to_stop": "", "operator": "TSB", "network": "TSB", "route_type": "bus", "coord_count": 72 }, "geometry": { "type": "LineString", "coordinates": [ [ 100.5040349, 13.7211974 ], [ 100.2591723, 13.741678 ], [ 100.4008331, 13.7100093 ], [ 100.5088119, 13.7277657 ], [ 100.499864, 13.7278172 ], [ 100.4767994, 13.7288026 ], [ 100.3418472, 13.7052364 ], [ 100.3397286, 13.7050638 ], [ 100.3354166, 13.7047183 ], [ 100.3925324, 13.7093281 ], [ 100.3846241, 13.7086845 ], [ 100.3829899, 13.7085373 ], [ 100.3802697, 13.7083171 ], [ 100.37765, 13.7081124 ], [ 100.3748045, 13.7078634 ], [ 100.3977491, 13.7097635 ], [ 100.3945693, 13.7094894 ], [ 100.3901933, 13.7091508 ], [ 100.3875957, 13.7089522 ], [ 100.2616825, 13.7146938 ], [ 100.2589758, 13.7179383 ], [ 100.2641775, 13.7117017 ], [ 100.2688225, 13.7093181 ], [ 100.272277, 13.7089643 ], [ 100.2775757, 13.7084481 ], [ 100.3041237, 13.7058313 ], [ 100.3101246, 13.7052279 ], [ 100.3132988, 13.7049364 ], [ 100.3152957, 13.7047387 ], [ 100.3196554, 13.7043081 ], [ 100.323647, 13.7038851 ], [ 100.3290872, 13.7041184 ], [ 100.2870562, 13.7075177 ], [ 100.29043, 13.7071903 ], [ 100.2937053, 13.7068292 ], [ 100.2963765, 13.7065308 ], [ 100.3694755, 13.707462 ], [ 100.3667635, 13.7072765 ], [ 100.3441421, 13.7054209 ], [ 100.3485002, 13.7057934 ], [ 100.3514156, 13.7060382 ], [ 100.3537077, 13.7061933 ], [ 100.3562994, 13.7064098 ], [ 100.360474, 13.7067577 ], [ 100.3628619, 13.7069338 ], [ 100.416747, 13.7112973 ], [ 100.4140816, 13.7111005 ], [ 100.4117884, 13.7108803 ], [ 100.4096173, 13.7107115 ], [ 100.4195635, 13.7115402 ], [ 100.4234917, 13.7118764 ], [ 100.4270222, 13.7121635 ], [ 100.244303, 13.7354945 ], [ 100.2411269, 13.7393178 ], [ 100.2484864, 13.7304656 ], [ 100.2503025, 13.7282955 ], [ 100.2526039, 13.725568 ], [ 100.2396943, 13.7409535 ], [ 100.2404723, 13.7410129 ], [ 100.2452123, 13.7422926 ], [ 100.2501916, 13.7425731 ], [ 100.2566981, 13.7420446 ], [ 100.4628853, 13.7232331 ], [ 100.4652619, 13.7245379 ], [ 100.4693873, 13.726783 ], [ 100.4718274, 13.728066 ], [ 100.4597039, 13.7215307 ], [ 100.4787897, 13.7285366 ], [ 100.4807819, 13.728226 ], [ 100.4830163, 13.7278665 ], [ 100.4898158, 13.7267443 ], [ 100.4955289, 13.7267788 ] ] } },
{ "type": "Feature", "properties": { "route_id": 15338099, "name": "77 (3-45) เซ็นทรัลพระราม 3 - หมอชิต 2", "ref": "77 (3-45)", "from_stop": "", "to_stop": "", "operator": "TSB", "network": "TSB", "route_type": "bus", "coord_count": 30 }, "geometry": { "type": "LineString", "coordinates": [ [ 100.5381049, 13.6974649 ], [ 100.5380731, 13.7657563 ], [ 100.5541188, 13.8037679 ], [ 100.5534966, 13.8027584 ], [ 100.5404919, 13.7473108 ], [ 100.5159889, 13.7207712 ], [ 100.5497666, 13.8134811 ], [ 100.5186804, 13.7182267 ], [ 100.5406868, 13.7637208 ], [ 100.5373248, 13.7316867 ], [ 100.5381907, 13.7339384 ], [ 100.5404886, 13.7017182 ], [ 100.5380708, 13.705849 ], [ 100.5359378, 13.7100186 ], [ 100.5286913, 13.7212172 ], [ 100.5334699, 13.728363 ], [ 100.5311468, 13.72755 ], [ 100.5500252, 13.8127228 ], [ 100.5501896, 13.8261875 ], [ 100.5493233, 13.8243513 ], [ 100.5520093, 13.8282253 ], [ 100.5588242, 13.8142246 ], [ 100.5583285, 13.8188214 ], [ 100.5581299, 13.821977 ], [ 100.5577701, 13.8250213 ], [ 100.541733, 13.772033 ], [ 100.5398137, 13.7679206 ], [ 100.5389693, 13.7371917 ], [ 100.5393405, 13.7395572 ], [ 100.539723, 13.7421205 ] ] } },
{ "type": "Feature", "properties": { "route_id": 15338100, "name": "77 (3-45) หมอชิต 2 - เซ็นทรัลพระราม 3", "ref": "77 (3-45)", "from_stop": "", "to_stop": "", "operator": "TSB", "network": "TSB", "route_type": "bus", "coord_count": 36 }, "geometry": { "type": "LineString", "coordinates": [ [ 100.5381049, 13.6974649 ], [ 100.5384722, 13.7641638 ], [ 100.5410656, 13.6991809 ], [ 100.5391684, 13.6970718 ], [ 100.5407658, 13.7470321 ], [ 100.5333698, 13.6951154 ], [ 100.5497666, 13.8134811 ], [ 100.5217582, 13.7195346 ], [ 100.5236274, 13.7200849 ], [ 100.5398857, 13.7674918 ], [ 100.5471218, 13.7862728 ], [ 100.5345701, 13.7285062 ], [ 100.5158695, 13.7202055 ], [ 100.5426256, 13.6987676 ], [ 100.5367412, 13.7094808 ], [ 100.538963, 13.7052838 ], [ 100.5406934, 13.7022788 ], [ 100.5453243, 13.6960929 ], [ 100.526637, 13.7209887 ], [ 100.5352911, 13.7592845 ], [ 100.5366969, 13.7618132 ], [ 100.5400076, 13.7420514 ], [ 100.5395857, 13.7394394 ], [ 100.539204, 13.7369876 ], [ 100.5227957, 13.7243275 ], [ 100.5207919, 13.7235996 ], [ 100.51737, 13.7223773 ], [ 100.5410995, 13.7697313 ], [ 100.5370853, 13.7574182 ], [ 100.5384652, 13.7570995 ], [ 100.5411741, 13.7564679 ], [ 100.5416749, 13.7525418 ], [ 100.5509873, 13.7969982 ], [ 100.5501941, 13.7948002 ], [ 100.5495225, 13.7929764 ], [ 100.5310647, 13.7272758 ] ] } },
{ "type": "Feature", "properties": { "route_id": 15344979, "name": "120 (4-21) สมุทรสาคร - แยกบ้านแขก", "ref": "120 (4-21)", "from_stop": "", "to_stop": "", "operator": "Ampairungroj", "network": "TSB", "route_type": "bus", "coord_count": 57 }, "geometry": { "type": "LineString", "coordinates": [ [ 100.2608878, 13.5470466 ], [ 100.4956098, 13.733095 ], [ 100.5088119, 13.7277657 ], [ 100.5014919, 13.7212984 ], [ 100.3708331, 13.6377584 ], [ 100.3726911, 13.6393293 ], [ 100.3666878, 13.6341993 ], [ 100.3677752, 13.6351351 ], [ 100.4825556, 13.6962032 ], [ 100.4836709, 13.6995032 ], [ 100.4845533, 13.7020498 ], [ 100.4864542, 13.7075065 ], [ 100.4873205, 13.7100576 ], [ 100.4884896, 13.7133679 ], [ 100.4893465, 13.7159003 ], [ 100.4902547, 13.7185043 ], [ 100.2636124, 13.5479862 ], [ 100.265996, 13.5484582 ], [ 100.2685568, 13.5488993 ], [ 100.4619743, 13.6998251 ], [ 100.4650269, 13.6991261 ], [ 100.4678184, 13.6991612 ], [ 100.4701138, 13.6989147 ], [ 100.4717645, 13.6982067 ], [ 100.473701, 13.6973018 ], [ 100.4769886, 13.6957792 ], [ 100.4792676, 13.694721 ], [ 100.4589129, 13.6974044 ], [ 100.4599072, 13.6986991 ], [ 100.3010176, 13.5688455 ], [ 100.3021663, 13.5699135 ], [ 100.3045386, 13.5721894 ], [ 100.3092179, 13.5766347 ], [ 100.3183368, 13.5835676 ], [ 100.3305961, 13.5942549 ], [ 100.3346895, 13.5983364 ], [ 100.3360625, 13.6003219 ], [ 100.337991, 13.6030855 ], [ 100.4089261, 13.6649162 ], [ 100.4120952, 13.6667298 ], [ 100.4163764, 13.6691605 ], [ 100.4190571, 13.6706216 ], [ 100.4247034, 13.6735867 ], [ 100.4263768, 13.6744575 ], [ 100.4308888, 13.6769031 ], [ 100.4341794, 13.6787781 ], [ 100.4360012, 13.6798426 ], [ 100.4388577, 13.6814616 ], [ 100.4416257, 13.6830257 ], [ 100.444244, 13.6843826 ], [ 100.4467091, 13.6856117 ], [ 100.4490046, 13.6870386 ], [ 100.4512452, 13.6887711 ], [ 100.4531549, 13.6902389 ], [ 100.4544742, 13.6917725 ], [ 100.4557257, 13.6933991 ], [ 100.4572526, 13.695242 ] ] } },
{ "type": "Feature", "properties": { "route_id": 15344980, "name": "120 (4-21) แยกบ้านแขก - สมุทรสาคร", "ref": "120 (4-21)", "from_stop": "", "to_stop": "", "operator": "Ampairungroj", "network": "TSB", "route_type": "bus", "coord_count": 47 }, "geometry": { "type": "LineString", "coordinates": [ [ 100.4956098, 13.733095 ], [ 100.2618887, 13.5472562 ], [ 100.5002483, 13.7206386 ], [ 100.4906404, 13.718738 ], [ 100.5089638, 13.7280992 ], [ 100.509106, 13.7226233 ], [ 100.3653085, 13.632721 ], [ 100.3670107, 13.6341655 ], [ 100.3684781, 13.6354144 ], [ 100.4865561, 13.7067938 ], [ 100.4875642, 13.7097733 ], [ 100.4889574, 13.713834 ], [ 100.489799, 13.7162701 ], [ 100.4849014, 13.7020258 ], [ 100.4840053, 13.6994491 ], [ 100.4827778, 13.6959161 ], [ 100.2700601, 13.5489366 ], [ 100.2660505, 13.5482032 ], [ 100.4582388, 13.6963162 ], [ 100.459809, 13.6983571 ], [ 100.4617111, 13.6998222 ], [ 100.4652122, 13.6989945 ], [ 100.4682445, 13.6990663 ], [ 100.4705273, 13.6986429 ], [ 100.4718767, 13.6980345 ], [ 100.4744098, 13.6968454 ], [ 100.4771505, 13.6955985 ], [ 100.4794627, 13.6945017 ], [ 100.4445767, 13.6843759 ], [ 100.4425401, 13.6832536 ], [ 100.4409982, 13.6824164 ], [ 100.4389079, 13.6812267 ], [ 100.4350662, 13.6790308 ], [ 100.4298481, 13.676039 ], [ 100.4268342, 13.6744416 ], [ 100.4247431, 13.6733333 ], [ 100.4189482, 13.6702822 ], [ 100.4165512, 13.6689963 ], [ 100.4130633, 13.6669948 ], [ 100.4093798, 13.6648975 ], [ 100.4463607, 13.6853723 ], [ 100.4572496, 13.6950476 ], [ 100.4558822, 13.6933934 ], [ 100.4550077, 13.6922648 ], [ 100.4531502, 13.6900676 ], [ 100.451035, 13.6884626 ], [ 100.4486805, 13.6866929 ] ] } },
{ "type": "Feature", "properties": { "route_id": 15348633, "name": "529E (4-29E) แสมดำ - หมอชิต 2 (ทางด่วน)", "ref": "529E (4-29E)", "from_stop": "", "to_stop": "", "operator": "TSB", "network": "TSB", "route_type": "bus", "coord_count": 56 }, "geometry": { "type": "LineString", "coordinates": [ [ 100.3644111, 13.5973219 ], [ 100.5497666, 13.8134811 ], [ 100.4925208, 13.6822037 ], [ 100.4448596, 13.666133 ], [ 100.3888817, 13.6220751 ], [ 100.4783713, 13.6824083 ], [ 100.4744861, 13.6814417 ], [ 100.4716629, 13.6807096 ], [ 100.4679758, 13.6796862 ], [ 100.4666167, 13.679114 ], [ 100.4622218, 13.6766263 ], [ 100.3722349, 13.6052147 ], [ 100.3819666, 13.6150679 ], [ 100.4178961, 13.6482698 ], [ 100.4139842, 13.645368 ], [ 100.4208025, 13.6504437 ], [ 100.4223116, 13.6515284 ], [ 100.4246453, 13.6532696 ], [ 100.4288892, 13.6563998 ], [ 100.4564426, 13.6731121 ], [ 100.4582183, 13.6742058 ], [ 100.4499979, 13.6692121 ], [ 100.4416151, 13.6641696 ], [ 100.4395618, 13.6629625 ], [ 100.4356226, 13.6605387 ], [ 100.4311642, 13.6578492 ], [ 100.4061092, 13.6393764 ], [ 100.4031167, 13.6364291 ], [ 100.4007128, 13.6340022 ], [ 100.3944561, 13.6276737 ], [ 100.3928319, 13.6260254 ], [ 100.5127078, 13.6689106 ], [ 100.5753582, 13.8181436 ], [ 100.5750936, 13.8114079 ], [ 100.5752921, 13.8153944 ], [ 100.5744767, 13.8215402 ], [ 100.5730448, 13.8236965 ], [ 100.3869552, 13.6201161 ], [ 100.5105242, 13.6702591 ], [ 100.5084435, 13.6714562 ], [ 100.481053, 13.6831098 ], [ 100.4942016, 13.6810177 ], [ 100.4971211, 13.6791043 ], [ 100.4987102, 13.6780623 ], [ 100.4999417, 13.6773208 ], [ 100.5045482, 13.6744098 ], [ 100.5670452, 13.8249185 ], [ 100.5655041, 13.8223302 ], [ 100.563992, 13.8197434 ], [ 100.5629618, 13.8179263 ], [ 100.5615517, 13.8155358 ], [ 100.5711165, 13.8253483 ], [ 100.548221, 13.7989218 ], [ 100.5481727, 13.8007799 ], [ 100.5071549, 13.6727948 ], [ 100.4599471, 13.6752534 ] ] } },
{ "type": "Feature", "properties": { "route_id": 15348634, "name": "529E (4-29E) หมอชิต 2 - แสมดำ (ทางด่วน)", "ref": "529E (4-29E)", "from_stop": "", "to_stop": "", "operator": "TSB", "network": "TSB", "route_type": "bus", "coord_count": 56 }, "geometry": { "type": "LineString", "coordinates": [ [ 100.5497666, 13.8134811 ], [ 100.3644111, 13.5973219 ], [ 100.364651, 13.5965059 ], [ 100.5127078, 13.6689106 ], [ 100.5534966, 13.8027584 ], [ 100.4291726, 13.6557283 ], [ 100.4252353, 13.6528184 ], [ 100.5754643, 13.8125854 ], [ 100.5756477, 13.8159756 ], [ 100.5731727, 13.8240295 ], [ 100.575057, 13.8209977 ], [ 100.3825132, 13.6146228 ], [ 100.3871041, 13.6192712 ], [ 100.3935161, 13.6257685 ], [ 100.3973315, 13.6296456 ], [ 100.4003992, 13.6326955 ], [ 100.4037764, 13.6361209 ], [ 100.4063852, 13.6387045 ], [ 100.4153396, 13.6455015 ], [ 100.5085268, 13.6715539 ], [ 100.5112902, 13.6701946 ], [ 100.5105242, 13.6702591 ], [ 100.5085268, 13.6715539 ], [ 100.5000408, 13.6768651 ], [ 100.4979906, 13.6781544 ], [ 100.4956573, 13.6796453 ], [ 100.4942464, 13.6805964 ], [ 100.4914845, 13.6825428 ], [ 100.4869313, 13.684054 ], [ 100.4850272, 13.6834099 ], [ 100.4818144, 13.6826057 ], [ 100.4783817, 13.6816648 ], [ 100.47502, 13.6808662 ], [ 100.4722481, 13.680149 ], [ 100.4684089, 13.6791021 ], [ 100.4667568, 13.6784369 ], [ 100.3728578, 13.6048446 ], [ 100.3636643, 13.5954957 ], [ 100.569873, 13.8263721 ], [ 100.5500252, 13.8127228 ], [ 100.4401228, 13.6624596 ], [ 100.4361263, 13.6600526 ], [ 100.5679063, 13.7559961 ], [ 100.5717129, 13.7677955 ], [ 100.56935, 13.764791 ], [ 100.5669768, 13.7616971 ], [ 100.4600131, 13.6744976 ], [ 100.447648, 13.6670128 ], [ 100.5039419, 13.6744209 ], [ 100.4627002, 13.6760925 ], [ 100.4613309, 13.6752688 ], [ 100.4560109, 13.6720502 ], [ 100.4506608, 13.6688298 ], [ 100.4490573, 13.6678577 ], [ 100.4451962, 13.6655162 ], [ 100.3893072, 13.6214787 ] ] } },
{ "type": "Feature", "properties": { "route_id": 15409047, "name": "122 (2-48) แฮปปี้แลนด์ - หมอชิต 2", "ref": "122 (2-48)", "from_stop": "แฮปปี้แลนด์", "to_stop": "หมอชิต 2", "operator": "smart bus", "network": "smart bus", "route_type": "bus", "coord_count": 32 }, "geometry": { "type": "LineString", "coordinates": [ [ 100.5497666, 13.8134811 ], [ 100.6419014, 13.7695996 ], [ 100.5726678, 13.7650097 ], [ 100.6426949, 13.7622391 ], [ 100.6403755, 13.7620057 ], [ 100.6367027, 13.7616002 ], [ 100.6334772, 13.7612301 ], [ 100.6306998, 13.7609139 ], [ 100.6260065, 13.7603756 ], [ 100.6213153, 13.7598292 ], [ 100.6148776, 13.7580258 ], [ 100.6112696, 13.7605873 ], [ 100.6047023, 13.7653415 ], [ 100.6063913, 13.7639307 ], [ 100.6078556, 13.762731 ], [ 100.6092637, 13.7615633 ], [ 100.6003487, 13.767374 ], [ 100.5951798, 13.7683384 ], [ 100.5595495, 13.8076559 ], [ 100.5598476, 13.8052499 ], [ 100.5600178, 13.8032421 ], [ 100.5603244, 13.7996514 ], [ 100.5605514, 13.7973937 ], [ 100.5609956, 13.7940534 ], [ 100.5612229, 13.7906852 ], [ 100.548221, 13.7989218 ], [ 100.5481727, 13.8007799 ], [ 100.5668755, 13.7886388 ], [ 100.5670194, 13.7863909 ], [ 100.5671173, 13.7836251 ], [ 100.567175, 13.7814503 ], [ 100.567037, 13.7796381 ] ] } },
{ "type": "Feature", "properties": { "route_id": 15409048, "name": "122 (2-48) หมอชิต 2 - แฮปปี้แลนด์", "ref": "Unknown", "from_stop": "หมอชิต 2", "to_stop": "แฮปปี้แลนด์", "operator": "smart bus", "network": "smart bus", "route_type": "bus", "coord_count": 41 }, "geometry": { "type": "LineString", "coordinates": [ [ 100.5497666, 13.8134811 ], [ 100.6419014, 13.7695996 ], [ 100.5747884, 13.7678513 ], [ 100.6470325, 13.7663643 ], [ 100.5534966, 13.8027584 ], [ 100.5541188, 13.8037679 ], [ 100.6180964, 13.7595569 ], [ 100.6228216, 13.7602484 ], [ 100.6270932, 13.7607263 ], [ 100.6313122, 13.7612199 ], [ 100.6347865, 13.7616055 ], [ 100.6380937, 13.761999 ], [ 100.6394807, 13.7621509 ], [ 100.6113692, 13.7607176 ], [ 100.6149471, 13.7582437 ], [ 100.6454953, 13.7635099 ], [ 100.6441237, 13.7803308 ], [ 100.6475402, 13.7678732 ], [ 100.647282, 13.7695697 ], [ 100.6471242, 13.7715968 ], [ 100.6457661, 13.7741454 ], [ 100.6450517, 13.7755936 ], [ 100.6444218, 13.7778554 ], [ 100.6416824, 13.771545 ], [ 100.6414283, 13.7740339 ], [ 100.6412601, 13.7755904 ], [ 100.6412997, 13.7789646 ], [ 100.6027534, 13.7682888 ], [ 100.6043675, 13.7702834 ], [ 100.6070137, 13.7718927 ], [ 100.6073518, 13.7633249 ], [ 100.6089134, 13.7620395 ], [ 100.5958967, 13.7683043 ], [ 100.600552, 13.767478 ], [ 100.5500252, 13.8127228 ], [ 100.5485475, 13.7991581 ], [ 100.5670312, 13.7792618 ], [ 100.5672725, 13.7809906 ], [ 100.5672105, 13.7830363 ], [ 100.5671105, 13.7862492 ], [ 100.5669615, 13.7879719 ] ] } },
{ "type": "Feature", "properties": { "route_id": 15409050, "name": "126 (1-13) ศูนย์ราชการฯ แจ้งวัฒนะ - คลองตัน", "ref": "126 (1-13)", "from_stop": "", "to_stop": "", "operator": "smart bus", "network": "smart bus", "route_type": "bus", "coord_count": 41 }, "geometry": { "type": "LineString", "coordinates": [ [ 100.5628995, 13.8820572 ], [ 100.5990825, 13.7489274 ], [ 100.5659001, 13.8811111 ], [ 100.5754643, 13.8125854 ], [ 100.5756477, 13.8159756 ], [ 100.5731727, 13.8240295 ], [ 100.575057, 13.8209977 ], [ 100.5928039, 13.8686929 ], [ 100.5896585, 13.8633715 ], [ 100.5912653, 13.8660849 ], [ 100.5948514, 13.8721725 ], [ 100.5935804, 13.8776979 ], [ 100.5905521, 13.8793609 ], [ 100.5852035, 13.8823667 ], [ 100.586162, 13.8818295 ], [ 100.6040583, 13.7477774 ], [ 100.569873, 13.8263721 ], [ 100.6146753, 13.7563712 ], [ 100.6127055, 13.7543645 ], [ 100.6113692, 13.7607176 ], [ 100.6149471, 13.7582437 ], [ 100.5951023, 13.7941863 ], [ 100.5973454, 13.79295 ], [ 100.6004825, 13.791202 ], [ 100.6027269, 13.7899386 ], [ 100.6046105, 13.7888713 ], [ 100.6065381, 13.7878207 ], [ 100.6070137, 13.7718927 ], [ 100.6074806, 13.7773593 ], [ 100.608015, 13.7813991 ], [ 100.6077519, 13.7794448 ], [ 100.6073518, 13.7633249 ], [ 100.6089134, 13.7620395 ], [ 100.6111882, 13.7932509 ], [ 100.6129141, 13.7966191 ], [ 100.5746331, 13.8378371 ], [ 100.5730666, 13.8352154 ], [ 100.6125167, 13.7938921 ], [ 100.613764, 13.7967928 ], [ 100.5688557, 13.8883051 ], [ 100.5691246, 13.8892413 ] ] } },
{ "type": "Feature", "properties": { "route_id": 15409051, "name": "126 (1-13) คลองตัน - ศูนย์ราชการฯ แจ้งวัฒนะ", "ref": "126 (1-13)", "from_stop": "", "to_stop": "", "operator": "smart bus", "network": "smart bus", "route_type": "bus", "coord_count": 33 }, "geometry": { "type": "LineString", "coordinates": [ [ 100.5990825, 13.7489274 ], [ 100.5628995, 13.8820572 ], [ 100.5753582, 13.8181436 ], [ 100.5750936, 13.8114079 ], [ 100.5752921, 13.8153944 ], [ 100.5744767, 13.8215402 ], [ 100.5730448, 13.8236965 ], [ 100.5924629, 13.8685972 ], [ 100.5903535, 13.8650291 ], [ 100.5890188, 13.8628171 ], [ 100.5901426, 13.879268 ], [ 100.5856103, 13.8818337 ], [ 100.5711165, 13.8253483 ], [ 100.6125138, 13.7545597 ], [ 100.6144771, 13.7565013 ], [ 100.6148776, 13.7580258 ], [ 100.6112696, 13.7605873 ], [ 100.6067673, 13.7874163 ], [ 100.6044841, 13.7887015 ], [ 100.6023075, 13.7899115 ], [ 100.6004691, 13.7909482 ], [ 100.5970342, 13.792862 ], [ 100.59499, 13.7940232 ], [ 100.6067313, 13.7764843 ], [ 100.6072488, 13.7800109 ], [ 100.6027534, 13.7682888 ], [ 100.6043675, 13.7702834 ], [ 100.6047023, 13.7653415 ], [ 100.6063913, 13.7639307 ], [ 100.6078556, 13.762731 ], [ 100.6092637, 13.7615633 ], [ 100.6068141, 13.7489683 ], [ 100.609143, 13.7511958 ] ] } },
{ "type": "Feature", "properties": { "route_id": 15409379, "name": "167 (4-26) เคหะธนบุรี - สวนลุมพินี", "ref": "167 (4-26)", "from_stop": "", "to_stop": "", "operator": "smart bus", "network": "smart bus", "route_type": "bus", "coord_count": 30 }, "geometry": { "type": "LineString", "coordinates": [ [ 100.5409739, 13.7275528 ], [ 100.4978287, 13.6966129 ], [ 100.5008442, 13.6934316 ], [ 100.5026846, 13.6914792 ], [ 100.5040009, 13.6905776 ], [ 100.5069697, 13.6899899 ], [ 100.5217582, 13.7195346 ], [ 100.5236274, 13.7200849 ], [ 100.4825556, 13.6962032 ], [ 100.4836709, 13.6995032 ], [ 100.4845533, 13.7020498 ], [ 100.4871682, 13.7039902 ], [ 100.4619743, 13.6998251 ], [ 100.4650269, 13.6991261 ], [ 100.4678184, 13.6991612 ], [ 100.4701138, 13.6989147 ], [ 100.4717645, 13.6982067 ], [ 100.473701, 13.6973018 ], [ 100.4769886, 13.6957792 ], [ 100.4792676, 13.694721 ], [ 100.4589129, 13.6974044 ], [ 100.4599072, 13.6986991 ], [ 100.526637, 13.7209887 ], [ 100.4208025, 13.6504437 ], [ 100.4223116, 13.6515284 ], [ 100.4246453, 13.6532696 ], [ 100.4288892, 13.6563998 ], [ 100.4467091, 13.6856117 ], [ 100.49627, 13.6982173 ], [ 100.4191445, 13.6502589 ] ] } },
{ "type": "Feature", "properties": { "route_id": 15409380, "name": "167 (4-26) สวนลุมพินี - เคหะธนบุรี", "ref": "167 (4-26)", "from_stop": "", "to_stop": "", "operator": "smart bus", "network": "smart bus", "route_type": "bus", "coord_count": 30 }, "geometry": { "type": "LineString", "coordinates": [ [ 100.4849014, 13.7020258 ], [ 100.4827778, 13.6959161 ], [ 100.4139842, 13.645368 ], [ 100.4178961, 13.6482698 ], [ 100.4463607, 13.6853723 ], [ 100.5056348, 13.6896848 ], [ 100.4978449, 13.6960059 ], [ 100.5044438, 13.6899628 ], [ 100.5078604, 13.6895191 ], [ 100.5007357, 13.6929205 ], [ 100.5409739, 13.7275528 ], [ 100.5345701, 13.7285062 ], [ 100.4874186, 13.7034902 ], [ 100.4840053, 13.6994491 ], [ 100.4582388, 13.6963162 ], [ 100.459809, 13.6983571 ], [ 100.4617111, 13.6998222 ], [ 100.4652122, 13.6989945 ], [ 100.4682445, 13.6990663 ], [ 100.4705273, 13.6986429 ], [ 100.4718767, 13.6980345 ], [ 100.4744098, 13.6968454 ], [ 100.4771505, 13.6955985 ], [ 100.4794627, 13.6945017 ], [ 100.5286913, 13.7212172 ], [ 100.5021511, 13.6914096 ], [ 100.4963794, 13.697618 ], [ 100.4191445, 13.6502589 ], [ 100.529324, 13.7243303 ], [ 100.5310647, 13.7272758 ] ] } },
{ "type": "Feature", "properties": { "route_id": 15409382, "name": "1-31 ศูนย์ราชการฯ แจ้งวัฒนะ - คลองหลวง", "ref": "1-31", "from_stop": "", "to_stop": "", "operator": "TSB", "network": "TSB", "route_type": "bus", "coord_count": 7 }, "geometry": { "type": "LineString", "coordinates": [ [ 100.7101233, 14.0717237 ], [ 100.5659001, 13.8811111 ], [ 100.616886, 14.060238 ], [ 100.6164329, 14.0490103 ], [ 100.6160553, 14.04004 ], [ 100.5688557, 13.8883051 ], [ 100.5691246, 13.8892413 ] ] } },
{ "type": "Feature", "properties": { "route_id": 15409383, "name": "1-31 คลองหลวง - ศูนย์ราชการฯ แจ้งวัฒนะ", "ref": "1-31", "from_stop": "", "to_stop": "", "operator": "TSB", "network": "TSB", "route_type": "bus", "coord_count": 12 }, "geometry": { "type": "LineString", "coordinates": [ [ 100.5659001, 13.8811111 ], [ 100.7103604, 14.071715 ], [ 100.6174985, 14.0602686 ], [ 100.6154737, 13.9908192 ], [ 100.6229253, 13.9487311 ], [ 100.6170322, 14.0488758 ], [ 100.6166627, 14.039733 ], [ 100.617313, 14.056373 ], [ 100.5992358, 13.8795883 ], [ 100.6025046, 13.885199 ], [ 100.6012336, 13.8830222 ], [ 100.6161466, 13.9872721 ] ] } },
{ "type": "Feature", "properties": { "route_id": 15410324, "name": "12 (3-37) ศูนย์วัฒนธรรมแห่งประเทศไทย - สถานีรถไฟฟ้าสนามไชย", "ref": "12 (3-37)", "from_stop": "", "to_stop": "", "operator": "TSB", "network": "TSB", "route_type": "bus", "coord_count": 25 }, "geometry": { "type": "LineString", "coordinates": [ [ 100.5747884, 13.7678513 ], [ 100.5726678, 13.7650097 ], [ 100.5681057, 13.7775609 ], [ 100.5671726, 13.7751143 ], [ 100.5641095, 13.7755147 ], [ 100.5624417, 13.7752307 ], [ 100.5612637, 13.7744857 ], [ 100.5537563, 13.7608954 ], [ 100.5521771, 13.7616893 ], [ 100.5503128, 13.7626215 ], [ 100.5458694, 13.763376 ], [ 100.5294315, 13.7711669 ], [ 100.5406868, 13.7637208 ], [ 100.5374584, 13.764699 ], [ 100.512709, 13.778749 ], [ 100.5112135, 13.7755821 ], [ 100.5107212, 13.7745597 ], [ 100.5097292, 13.7725086 ], [ 100.5087046, 13.7703864 ], [ 100.5033267, 13.7589151 ], [ 100.5046886, 13.7569391 ], [ 100.501551, 13.7552416 ], [ 100.5011061, 13.7527083 ], [ 100.495062, 13.74728 ], [ 100.4956964, 13.7455187 ] ] } },
{ "type": "Feature", "properties": { "route_id": 15410325, "name": "12 (3-37) สถานีรถไฟฟ้าสนามไชย - ศูนย์วัฒนธรรมแห่งประเทศไทย", "ref": "12 (3-37)", "from_stop": "", "to_stop": "", "operator": "TSB", "network": "TSB", "route_type": "bus", "coord_count": 16 }, "geometry": { "type": "LineString", "coordinates": [ [ 100.5747884, 13.7678513 ], [ 100.5391867, 13.7653062 ], [ 100.4956964, 13.7455187 ], [ 100.5446513, 13.7633488 ], [ 100.5085404, 13.7704505 ], [ 100.5098597, 13.7731774 ], [ 100.5107039, 13.774908 ], [ 100.5122167, 13.7780482 ], [ 100.5409478, 13.763859 ], [ 100.5511977, 13.762463 ], [ 100.5533071, 13.7613993 ], [ 100.5678788, 13.7766624 ], [ 100.5657947, 13.7754537 ], [ 100.562102, 13.7751134 ], [ 100.5637717, 13.7756133 ], [ 100.5021169, 13.7580943 ] ] } },
{ "type": "Feature", "properties": { "route_id": 15410327, "name": "71 (1-39) สวนสยาม - คลองเตย", "ref": "71 (1-39)", "from_stop": "", "to_stop": "", "operator": "TSB", "network": "TSB", "route_type": "bus", "coord_count": 41 }, "geometry": { "type": "LineString", "coordinates": [ [ 100.651357, 13.8124586 ], [ 100.6761986, 13.8251238 ], [ 100.5607048, 13.7343138 ], [ 100.5600033, 13.7299485 ], [ 100.5604995, 13.7261245 ], [ 100.5604033, 13.7235948 ], [ 100.6914685, 13.8045593 ], [ 100.5831506, 13.720841 ], [ 100.581136, 13.7222791 ], [ 100.5952678, 13.7160576 ], [ 100.5785161, 13.7241236 ], [ 100.5762427, 13.7256995 ], [ 100.5733352, 13.7277658 ], [ 100.5700844, 13.730058 ], [ 100.6876565, 13.8123549 ], [ 100.6891392, 13.8102515 ], [ 100.6902403, 13.8087098 ], [ 100.6426949, 13.7622391 ], [ 100.6403755, 13.7620057 ], [ 100.6367027, 13.7616002 ], [ 100.6334772, 13.7612301 ], [ 100.6306998, 13.7609139 ], [ 100.6260065, 13.7603756 ], [ 100.6160354, 13.7577153 ], [ 100.6213153, 13.7598292 ], [ 100.6146753, 13.7563712 ], [ 100.6127055, 13.7543645 ], [ 100.650216, 13.7878096 ], [ 100.6488289, 13.7857635 ], [ 100.6537335, 13.7739216 ], [ 100.6531951, 13.7756697 ], [ 100.6519915, 13.7782109 ], [ 100.6502467, 13.7808911 ], [ 100.6492537, 13.782197 ], [ 100.646609, 13.7660442 ], [ 100.6541409, 13.7720165 ], [ 100.6507827, 13.76788 ], [ 100.6490265, 13.7665288 ], [ 100.6522215, 13.8144601 ], [ 100.5644109, 13.7131822 ], [ 100.5587328, 13.7187662 ] ] } },
{ "type": "Feature", "properties": { "route_id": 15410328, "name": "71 (1-39) คลองเตย - สวนสยาม", "ref": "71 (1-39)", "from_stop": "", "to_stop": "", "operator": "TSB", "network": "TSB", "route_type": "bus", "coord_count": 50 }, "geometry": { "type": "LineString", "coordinates": [ [ 100.6914685, 13.8045593 ], [ 100.5592825, 13.721402 ], [ 100.5601205, 13.7264855 ], [ 100.5597023, 13.7295819 ], [ 100.5585977, 13.7193262 ], [ 100.594993, 13.7157335 ], [ 100.5919572, 13.7148054 ], [ 100.5889859, 13.7169545 ], [ 100.5877235, 13.7178424 ], [ 100.5779938, 13.7247389 ], [ 100.5758339, 13.7262693 ], [ 100.5737929, 13.7276983 ], [ 100.572109, 13.7289099 ], [ 100.6658056, 13.8356785 ], [ 100.6675676, 13.8339778 ], [ 100.6704941, 13.8311564 ], [ 100.6872917, 13.8133438 ], [ 100.6886772, 13.8113391 ], [ 100.6905447, 13.8087052 ], [ 100.6180964, 13.7595569 ], [ 100.6228216, 13.7602484 ], [ 100.6270932, 13.7607263 ], [ 100.6313122, 13.7612199 ], [ 100.6347865, 13.7616055 ], [ 100.6380937, 13.761999 ], [ 100.6394807, 13.7621509 ], [ 100.6125138, 13.7545597 ], [ 100.6144771, 13.7565013 ], [ 100.6454953, 13.7635099 ], [ 100.6485826, 13.7858451 ], [ 100.6495716, 13.7872745 ], [ 100.6536705, 13.7717574 ], [ 100.6481321, 13.7833739 ], [ 100.6494823, 13.7816968 ], [ 100.6506467, 13.7801135 ], [ 100.6520647, 13.7777688 ], [ 100.6531437, 13.7754254 ], [ 100.6534342, 13.7742579 ], [ 100.6068141, 13.7489683 ], [ 100.609143, 13.7511958 ], [ 100.6512584, 13.8128645 ], [ 100.6478524, 13.802478 ], [ 100.6480927, 13.8058725 ], [ 100.6494254, 13.808625 ], [ 100.6522067, 13.8150022 ], [ 100.6534572, 13.8179703 ], [ 100.677316, 13.8247325 ], [ 100.5644109, 13.7131822 ], [ 100.5632989, 13.7152921 ], [ 100.5611837, 13.7161696 ] ] } },
{ "type": "Feature", "properties": { "route_id": 15410330, "name": "69E (2-18E) ตลาดท่าอิฐ - รามคำแหง", "ref": "69E (2-18E)", "from_stop": "", "to_stop": "", "operator": "TSB", "network": "TSB", "route_type": "bus", "coord_count": 19 }, "geometry": { "type": "LineString", "coordinates": [ [ 100.6347865, 13.7616055 ], [ 100.4598337, 13.8858433 ], [ 100.6180964, 13.7595569 ], [ 100.6228216, 13.7602484 ], [ 100.6270932, 13.7607263 ], [ 100.6313122, 13.7612199 ], [ 100.6144771, 13.7565013 ], [ 100.6125138, 13.7545597 ], [ 100.6068141, 13.7489683 ], [ 100.609143, 13.7511958 ], [ 100.5266234, 13.8586362 ], [ 100.5286508, 13.8583895 ], [ 100.5314413, 13.8580507 ], [ 100.573957, 13.747317 ], [ 100.5788856, 13.7462029 ], [ 100.5854489, 13.7447176 ], [ 100.588783, 13.7439464 ], [ 100.5925366, 13.7431148 ], [ 100.5954821, 13.7424683 ] ] } },
{ "type": "Feature", "properties": { "route_id": 15410331, "name": "69E (2-18E) รามคำแหง - ตลาดท่าอิฐ", "ref": "69E (2-18E)", "from_stop": "", "to_stop": "", "operator": "TSB", "network": "TSB", "route_type": "bus", "coord_count": 12 }, "geometry": { "type": "LineString", "coordinates": [ [ 100.4595021, 13.8856034 ], [ 100.6426949, 13.7622391 ], [ 100.6403755, 13.7620057 ], [ 100.6367027, 13.7616002 ], [ 100.6334772, 13.7612301 ], [ 100.6306998, 13.7609139 ], [ 100.6260065, 13.7603756 ], [ 100.6160354, 13.7577153 ], [ 100.6213153, 13.7598292 ], [ 100.6146753, 13.7563712 ], [ 100.6127055, 13.7543645 ], [ 100.5875818, 13.7440086 ] ] } },
{ "type": "Feature", "properties": { "route_id": 15414367, "name": "25 (3-6) โรงเรียนปทุมคงคา สมุทรปราการ - เอกมัย", "ref": "25 (3-6)", "from_stop": "โรงเรียนปทุมคงคา สมุทรปราการ", "to_stop": "เอกมัย", "operator": "Sai 25 Ruamjai", "network": "TSB", "route_type": "bus", "coord_count": 61 }, "geometry": { "type": "LineString", "coordinates": [ [ 100.5863715, 13.7187929 ], [ 100.6703408, 13.5659734 ], [ 100.666916, 13.5667234 ], [ 100.6602387, 13.5681581 ], [ 100.6571412, 13.5687904 ], [ 100.653758, 13.5695148 ], [ 100.6503761, 13.5702433 ], [ 100.6485501, 13.5706405 ], [ 100.6454773, 13.5712828 ], [ 100.641844, 13.5720455 ], [ 100.6386153, 13.572896 ], [ 100.6257083, 13.578713 ], [ 100.6080598, 13.5842588 ], [ 100.5962772, 13.5964657 ], [ 100.5888291, 13.6302476 ], [ 100.5977563, 13.6516965 ], [ 100.6092009, 13.6795724 ], [ 100.6829765, 13.5755324 ], [ 100.6072515, 13.674826 ], [ 100.6827571, 13.5705385 ], [ 100.6824164, 13.5646891 ], [ 100.6794935, 13.5640373 ], [ 100.676994, 13.5645656 ], [ 100.6723742, 13.5655481 ], [ 100.6356304, 13.5736061 ], [ 100.6226804, 13.5807243 ], [ 100.6201272, 13.582367 ], [ 100.6147331, 13.5845584 ], [ 100.6122015, 13.5855527 ], [ 100.6029768, 13.5781799 ], [ 100.5998065, 13.584682 ], [ 100.5972751, 13.5899285 ], [ 100.5973701, 13.5987907 ], [ 100.5969291, 13.6022164 ], [ 100.5953854, 13.606785 ], [ 100.5937845, 13.6111128 ], [ 100.5926648, 13.6141649 ], [ 100.5919002, 13.6163364 ], [ 100.5914719, 13.6174715 ], [ 100.5908764, 13.6191136 ], [ 100.5895867, 13.6226335 ], [ 100.5884588, 13.6257277 ], [ 100.5914114, 13.6361529 ], [ 100.5928638, 13.6396976 ], [ 100.5993004, 13.6553532 ], [ 100.5997071, 13.6563143 ], [ 100.60049, 13.6582402 ], [ 100.6019186, 13.6617889 ], [ 100.6071962, 13.6926295 ], [ 100.6019841, 13.7033727 ], [ 100.600826, 13.7056915 ], [ 100.5996568, 13.7081431 ], [ 100.5947883, 13.7125226 ], [ 100.5913325, 13.7130971 ], [ 100.5892642, 13.7126542 ], [ 100.5869069, 13.7127114 ], [ 100.5842847, 13.7147347 ], [ 100.6030067, 13.6644208 ], [ 100.6012728, 13.5816816 ], [ 100.6232451, 13.5803602 ], [ 100.6157765, 13.5841913 ] ] } },
{ "type": "Feature", "properties": { "route_id": 15414368, "name": "25 (3-6) เอกมัย - โรงเรียนปทุมคงคา สมุทรปราการ", "ref": "25 (3-6)", "from_stop": "เอกมัย", "to_stop": "โรงเรียนปทุมคงคา สมุทรปราการ", "operator": "Sai 25 Ruamjai", "network": "TSB", "route_type": "bus", "coord_count": 60 }, "geometry": { "type": "LineString", "coordinates": [ [ 100.5863715, 13.7187929 ], [ 100.5974672, 13.6502019 ], [ 100.5891358, 13.6299759 ], [ 100.5975845, 13.5959643 ], [ 100.6028886, 13.5788847 ], [ 100.6073598, 13.5833305 ], [ 100.6254562, 13.5791838 ], [ 100.6358356, 13.5738303 ], [ 100.6387364, 13.5731307 ], [ 100.6420705, 13.5723043 ], [ 100.6505863, 13.570502 ], [ 100.6532256, 13.5699359 ], [ 100.6579469, 13.5689297 ], [ 100.6452007, 13.571655 ], [ 100.6475299, 13.5711875 ], [ 100.6829765, 13.5755324 ], [ 100.6097014, 13.6800929 ], [ 100.6043374, 13.6669548 ], [ 100.6066767, 13.6726596 ], [ 100.6034496, 13.6648346 ], [ 100.602013, 13.6612652 ], [ 100.6006766, 13.6579629 ], [ 100.5998211, 13.655973 ], [ 100.5985461, 13.6528586 ], [ 100.5951111, 13.6444961 ], [ 100.5933204, 13.6400857 ], [ 100.5923113, 13.6375752 ], [ 100.5915085, 13.6356563 ], [ 100.5887109, 13.6258736 ], [ 100.5896948, 13.6232252 ], [ 100.591144, 13.619159 ], [ 100.5928099, 13.6145716 ], [ 100.5938008, 13.611836 ], [ 100.5955906, 13.6069347 ], [ 100.5976955, 13.5991457 ], [ 100.5975849, 13.5934804 ], [ 100.597487, 13.5900224 ], [ 100.598828, 13.5872574 ], [ 100.6000452, 13.5847478 ], [ 100.6014746, 13.5818069 ], [ 100.6136101, 13.5852758 ], [ 100.6208307, 13.5822435 ], [ 100.6607489, 13.5683379 ], [ 100.6672019, 13.566988 ], [ 100.6700873, 13.5663412 ], [ 100.6804244, 13.564189 ], [ 100.6823019, 13.5646634 ], [ 100.6826122, 13.5705421 ], [ 100.6653908, 13.5673738 ], [ 100.6105011, 13.6824802 ], [ 100.5954353, 13.7123469 ], [ 100.5919572, 13.7148054 ], [ 100.5889859, 13.7169545 ], [ 100.5877235, 13.7178424 ], [ 100.6023359, 13.7032421 ], [ 100.6010049, 13.7059822 ], [ 100.6004869, 13.7070274 ], [ 100.5972216, 13.6021276 ], [ 100.6192319, 13.5830472 ], [ 100.6237221, 13.5803232 ] ] } },
{ "type": "Feature", "properties": { "route_id": 15414999, "name": "2-34 วงกลม : สถานีรถไฟสามเสน - ดินแดง (วนขวา)", "ref": "2-34", "from_stop": "", "to_stop": "", "operator": "TSB", "network": "TSB", "route_type": "bus", "coord_count": 10 }, "geometry": { "type": "LineString", "coordinates": [ [ 100.5534966, 13.8027584 ], [ 100.5541188, 13.8037679 ], [ 100.5407658, 13.7470321 ], [ 100.5334091, 13.7456566 ], [ 100.5314911, 13.784293 ], [ 100.5458694, 13.763376 ], [ 100.5314676, 13.752007 ], [ 100.5321146, 13.7587752 ], [ 100.5425767, 13.7576831 ], [ 100.5426067, 13.7604858 ] ] } },
{ "type": "Feature", "properties": { "route_id": 15415000, "name": "2-34 วงกลม : สถานีรถไฟสามเสน - ดินแดง (วนซ้าย)", "ref": "Unknown", "from_stop": "", "to_stop": "", "operator": "", "network": "TSB", "route_type": "bus", "coord_count": 25 }, "geometry": { "type": "LineString", "coordinates": [ [ 100.5404919, 13.7473108 ], [ 100.5330435, 13.7458988 ], [ 100.5302532, 13.7805261 ], [ 100.5446513, 13.7633488 ], [ 100.5492835, 13.7672697 ], [ 100.5595495, 13.8076559 ], [ 100.5598476, 13.8052499 ], [ 100.5600178, 13.8032421 ], [ 100.5603244, 13.7996514 ], [ 100.5605514, 13.7973937 ], [ 100.5609956, 13.7940534 ], [ 100.5612229, 13.7906852 ], [ 100.5601365, 13.7864311 ], [ 100.558822, 13.7840301 ], [ 100.5561407, 13.7795484 ], [ 100.5546548, 13.776919 ], [ 100.5529263, 13.7737642 ], [ 100.5513652, 13.7707987 ], [ 100.5277878, 13.7547817 ], [ 100.5246078, 13.7559216 ], [ 100.5423759, 13.7579039 ], [ 100.5424022, 13.7608296 ], [ 100.5509873, 13.7969982 ], [ 100.5501941, 13.7948002 ], [ 100.5495225, 13.7929764 ] ] } },
{ "type": "Feature", "properties": { "route_id": 15419265, "name": "175 (2-22) ท่าน้ำนนทบุรี - ถนนตก", "ref": "175 (2-22)", "from_stop": "", "to_stop": "", "operator": "TSB", "network": "TSB", "route_type": "bus", "coord_count": 33 }, "geometry": { "type": "LineString", "coordinates": [ [ 100.4937418, 13.8428799 ], [ 100.4937279, 13.8429234 ], [ 100.511756, 13.8072001 ], [ 100.4935155, 13.72566 ], [ 100.49627, 13.6982173 ], [ 100.4938954, 13.6942909 ], [ 100.4715503, 13.7610637 ], [ 100.4906404, 13.718738 ], [ 100.470841, 13.7403082 ], [ 100.469303, 13.7575512 ], [ 100.4699833, 13.7592066 ], [ 100.491652, 13.7826381 ], [ 100.4898919, 13.7815682 ], [ 100.4867407, 13.7789502 ], [ 100.4854854, 13.7774537 ], [ 100.4835433, 13.7751566 ], [ 100.4871682, 13.7039902 ], [ 100.489799, 13.7162701 ], [ 100.4889574, 13.713834 ], [ 100.4875642, 13.7097733 ], [ 100.4865561, 13.7067938 ], [ 100.4795292, 13.7703867 ], [ 100.4783051, 13.7689734 ], [ 100.4767963, 13.7672144 ], [ 100.5117921, 13.8072218 ], [ 100.4894763, 13.7270064 ], [ 100.4761209, 13.7293192 ], [ 100.4794365, 13.7287397 ], [ 100.4829895, 13.7281181 ], [ 100.5152239, 13.8157852 ], [ 100.4959263, 13.6961334 ], [ 100.4729093, 13.7322 ], [ 100.4719565, 13.7340095 ] ] } },
{ "type": "Feature", "properties": { "route_id": 15419266, "name": "175 (2-22) ถนนตก - ท่าน้ำนนทบุรี", "ref": "175 (2-22)", "from_stop": "", "to_stop": "", "operator": "TSB", "network": "TSB", "route_type": "bus", "coord_count": 30 }, "geometry": { "type": "LineString", "coordinates": [ [ 100.4937418, 13.8428799 ], [ 100.4937279, 13.8429234 ], [ 100.5116266, 13.8070686 ], [ 100.5116746, 13.8071188 ], [ 100.4873205, 13.7100576 ], [ 100.4963794, 13.697618 ], [ 100.4943274, 13.6947957 ], [ 100.4921168, 13.7239107 ], [ 100.4767994, 13.7288026 ], [ 100.4690924, 13.7578341 ], [ 100.469533, 13.7589915 ], [ 100.4723327, 13.7623299 ], [ 100.4765228, 13.7672746 ], [ 100.4780998, 13.7691251 ], [ 100.4791446, 13.7703343 ], [ 100.482872, 13.774719 ], [ 100.4851828, 13.7774599 ], [ 100.4865506, 13.779053 ], [ 100.4886819, 13.7810523 ], [ 100.4913258, 13.7827259 ], [ 100.4874186, 13.7034902 ], [ 100.4864542, 13.7075065 ], [ 100.4884896, 13.7133679 ], [ 100.4893465, 13.7159003 ], [ 100.4902547, 13.7185043 ], [ 100.4787897, 13.7285366 ], [ 100.4807819, 13.728226 ], [ 100.4830163, 13.7278665 ], [ 100.4898158, 13.7267443 ], [ 100.4957953, 13.696151 ] ] } },
{ "type": "Feature", "properties": { "route_id": 15419268, "name": "97 (2-15) กระทรวงสาธารณสุข - โรงพยาบาลสงฆ์", "ref": "97 (2-15)", "from_stop": "", "to_stop": "", "operator": "TSB", "network": "TSB", "route_type": "bus", "coord_count": 25 }, "geometry": { "type": "LineString", "coordinates": [ [ 100.4937279, 13.8429234 ], [ 100.4937418, 13.8428799 ], [ 100.5256699, 13.8452901 ], [ 100.525656, 13.8453815 ], [ 100.5118464, 13.844088 ], [ 100.5119091, 13.8440694 ], [ 100.5394622, 13.8032714 ], [ 100.5374584, 13.764699 ], [ 100.5279473, 13.766819 ], [ 100.528171, 13.7608759 ], [ 100.5270099, 13.8463856 ], [ 100.5398857, 13.7674918 ], [ 100.5471218, 13.7862728 ], [ 100.5264991, 13.826706 ], [ 100.5243683, 13.8247513 ], [ 100.5157648, 13.8179201 ], [ 100.5229124, 13.8234274 ], [ 100.5211062, 13.8217913 ], [ 100.5195295, 13.8203747 ], [ 100.5179641, 13.818961 ], [ 100.530659, 13.7946634 ], [ 100.5322147, 13.7975106 ], [ 100.5346016, 13.8018739 ], [ 100.5318504, 13.8061862 ], [ 100.5410995, 13.7697313 ] ] } },
{ "type": "Feature", "properties": { "route_id": 15419269, "name": "97 (2-15) โรงพยาบาลสงฆ์ - กระทรวงสาธารณสุข", "ref": "97 (2-15)", "from_stop": "", "to_stop": "", "operator": "TSB", "network": "TSB", "route_type": "bus", "coord_count": 29 }, "geometry": { "type": "LineString", "coordinates": [ [ 100.4937279, 13.8429234 ], [ 100.4937418, 13.8428799 ], [ 100.5255752, 13.8453679 ], [ 100.525656, 13.8453815 ], [ 100.5256699, 13.8452901 ], [ 100.5380731, 13.7657563 ], [ 100.5394622, 13.8032714 ], [ 100.5139745, 13.8475603 ], [ 100.5139281, 13.8475913 ], [ 100.5115772, 13.844263 ], [ 100.5116365, 13.8442099 ], [ 100.5302341, 13.7599552 ], [ 100.528171, 13.7608759 ], [ 100.5255691, 13.8453969 ], [ 100.5246213, 13.8246741 ], [ 100.527237, 13.8270115 ], [ 100.5150236, 13.8155246 ], [ 100.523058, 13.8232611 ], [ 100.5215222, 13.8218533 ], [ 100.5202786, 13.8207329 ], [ 100.5180945, 13.81874 ], [ 100.5307215, 13.7950932 ], [ 100.5314939, 13.7964988 ], [ 100.5329833, 13.7992354 ], [ 100.5344996, 13.8019776 ], [ 100.5323365, 13.8058547 ], [ 100.541733, 13.772033 ], [ 100.5398137, 13.7679206 ], [ 100.5326622, 13.7588489 ] ] } },
{ "type": "Feature", "properties": { "route_id": 15431613, "name": "82 (4-15) ท่าน้ำพระประแดง - บางลำพู", "ref": "82 (4-15)", "from_stop": "ท่าน้ำพระประแดง", "to_stop": "บางลำพู", "operator": "TSB", "network": "TSB", "route_type": "bus", "coord_count": 33 }, "geometry": { "type": "LineString", "coordinates": [ [ 100.5351079, 13.6592588 ], [ 100.5085268, 13.6715539 ], [ 100.4921168, 13.7239107 ], [ 100.4825556, 13.6962032 ], [ 100.4836709, 13.6995032 ], [ 100.4845533, 13.7020498 ], [ 100.4864542, 13.7075065 ], [ 100.4873205, 13.7100576 ], [ 100.4884896, 13.7133679 ], [ 100.4893465, 13.7159003 ], [ 100.4902547, 13.7185043 ], [ 100.4939907, 13.7293657 ], [ 100.4934799, 13.7278771 ], [ 100.4987681, 13.7406718 ], [ 100.4961835, 13.742268 ], [ 100.4923547, 13.7565772 ], [ 100.4921642, 13.7597612 ], [ 100.4933394, 13.7620149 ], [ 100.4943947, 13.7628333 ], [ 100.4967343, 13.7607004 ], [ 100.4976122, 13.7577995 ], [ 100.4994863, 13.7603943 ], [ 100.4892937, 13.7518624 ], [ 100.4895037, 13.7542281 ], [ 100.4895749, 13.7555655 ], [ 100.5039419, 13.6744209 ], [ 100.4821878, 13.6891351 ], [ 100.4859799, 13.6864485 ], [ 100.4811871, 13.6904705 ], [ 100.4900864, 13.7477913 ], [ 100.4895712, 13.7500224 ], [ 100.5127078, 13.6689106 ], [ 100.5105242, 13.6702591 ] ] } },
{ "type": "Feature", "properties": { "route_id": 15431614, "name": "82 (4-15) บางลำพู - ท่าน้ำพระประแดง", "ref": "82 (4-15)", "from_stop": "บางลำพู", "to_stop": "ท่าน้ำพระประแดง", "operator": "TSB", "network": "TSB", "route_type": "bus", "coord_count": 32 }, "geometry": { "type": "LineString", "coordinates": [ [ 100.4994863, 13.7603943 ], [ 100.4935155, 13.72566 ], [ 100.481345, 13.6911278 ], [ 100.4825406, 13.6892614 ], [ 100.4827778, 13.6959161 ], [ 100.4849014, 13.7020258 ], [ 100.500132, 13.756808 ], [ 100.4979883, 13.7572484 ], [ 100.5351079, 13.6592588 ], [ 100.4906404, 13.718738 ], [ 100.4861234, 13.6867222 ], [ 100.489799, 13.7162701 ], [ 100.4889574, 13.713834 ], [ 100.4875642, 13.7097733 ], [ 100.4865561, 13.7067938 ], [ 100.4943705, 13.7294583 ], [ 100.4937946, 13.7278386 ], [ 100.4840053, 13.6994491 ], [ 100.4987681, 13.7406718 ], [ 100.499051, 13.743369 ], [ 100.4956964, 13.7455187 ], [ 100.492562, 13.7565688 ], [ 100.490084, 13.7560677 ], [ 100.4895528, 13.7528056 ], [ 100.4896104, 13.7506611 ], [ 100.4905828, 13.7471001 ], [ 100.491784, 13.7455397 ], [ 100.4927559, 13.744408 ], [ 100.5134441, 13.668817 ], [ 100.5112902, 13.6701946 ], [ 100.4999417, 13.6773208 ], [ 100.4925208, 13.6822037 ] ] } },
{ "type": "Feature", "properties": { "route_id": 15431616, "name": "88 (4-17) มจธ.บางขุนเทียน - สถานีรถไฟฟ้าตลาดพลู", "ref": "88 (4-17)", "from_stop": "", "to_stop": "", "operator": "TSB", "network": "TSB", "route_type": "bus", "coord_count": 41 }, "geometry": { "type": "LineString", "coordinates": [ [ 100.4399889, 13.5746517 ], [ 100.4785061, 13.7133361 ], [ 100.5024123, 13.6763431 ], [ 100.502834, 13.6776647 ], [ 100.5032432, 13.6791756 ], [ 100.5023139, 13.6821188 ], [ 100.4506703, 13.5722083 ], [ 100.4404092, 13.5712567 ], [ 100.5070223, 13.6081835 ], [ 100.5067701, 13.6055749 ], [ 100.5065804, 13.5991232 ], [ 100.5066642, 13.6009862 ], [ 100.5098626, 13.6123143 ], [ 100.5100143, 13.6140609 ], [ 100.511329, 13.6194016 ], [ 100.5114943, 13.6173468 ], [ 100.5107159, 13.6151909 ], [ 100.5097686, 13.6228798 ], [ 100.4961262, 13.6482108 ], [ 100.4965371, 13.6507049 ], [ 100.4974705, 13.6538974 ], [ 100.4986067, 13.655654 ], [ 100.4991922, 13.6568059 ], [ 100.5058141, 13.6714643 ], [ 100.5008269, 13.6593561 ], [ 100.5019779, 13.6612768 ], [ 100.5026232, 13.662628 ], [ 100.5034517, 13.6646811 ], [ 100.5043336, 13.6672127 ], [ 100.5049925, 13.6692541 ], [ 100.4874186, 13.7034902 ], [ 100.4816895, 13.7070624 ], [ 100.4800866, 13.7088726 ], [ 100.4845309, 13.7052203 ], [ 100.5023139, 13.6821188 ], [ 100.4998387, 13.682603 ], [ 100.4954829, 13.6845377 ], [ 100.4938833, 13.6856006 ], [ 100.5039419, 13.6744209 ], [ 100.4887362, 13.6893865 ], [ 100.486207, 13.696797 ] ] } },
{ "type": "Feature", "properties": { "route_id": 15431617, "name": "88 (4-17) สถานีรถไฟฟ้าตลาดพลู - มจธ.บางขุนเทียน", "ref": "88 (4-17)", "from_stop": "", "to_stop": "", "operator": "TSB", "network": "TSB", "route_type": "bus", "coord_count": 30 }, "geometry": { "type": "LineString", "coordinates": [ [ 100.4399889, 13.5746517 ], [ 100.4788312, 13.7133221 ], [ 100.5071718, 13.6080937 ], [ 100.5116359, 13.6174568 ], [ 100.5097817, 13.6134547 ], [ 100.5111112, 13.6155477 ], [ 100.5116359, 13.6174568 ], [ 100.5114714, 13.619497 ], [ 100.5060631, 13.6716251 ], [ 100.4966265, 13.6503659 ], [ 100.4962736, 13.6480027 ], [ 100.5035437, 13.6644593 ], [ 100.5019274, 13.6608742 ], [ 100.5028054, 13.6771121 ], [ 100.5033879, 13.6793796 ], [ 100.5037463, 13.6812725 ], [ 100.5050198, 13.6689045 ], [ 100.5042626, 13.6664732 ], [ 100.502761, 13.6625844 ], [ 100.5009067, 13.6592309 ], [ 100.4992781, 13.6566061 ], [ 100.4978195, 13.6541497 ], [ 100.4805101, 13.7088576 ], [ 100.4821454, 13.7071151 ], [ 100.4871682, 13.7039902 ], [ 100.5028, 13.6823132 ], [ 100.5004014, 13.6826167 ], [ 100.4938138, 13.6860037 ], [ 100.4888411, 13.6895554 ], [ 100.4864035, 13.6969609 ] ] } },
{ "type": "Feature", "properties": { "route_id": 15441884, "name": "140 (4-23E) แสมดำ - อนุสาวรีย์ชัยสมรภูมิ", "ref": "140 (4-23E)", "from_stop": "", "to_stop": "", "operator": "TSB", "network": "TSB", "route_type": "bus", "coord_count": 38 }, "geometry": { "type": "LineString", "coordinates": [ [ 100.3871041, 13.6192712 ], [ 100.5384722, 13.7641638 ], [ 100.4139842, 13.645368 ], [ 100.4622218, 13.6766263 ], [ 100.4666167, 13.679114 ], [ 100.4679758, 13.6796862 ], [ 100.4716629, 13.6807096 ], [ 100.4744861, 13.6814417 ], [ 100.4783713, 13.6824083 ], [ 100.4178961, 13.6482698 ], [ 100.4208025, 13.6504437 ], [ 100.4223116, 13.6515284 ], [ 100.4246453, 13.6532696 ], [ 100.4288892, 13.6563998 ], [ 100.4448596, 13.666133 ], [ 100.4564426, 13.6731121 ], [ 100.4582183, 13.6742058 ], [ 100.4499979, 13.6692121 ], [ 100.4416151, 13.6641696 ], [ 100.4395618, 13.6629625 ], [ 100.4356226, 13.6605387 ], [ 100.4311642, 13.6578492 ], [ 100.4061092, 13.6393764 ], [ 100.4031167, 13.6364291 ], [ 100.4007128, 13.6340022 ], [ 100.3944561, 13.6276737 ], [ 100.3928319, 13.6260254 ], [ 100.3888817, 13.6220751 ], [ 100.5127078, 13.6689106 ], [ 100.5084435, 13.6714562 ], [ 100.5416766, 13.7533375 ], [ 100.5105242, 13.6702591 ], [ 100.5406868, 13.7637208 ], [ 100.5424022, 13.7608296 ], [ 100.481053, 13.6831098 ], [ 100.4599471, 13.6752534 ], [ 100.5071549, 13.6727948 ], [ 100.3869552, 13.6201161 ] ] } },
{ "type": "Feature", "properties": { "route_id": 15441885, "name": "140 (4-23E) อนุสาวรีย์ชัยสมรภูมิ - แสมดำ", "ref": "140 (4-23E)", "from_stop": "", "to_stop": "", "operator": "TSB", "network": "TSB", "route_type": "bus", "coord_count": 45 }, "geometry": { "type": "LineString", "coordinates": [ [ 100.5384722, 13.7641638 ], [ 100.3871041, 13.6192712 ], [ 100.5440419, 13.7496272 ], [ 100.5127078, 13.6689106 ], [ 100.5105242, 13.6702591 ], [ 100.5085268, 13.6715539 ], [ 100.4291726, 13.6557283 ], [ 100.4252353, 13.6528184 ], [ 100.3893072, 13.6214787 ], [ 100.3935161, 13.6257685 ], [ 100.3973315, 13.6296456 ], [ 100.4003992, 13.6326955 ], [ 100.4037764, 13.6361209 ], [ 100.4063852, 13.6387045 ], [ 100.4869313, 13.684054 ], [ 100.4850272, 13.6834099 ], [ 100.4818144, 13.6826057 ], [ 100.4783817, 13.6816648 ], [ 100.47502, 13.6808662 ], [ 100.4722481, 13.680149 ], [ 100.4684089, 13.6791021 ], [ 100.4667568, 13.6784369 ], [ 100.5112902, 13.6701946 ], [ 100.5085268, 13.6715539 ], [ 100.5000408, 13.6768651 ], [ 100.4979906, 13.6781544 ], [ 100.4956573, 13.6796453 ], [ 100.4942464, 13.6805964 ], [ 100.4914845, 13.6825428 ], [ 100.5366969, 13.7618132 ], [ 100.5352911, 13.7592845 ], [ 100.4153396, 13.6455015 ], [ 100.4229594, 13.6511393 ], [ 100.4207862, 13.6495193 ], [ 100.4401228, 13.6624596 ], [ 100.4361263, 13.6600526 ], [ 100.4600131, 13.6744976 ], [ 100.447648, 13.6670128 ], [ 100.4451962, 13.6655162 ], [ 100.5039419, 13.6744209 ], [ 100.4627002, 13.6760925 ], [ 100.4613309, 13.6752688 ], [ 100.4560109, 13.6720502 ], [ 100.4506608, 13.6688298 ], [ 100.4490573, 13.6678577 ] ] } },
{ "type": "Feature", "properties": { "route_id": 15455923, "name": "57 (4-41) วงกลม : ตลิ่งชัน - วงเวียนใหญ่ (วนขวา)", "ref": "57 (4-41)", "from_stop": "", "to_stop": "", "operator": "TSB", "network": "TSB", "route_type": "bus", "coord_count": 25 }, "geometry": { "type": "LineString", "coordinates": [ [ 100.4833675, 13.7569441 ], [ 100.4935155, 13.72566 ], [ 100.4906404, 13.718738 ], [ 100.4690924, 13.7578341 ], [ 100.4723327, 13.7623299 ], [ 100.469533, 13.7589915 ], [ 100.4790496, 13.7766535 ], [ 100.4831923, 13.7647162 ], [ 100.4845309, 13.7052203 ], [ 100.4816895, 13.7070624 ], [ 100.4800866, 13.7088726 ], [ 100.4785061, 13.7133361 ], [ 100.489799, 13.7162701 ], [ 100.4889574, 13.713834 ], [ 100.4875642, 13.7097733 ], [ 100.4865561, 13.7067938 ], [ 100.4806489, 13.7750362 ], [ 100.4777453, 13.7780114 ], [ 100.4753051, 13.7806085 ], [ 100.4742572, 13.7817348 ], [ 100.4721979, 13.7839224 ], [ 100.4707875, 13.7854099 ], [ 100.484065, 13.7711293 ], [ 100.4777882, 13.716909 ], [ 100.4748823, 13.7275749 ] ] } },
{ "type": "Feature", "properties": { "route_id": 15455924, "name": "57 (4-41) วงกลม : ตลิ่งชัน - วงเวียนใหญ่ (วนซ้าย)", "ref": "57 (4-41)", "from_stop": "", "to_stop": "", "operator": "TSB", "network": "TSB", "route_type": "bus", "coord_count": 23 }, "geometry": { "type": "LineString", "coordinates": [ [ 100.4715503, 13.7610637 ], [ 100.4827746, 13.7644643 ], [ 100.4837263, 13.766447 ], [ 100.4921168, 13.7239107 ], [ 100.470841, 13.7403082 ], [ 100.469303, 13.7575512 ], [ 100.4699833, 13.7592066 ], [ 100.4801453, 13.7748371 ], [ 100.4783131, 13.7768686 ], [ 100.4764753, 13.7788999 ], [ 100.4821454, 13.7071151 ], [ 100.4805101, 13.7088576 ], [ 100.4788312, 13.7133221 ], [ 100.4893465, 13.7159003 ], [ 100.4884896, 13.7133679 ], [ 100.4873205, 13.7100576 ], [ 100.4864542, 13.7075065 ], [ 100.4902547, 13.7185043 ], [ 100.4780813, 13.7171457 ], [ 100.4752102, 13.7276647 ], [ 100.4831757, 13.7570356 ], [ 100.4729093, 13.7322 ], [ 100.4719565, 13.7340095 ] ] } },
{ "type": "Feature", "properties": { "route_id": 15456065, "name": "81 (4-45) อ้อมน้อย - ท่าราชวรดิฐ", "ref": "81 (4-45)", "from_stop": "", "to_stop": "", "operator": "TSB", "network": "TSB", "route_type": "bus", "coord_count": 64 }, "geometry": { "type": "LineString", "coordinates": [ [ 100.492562, 13.7565688 ], [ 100.4884052, 13.7656139 ], [ 100.3013443, 13.7600052 ], [ 100.492211, 13.760042 ], [ 100.4927653, 13.7597844 ], [ 100.4573981, 13.7226293 ], [ 100.4827746, 13.7644643 ], [ 100.4837263, 13.766447 ], [ 100.4474729, 13.7469832 ], [ 100.4470388, 13.7419325 ], [ 100.4448295, 13.7520493 ], [ 100.441175, 13.752232 ], [ 100.4442983, 13.7524995 ], [ 100.4484957, 13.7528702 ], [ 100.4522224, 13.7531994 ], [ 100.4637509, 13.7551464 ], [ 100.4678153, 13.7551996 ], [ 100.4556616, 13.7257204 ], [ 100.4539519, 13.7275008 ], [ 100.450208, 13.7315991 ], [ 100.4489683, 13.7334162 ], [ 100.4080676, 13.7109713 ], [ 100.4474765, 13.7369745 ], [ 100.3752279, 13.7082761 ], [ 100.3772155, 13.7084293 ], [ 100.3798424, 13.7086413 ], [ 100.3825429, 13.708842 ], [ 100.3847004, 13.7090195 ], [ 100.3879537, 13.7093057 ], [ 100.3901666, 13.7094709 ], [ 100.3929381, 13.7096675 ], [ 100.3947038, 13.7098126 ], [ 100.3006807, 13.7065674 ], [ 100.3041087, 13.7061868 ], [ 100.3099016, 13.7056011 ], [ 100.3133368, 13.7052807 ], [ 100.3153958, 13.7050949 ], [ 100.3196301, 13.7046647 ], [ 100.3248657, 13.7042805 ], [ 100.3288567, 13.7044916 ], [ 100.3349765, 13.7049987 ], [ 100.3375088, 13.7052035 ], [ 100.3394443, 13.7053494 ], [ 100.3513438, 13.7062943 ], [ 100.3536094, 13.7065028 ], [ 100.3562352, 13.7066956 ], [ 100.3482992, 13.7060478 ], [ 100.3440211, 13.7057258 ], [ 100.3418351, 13.7055486 ], [ 100.3664754, 13.7075506 ], [ 100.3686949, 13.7077167 ], [ 100.3702123, 13.7078103 ], [ 100.3599371, 13.7070207 ], [ 100.3631364, 13.7072975 ], [ 100.4022927, 13.7104474 ], [ 100.4107104, 13.7111234 ], [ 100.4134491, 13.7113291 ], [ 100.4172049, 13.7116705 ], [ 100.4194539, 13.7118574 ], [ 100.424643, 13.7122477 ], [ 100.3996976, 13.710252 ], [ 100.4831757, 13.7570356 ], [ 100.3722547, 13.7079991 ], [ 100.4339161, 13.7129821 ] ] } },
{ "type": "Feature", "properties": { "route_id": 15456066, "name": "81 (4-45) ท่าราชวรดิฐ - อ้อมน้อย", "ref": "81 (4-45)", "from_stop": "", "to_stop": "", "operator": "TSB", "network": "TSB", "route_type": "bus", "coord_count": 56 }, "geometry": { "type": "LineString", "coordinates": [ [ 100.4879947, 13.7652886 ], [ 100.492562, 13.7565688 ], [ 100.3009125, 13.7598255 ], [ 100.4833675, 13.7569441 ], [ 100.490084, 13.7560677 ], [ 100.4008331, 13.7100093 ], [ 100.4675044, 13.7547212 ], [ 100.4652999, 13.7548918 ], [ 100.4570963, 13.753118 ], [ 100.4543822, 13.752886 ], [ 100.4523349, 13.7526979 ], [ 100.4479559, 13.7523176 ], [ 100.4479959, 13.7470401 ], [ 100.4475377, 13.7419539 ], [ 100.456492, 13.7255698 ], [ 100.4481286, 13.7366202 ], [ 100.4528461, 13.7293868 ], [ 100.3418472, 13.7052364 ], [ 100.4831923, 13.7647162 ], [ 100.4938507, 13.7545279 ], [ 100.4896104, 13.7506611 ], [ 100.4895528, 13.7528056 ], [ 100.3925324, 13.7093281 ], [ 100.3846241, 13.7086845 ], [ 100.3829899, 13.7085373 ], [ 100.3802697, 13.7083171 ], [ 100.37765, 13.7081124 ], [ 100.3748045, 13.7078634 ], [ 100.3977491, 13.7097635 ], [ 100.3945693, 13.7094894 ], [ 100.3901933, 13.7091508 ], [ 100.3875957, 13.7089522 ], [ 100.3041237, 13.7058313 ], [ 100.3101246, 13.7052279 ], [ 100.3132988, 13.7049364 ], [ 100.3152957, 13.7047387 ], [ 100.3196554, 13.7043081 ], [ 100.323647, 13.7038851 ], [ 100.3290872, 13.7041184 ], [ 100.3694755, 13.707462 ], [ 100.3667635, 13.7072765 ], [ 100.3441421, 13.7054209 ], [ 100.3485002, 13.7057934 ], [ 100.3514156, 13.7060382 ], [ 100.3537077, 13.7061933 ], [ 100.3562994, 13.7064098 ], [ 100.360474, 13.7067577 ], [ 100.3628619, 13.7069338 ], [ 100.416747, 13.7112973 ], [ 100.4140816, 13.7111005 ], [ 100.4117884, 13.7108803 ], [ 100.4096173, 13.7107115 ], [ 100.4195635, 13.7115402 ], [ 100.4234917, 13.7118764 ], [ 100.4270222, 13.7121635 ], [ 100.4905828, 13.7471001 ] ] } },
{ "type": "Feature", "properties": { "route_id": 15533077, "name": "96 (1-42) มีนบุรี - หมอชิต 2", "ref": "96 (1-42)", "from_stop": "", "to_stop": "", "operator": "BMTA", "network": "BMTA", "route_type": "bus", "coord_count": 50 }, "geometry": { "type": "LineString", "coordinates": [ [ 100.5480648, 13.8109833 ], [ 100.7287835, 13.8142683 ], [ 100.5431934, 13.8040442 ], [ 100.5407277, 13.8046313 ], [ 100.5414578, 13.799013 ], [ 100.723431, 13.8123639 ], [ 100.7199942, 13.8124319 ], [ 100.651357, 13.8124586 ], [ 100.6534588, 13.8173048 ], [ 100.6761986, 13.8251238 ], [ 100.6424357, 13.7674149 ], [ 100.5733177, 13.806118 ], [ 100.5709949, 13.8074286 ], [ 100.5677518, 13.8092322 ], [ 100.5662104, 13.8100981 ], [ 100.56444, 13.8110715 ], [ 100.5629648, 13.8118956 ], [ 100.5609662, 13.812993 ], [ 100.650216, 13.7878096 ], [ 100.6488289, 13.7857635 ], [ 100.6469168, 13.7829677 ], [ 100.6461537, 13.7818267 ], [ 100.6446153, 13.7780867 ], [ 100.6452773, 13.7756624 ], [ 100.6459445, 13.7743132 ], [ 100.6473649, 13.7716521 ], [ 100.6474827, 13.7701755 ], [ 100.640015, 13.7687356 ], [ 100.6386891, 13.7695367 ], [ 100.6368961, 13.770564 ], [ 100.6346282, 13.7718321 ], [ 100.6322084, 13.7731925 ], [ 100.6296873, 13.7746123 ], [ 100.6274614, 13.7758612 ], [ 100.6249308, 13.7772626 ], [ 100.6224347, 13.7786522 ], [ 100.6104933, 13.7853261 ], [ 100.6123485, 13.7842957 ], [ 100.6153305, 13.7826348 ], [ 100.6191025, 13.7805202 ], [ 100.6067673, 13.7874163 ], [ 100.6044841, 13.7887015 ], [ 100.6023075, 13.7899115 ], [ 100.6004691, 13.7909482 ], [ 100.5970342, 13.792862 ], [ 100.59499, 13.7940232 ], [ 100.548221, 13.7989218 ], [ 100.5481727, 13.8007799 ], [ 100.5478544, 13.7979075 ], [ 100.6522215, 13.8144601 ] ] } },
{ "type": "Feature", "properties": { "route_id": 15533078, "name": "96 (1-42) หมอชิต 2 - มีนบุรี", "ref": "96 (1-42)", "from_stop": "", "to_stop": "", "operator": "BMTA", "network": "BMTA", "route_type": "bus", "coord_count": 66 }, "geometry": { "type": "LineString", "coordinates": [ [ 100.5480648, 13.8109833 ], [ 100.7278696, 13.8145556 ], [ 100.5493186, 13.8132289 ], [ 100.5534966, 13.8027584 ], [ 100.6470325, 13.7663643 ], [ 100.5541188, 13.8037679 ], [ 100.719756, 13.8127605 ], [ 100.7223135, 13.812721 ], [ 100.7255713, 13.8126489 ], [ 100.5482086, 13.8081416 ], [ 100.5483789, 13.8043055 ], [ 100.5407277, 13.8046313 ], [ 100.5431934, 13.8040442 ], [ 100.5604946, 13.8149573 ], [ 100.6429171, 13.7674962 ], [ 100.677316, 13.8247325 ], [ 100.6658056, 13.8356785 ], [ 100.6675676, 13.8339778 ], [ 100.6704941, 13.8311564 ], [ 100.6801851, 13.8219898 ], [ 100.6833125, 13.8189648 ], [ 100.6846966, 13.8176446 ], [ 100.6862984, 13.8161206 ], [ 100.6915793, 13.8129303 ], [ 100.6944097, 13.8129181 ], [ 100.7001063, 13.8128672 ], [ 100.563246, 13.8119927 ], [ 100.5649022, 13.8110885 ], [ 100.568297, 13.809179 ], [ 100.5700689, 13.8081947 ], [ 100.5721001, 13.807109 ], [ 100.6475402, 13.7678732 ], [ 100.647282, 13.7695697 ], [ 100.6471242, 13.7715968 ], [ 100.6457661, 13.7741454 ], [ 100.6450517, 13.7755936 ], [ 100.6444218, 13.7778554 ], [ 100.6471651, 13.7837586 ], [ 100.6460665, 13.7821396 ], [ 100.6485826, 13.7858451 ], [ 100.6495716, 13.7872745 ], [ 100.5951023, 13.7941863 ], [ 100.5973454, 13.79295 ], [ 100.6004825, 13.791202 ], [ 100.6027269, 13.7899386 ], [ 100.6046105, 13.7888713 ], [ 100.6065381, 13.7878207 ], [ 100.6105559, 13.7855595 ], [ 100.6124987, 13.7844644 ], [ 100.6151465, 13.783 ], [ 100.6385804, 13.7698947 ], [ 100.6367446, 13.770928 ], [ 100.634122, 13.772388 ], [ 100.6315085, 13.7738424 ], [ 100.6303167, 13.7745145 ], [ 100.6275052, 13.7760756 ], [ 100.6252479, 13.7773396 ], [ 100.6234868, 13.7783139 ], [ 100.6203843, 13.7800574 ], [ 100.6189204, 13.7808777 ], [ 100.5485475, 13.7991581 ], [ 100.6404983, 13.7688488 ], [ 100.6512584, 13.8128645 ], [ 100.6478524, 13.802478 ], [ 100.6480927, 13.8058725 ], [ 100.6494254, 13.808625 ] ] } },
{ "type": "Feature", "properties": { "route_id": 15533080, "name": "104 (2-16) ปากเกร็ด - หมอชิต 2", "ref": "104 (2-16)", "from_stop": "", "to_stop": "", "operator": "smart bus", "network": "smart bus", "route_type": "bus", "coord_count": 24 }, "geometry": { "type": "LineString", "coordinates": [ [ 100.4968224, 13.9129664 ], [ 100.5497666, 13.8134811 ], [ 100.5414578, 13.799013 ], [ 100.5670452, 13.8249185 ], [ 100.5655041, 13.8223302 ], [ 100.563992, 13.8197434 ], [ 100.5629618, 13.8179263 ], [ 100.548221, 13.7989218 ], [ 100.5481727, 13.8007799 ], [ 100.5469026, 13.8558681 ], [ 100.5493125, 13.8545035 ], [ 100.5516825, 13.8531682 ], [ 100.5552822, 13.8511653 ], [ 100.5576208, 13.849868 ], [ 100.5478544, 13.7979075 ], [ 100.5266234, 13.8586362 ], [ 100.5286508, 13.8583895 ], [ 100.5314413, 13.8580507 ], [ 100.5746331, 13.8378371 ], [ 100.5730666, 13.8352154 ], [ 100.5044375, 13.9059357 ], [ 100.5054337, 13.9032893 ], [ 100.5059188, 13.9019915 ], [ 100.506355, 13.9008624 ] ] } },
{ "type": "Feature", "properties": { "route_id": 15533081, "name": "104 (2-16) หมอชิต 2 - ปากเกร็ด", "ref": "104 (2-16)", "from_stop": "", "to_stop": "", "operator": "smart bus", "network": "smart bus", "route_type": "bus", "coord_count": 16 }, "geometry": { "type": "LineString", "coordinates": [ [ 100.4955442, 13.9138575 ], [ 100.5497666, 13.8134811 ], [ 100.5534966, 13.8027584 ], [ 100.561455, 13.8161295 ], [ 100.5541188, 13.8037679 ], [ 100.5500252, 13.8127228 ], [ 100.5485475, 13.7991581 ], [ 100.5568522, 13.849907 ], [ 100.5551318, 13.8508667 ], [ 100.5512102, 13.8530633 ], [ 100.548699, 13.8544636 ], [ 100.5470006, 13.8554256 ], [ 100.4988896, 13.9103 ], [ 100.5058103, 13.9015212 ], [ 100.5051159, 13.9033712 ], [ 100.5066668, 13.899256 ] ] } },
{ "type": "Feature", "properties": { "route_id": 15533083, "name": "150 (1-15) ปากเกร็ด - มีนบุรี", "ref": "150 (1-15)", "from_stop": "", "to_stop": "", "operator": "smart bus", "network": "smart bus", "route_type": "bus", "coord_count": 34 }, "geometry": { "type": "LineString", "coordinates": [ [ 100.4968224, 13.9129664 ], [ 100.7281644, 13.8125862 ], [ 100.5289232, 13.9043911 ], [ 100.5935804, 13.8776979 ], [ 100.5905521, 13.8793609 ], [ 100.5852035, 13.8823667 ], [ 100.586162, 13.8818295 ], [ 100.6017377, 13.8716413 ], [ 100.5999859, 13.8725306 ], [ 100.597545, 13.8741702 ], [ 100.6047974, 13.8699325 ], [ 100.6071603, 13.8686562 ], [ 100.6105721, 13.866823 ], [ 100.613327, 13.8653543 ], [ 100.643906, 13.848852 ], [ 100.6463793, 13.8474975 ], [ 100.6484363, 13.8463863 ], [ 100.6533181, 13.8437301 ], [ 100.6567568, 13.8418628 ], [ 100.6580897, 13.8411441 ], [ 100.6658056, 13.8356785 ], [ 100.6675676, 13.8339778 ], [ 100.6704941, 13.8311564 ], [ 100.6801851, 13.8219898 ], [ 100.6833125, 13.8189648 ], [ 100.6846966, 13.8176446 ], [ 100.6862984, 13.8161206 ], [ 100.6915793, 13.8129303 ], [ 100.6944097, 13.8129181 ], [ 100.7001063, 13.8128672 ], [ 100.719756, 13.8127605 ], [ 100.7223135, 13.812721 ], [ 100.7255713, 13.8126489 ], [ 100.677316, 13.8247325 ] ] } },
{ "type": "Feature", "properties": { "route_id": 15533084, "name": "150 (1-15) มีนบุรี - ปากเกร็ด", "ref": "150 (1-15)", "from_stop": "", "to_stop": "", "operator": "smart bus", "network": "smart bus", "route_type": "bus", "coord_count": 29 }, "geometry": { "type": "LineString", "coordinates": [ [ 100.4955442, 13.9138575 ], [ 100.7257145, 13.812366 ], [ 100.5901426, 13.879268 ], [ 100.5856103, 13.8818337 ], [ 100.6013372, 13.871433 ], [ 100.5994714, 13.8724065 ], [ 100.6130199, 13.8651342 ], [ 100.6103701, 13.8665532 ], [ 100.6062097, 13.8688139 ], [ 100.6046439, 13.8696555 ], [ 100.6417974, 13.8496085 ], [ 100.6666797, 13.8343748 ], [ 100.6650098, 13.8359993 ], [ 100.6579934, 13.8408381 ], [ 100.6567247, 13.8415246 ], [ 100.6530355, 13.843515 ], [ 100.6499129, 13.8451544 ], [ 100.6469255, 13.846845 ], [ 100.6690947, 13.8320225 ], [ 100.6716961, 13.8294823 ], [ 100.6761986, 13.8251238 ], [ 100.6803089, 13.821243 ], [ 100.7001984, 13.8125468 ], [ 100.6949838, 13.8125567 ], [ 100.6916625, 13.8125712 ], [ 100.6861021, 13.8158061 ], [ 100.6828773, 13.8188483 ], [ 100.723431, 13.8123639 ], [ 100.7199942, 13.8124319 ] ] } },
{ "type": "Feature", "properties": { "route_id": 15559782, "name": "รถป๊อป สาย 5", "ref": "ป็อป5", "from_stop": "ศาลาพระเกี้ยว", "to_stop": "ระเบียงจามจุรี", "operator": "Chulalongkorn University", "network": "", "route_type": "bus", "coord_count": 17 }, "geometry": { "type": "LineString", "coordinates": [ [ 100.5284412, 13.7365259 ], [ 100.5273676, 13.7367085 ], [ 100.5259649, 13.7363691 ], [ 100.52481, 13.736931 ], [ 100.5253577, 13.7399507 ], [ 100.5255045, 13.7411818 ], [ 100.5241996, 13.7425099 ], [ 100.522361, 13.7393539 ], [ 100.5227533, 13.7416001 ], [ 100.5262979, 13.7396226 ], [ 100.529474, 13.7389846 ], [ 100.5308403, 13.7395576 ], [ 100.5331867, 13.7390833 ], [ 100.5329169, 13.737549 ], [ 100.5308613, 13.7358471 ], [ 100.5312476, 13.7375457 ], [ 100.5319866, 13.7357664 ] ] } },
{ "type": "Feature", "properties": { "route_id": 15559804, "name": "รถป๊อป สาย 3", "ref": "ป๊อป3", "from_stop": "ศาสาพระเกี้ยว", "to_stop": "MBK, คณะแพทย์", "operator": "Chulalongkorn University", "network": "", "route_type": "bus", "coord_count": 4 }, "geometry": { "type": "LineString", "coordinates": [ [ 100.531914, 13.7354097 ], [ 100.5319314, 13.735405 ], [ 100.535936, 13.7328789 ], [ 100.5350443, 13.733031 ] ] } },
{ "type": "Feature", "properties": { "route_id": 15559837, "name": "รถป๊อป สาย 4", "ref": "ป๊อป4", "from_stop": "ศาลาพระเกี้ยว", "to_stop": "สามย่านมิตรทาวน์", "operator": "Chulalongkorn University", "network": "", "route_type": "bus", "coord_count": 12 }, "geometry": { "type": "LineString", "coordinates": [ [ 100.5325744, 13.7458154 ], [ 100.5318823, 13.7351511 ], [ 100.528731, 13.7351089 ], [ 100.5269894, 13.735378 ], [ 100.526641, 13.7379815 ], [ 100.5264143, 13.7366515 ], [ 100.5290075, 13.7379096 ], [ 100.5356177, 13.7448757 ], [ 100.5328953, 13.7458527 ], [ 100.5304872, 13.7435144 ], [ 100.5333922, 13.742302 ], [ 100.5321883, 13.7425073 ] ] } },
{ "type": "Feature", "properties": { "route_id": 15591202, "name": "127 (2-19) บางบัวทอง - บางลำพู", "ref": "127 (2-19)", "from_stop": "", "to_stop": "", "operator": "smart bus", "network": "smart bus", "route_type": "bus", "coord_count": 27 }, "geometry": { "type": "LineString", "coordinates": [ [ 100.4098318, 13.8778886 ], [ 100.4099452, 13.8778922 ], [ 100.4225689, 13.9150431 ], [ 100.4224927, 13.9149983 ], [ 100.4149889, 13.9243535 ], [ 100.4149734, 13.924314 ], [ 100.4994863, 13.7603943 ], [ 100.4202791, 13.9135469 ], [ 100.4884052, 13.7656139 ], [ 100.4479123, 13.7904356 ], [ 100.4450732, 13.780958 ], [ 100.4790496, 13.7766535 ], [ 100.4806489, 13.7750362 ], [ 100.4126632, 13.9219136 ], [ 100.4104232, 13.9145886 ], [ 100.4081773, 13.9070916 ], [ 100.4075321, 13.9048203 ], [ 100.4075958, 13.9024206 ], [ 100.4086369, 13.8918326 ], [ 100.4090861, 13.8865543 ], [ 100.4094113, 13.8832632 ], [ 100.4095688, 13.8815917 ], [ 100.4084702, 13.8946461 ], [ 100.4212669, 13.9173084 ], [ 100.4211963, 13.9172745 ], [ 100.5008181, 13.7604297 ], [ 100.4173665, 13.9232312 ] ] } },
{ "type": "Feature", "properties": { "route_id": 15591203, "name": "127 (2-19) บางลำพู - บางบัวทอง", "ref": "127 (2-19)", "from_stop": "", "to_stop": "", "operator": "smart bus", "network": "smart bus", "route_type": "bus", "coord_count": 37 }, "geometry": { "type": "LineString", "coordinates": [ [ 100.4479743, 13.8265299 ], [ 100.4480476, 13.8265385 ], [ 100.4170995, 13.923532 ], [ 100.4171308, 13.9236221 ], [ 100.4496243, 13.8045124 ], [ 100.449667, 13.8045267 ], [ 100.4493952, 13.8097239 ], [ 100.4494393, 13.8097337 ], [ 100.4488968, 13.8187071 ], [ 100.4489248, 13.8187169 ], [ 100.4202791, 13.9135469 ], [ 100.4994863, 13.7603943 ], [ 100.4879947, 13.7652886 ], [ 100.4536743, 13.7830128 ], [ 100.4572822, 13.7840911 ], [ 100.4614884, 13.785346 ], [ 100.4700409, 13.7857529 ], [ 100.4764753, 13.7788999 ], [ 100.4801453, 13.7748371 ], [ 100.4783131, 13.7768686 ], [ 100.4474652, 13.790696 ], [ 100.4152662, 13.9330008 ], [ 100.4158547, 13.9323762 ], [ 100.4092739, 13.877129 ], [ 100.4093418, 13.8771403 ], [ 100.4088821, 13.8811547 ], [ 100.4089879, 13.8811702 ], [ 100.4083411, 13.8875144 ], [ 100.4083948, 13.8875222 ], [ 100.4079732, 13.8913028 ], [ 100.4069198, 13.9051437 ], [ 100.4085751, 13.9107679 ], [ 100.4096364, 13.9143187 ], [ 100.4123438, 13.9234675 ], [ 100.4130184, 13.9255941 ], [ 100.4213454, 13.9172962 ], [ 100.4212864, 13.9172749 ] ] } },
{ "type": "Feature", "properties": { "route_id": 15650473, "name": "80A (4-44) หมู่บ้าน วปอ.11 - สวนหลวงพระราม 8", "ref": "80A (4-44)", "from_stop": "", "to_stop": "", "operator": "Charoen Bus", "network": "TSB", "route_type": "bus", "coord_count": 52 }, "geometry": { "type": "LineString", "coordinates": [ [ 100.4924616, 13.7714071 ], [ 100.484065, 13.7711293 ], [ 100.4110696, 13.7546503 ], [ 100.4442983, 13.7524995 ], [ 100.441175, 13.752232 ], [ 100.4371658, 13.7525135 ], [ 100.4338621, 13.7529535 ], [ 100.4239095, 13.754288 ], [ 100.4160965, 13.7545899 ], [ 100.2955465, 13.6762693 ], [ 100.4055395, 13.747582 ], [ 100.4273124, 13.7538022 ], [ 100.4484957, 13.7528702 ], [ 100.4678153, 13.7551996 ], [ 100.4637509, 13.7551464 ], [ 100.4522224, 13.7531994 ], [ 100.4055362, 13.7179547 ], [ 100.3980186, 13.7101088 ], [ 100.4055439, 13.7273063 ], [ 100.4055512, 13.7256779 ], [ 100.4055161, 13.7320647 ], [ 100.4055319, 13.7343351 ], [ 100.4690924, 13.7578341 ], [ 100.469533, 13.7589915 ], [ 100.4723327, 13.7623299 ], [ 100.4765228, 13.7672746 ], [ 100.4780998, 13.7691251 ], [ 100.4791446, 13.7703343 ], [ 100.3752279, 13.7082761 ], [ 100.3772155, 13.7084293 ], [ 100.3798424, 13.7086413 ], [ 100.3825429, 13.708842 ], [ 100.3847004, 13.7090195 ], [ 100.3879537, 13.7093057 ], [ 100.3901666, 13.7094709 ], [ 100.3929381, 13.7096675 ], [ 100.3947038, 13.7098126 ], [ 100.4022927, 13.7104474 ], [ 100.3015772, 13.6736846 ], [ 100.306732, 13.6715246 ], [ 100.3099222, 13.6718703 ], [ 100.3121778, 13.6720883 ], [ 100.3168192, 13.6735307 ], [ 100.3191778, 13.6760792 ], [ 100.3208831, 13.6797792 ], [ 100.3215004, 13.6763132 ], [ 100.3260952, 13.6764231 ], [ 100.3277821, 13.6766506 ], [ 100.3361662, 13.6788994 ], [ 100.3383904, 13.6795438 ], [ 100.3419591, 13.680547 ], [ 100.3996976, 13.710252 ] ] } },
{ "type": "Feature", "properties": { "route_id": 15650474, "name": "80A (4-44) สวนหลวงพระราม 8 - หมู่บ้าน วปอ.11", "ref": "80A (4-44)", "from_stop": "", "to_stop": "", "operator": "Charoen Bus", "network": "TSB", "route_type": "bus", "coord_count": 56 }, "geometry": { "type": "LineString", "coordinates": [ [ 100.4924616, 13.7714071 ], [ 100.4835788, 13.7709813 ], [ 100.412541, 13.754141 ], [ 100.4163523, 13.7540722 ], [ 100.4363776, 13.7521056 ], [ 100.4404484, 13.7516672 ], [ 100.2955465, 13.6762693 ], [ 100.4652999, 13.7548918 ], [ 100.4675044, 13.7547212 ], [ 100.4570963, 13.753118 ], [ 100.4543822, 13.752886 ], [ 100.4523349, 13.7526979 ], [ 100.4479559, 13.7523176 ], [ 100.4448295, 13.7520493 ], [ 100.4273425, 13.7533675 ], [ 100.4233525, 13.7538444 ], [ 100.4062235, 13.7438264 ], [ 100.4062072, 13.7322554 ], [ 100.4062243, 13.7364743 ], [ 100.4062167, 13.7157934 ], [ 100.4008331, 13.7100093 ], [ 100.4715503, 13.7610637 ], [ 100.469303, 13.7575512 ], [ 100.4699833, 13.7592066 ], [ 100.4767963, 13.7672144 ], [ 100.4783051, 13.7689734 ], [ 100.4795292, 13.7703867 ], [ 100.3925324, 13.7093281 ], [ 100.3846241, 13.7086845 ], [ 100.3829899, 13.7085373 ], [ 100.3802697, 13.7083171 ], [ 100.37765, 13.7081124 ], [ 100.3748045, 13.7078634 ], [ 100.3977491, 13.7097635 ], [ 100.3945693, 13.7094894 ], [ 100.3901933, 13.7091508 ], [ 100.3875957, 13.7089522 ], [ 100.3426654, 13.6805946 ], [ 100.3384237, 13.679415 ], [ 100.3362375, 13.6788007 ], [ 100.3277909, 13.6765406 ], [ 100.3261337, 13.6763346 ], [ 100.3210951, 13.6759315 ], [ 100.3193585, 13.6753878 ], [ 100.3169595, 13.6684785 ], [ 100.3149434, 13.6648832 ], [ 100.3075794, 13.6556643 ], [ 100.312991, 13.6623049 ], [ 100.3164419, 13.668343 ], [ 100.3189709, 13.6753833 ], [ 100.3167036, 13.6734065 ], [ 100.3116263, 13.671952 ], [ 100.3099189, 13.6717763 ], [ 100.3067474, 13.6714557 ], [ 100.3015679, 13.6736098 ], [ 100.431247, 13.7527858 ] ] } },
{ "type": "Feature", "properties": { "route_id": 15650672, "name": "85 (4-16) บิ๊กซี พระประแดง - สถานีรถไฟธนบุรี", "ref": "85 (4-16)", "from_stop": "", "to_stop": "", "operator": "smart bus", "network": "smart bus", "route_type": "bus", "coord_count": 32 }, "geometry": { "type": "LineString", "coordinates": [ [ 100.5204885, 13.6545056 ], [ 100.4921168, 13.7239107 ], [ 100.5002483, 13.7206386 ], [ 100.5039782, 13.7205334 ], [ 100.5023139, 13.6821188 ], [ 100.4939907, 13.7293657 ], [ 100.4934799, 13.7278771 ], [ 100.5266415, 13.6652523 ], [ 100.5261144, 13.666054 ], [ 100.5249441, 13.6661764 ], [ 100.5232623, 13.6671794 ], [ 100.5217902, 13.6679713 ], [ 100.5205405, 13.6679904 ], [ 100.5269589, 13.6614709 ], [ 100.5269759, 13.6640992 ], [ 100.5264133, 13.6607969 ], [ 100.5198379, 13.659338 ], [ 100.5189588, 13.670141 ], [ 100.5180062, 13.673552 ], [ 100.5170086, 13.6752728 ], [ 100.5151516, 13.6766497 ], [ 100.5139445, 13.6774453 ], [ 100.5125259, 13.678227 ], [ 100.5091008, 13.6801518 ], [ 100.5068168, 13.681189 ], [ 100.5023139, 13.6821188 ], [ 100.4998387, 13.682603 ], [ 100.4954829, 13.6845377 ], [ 100.4938833, 13.6856006 ], [ 100.4786902, 13.7602614 ], [ 100.4887362, 13.6893865 ], [ 100.486207, 13.696797 ] ] } },
{ "type": "Feature", "properties": { "route_id": 15650673, "name": "85 (4-16) สถานีรถไฟธนบุรี - บิ๊กซี พระประแดง", "ref": "85 (4-16)", "from_stop": "", "to_stop": "", "operator": "smart bus", "network": "smart bus", "route_type": "bus", "coord_count": 31 }, "geometry": { "type": "LineString", "coordinates": [ [ 100.5213642, 13.6531706 ], [ 100.5040349, 13.7211974 ], [ 100.5248384, 13.660674 ], [ 100.4935155, 13.72566 ], [ 100.5014919, 13.7212984 ], [ 100.4943705, 13.7294583 ], [ 100.4937946, 13.7278386 ], [ 100.5204827, 13.668069 ], [ 100.5218229, 13.6680677 ], [ 100.5232765, 13.667286 ], [ 100.5248974, 13.6663523 ], [ 100.5261039, 13.6661471 ], [ 100.5267108, 13.6653646 ], [ 100.5270891, 13.6640834 ], [ 100.5270477, 13.6614641 ], [ 100.5125917, 13.6784387 ], [ 100.5140754, 13.6775553 ], [ 100.5151861, 13.6768857 ], [ 100.5171398, 13.6755246 ], [ 100.5182227, 13.6736276 ], [ 100.5190623, 13.6708165 ], [ 100.5193615, 13.6693037 ], [ 100.5069401, 13.6813949 ], [ 100.5093308, 13.6803134 ], [ 100.5106649, 13.6795486 ], [ 100.5028, 13.6823132 ], [ 100.5004014, 13.6826167 ], [ 100.4938138, 13.6860037 ], [ 100.4786902, 13.7602614 ], [ 100.4888411, 13.6895554 ], [ 100.4864035, 13.6969609 ] ] } },
{ "type": "Feature", "properties": { "route_id": 15677809, "name": "S6 (555) กรุงเทพอภิวัฒน์ - ท่าอากาศยานสุวรรณภูมิ", "ref": "S6 (555)", "from_stop": "", "to_stop": "", "operator": "", "network": "TSB", "route_type": "bus", "coord_count": 18 }, "geometry": { "type": "LineString", "coordinates": [ [ 100.7690116, 13.7107624 ], [ 100.5431934, 13.8040442 ], [ 100.5407277, 13.8046313 ], [ 100.7633175, 13.7113176 ], [ 100.5497666, 13.8134811 ], [ 100.5533071, 13.7613993 ], [ 100.5511977, 13.762463 ], [ 100.5487231, 13.8234031 ], [ 100.5504091, 13.8270558 ], [ 100.5425607, 13.7978536 ], [ 100.548221, 13.7989218 ], [ 100.5481727, 13.8007799 ], [ 100.5479754, 13.8053937 ], [ 100.5679063, 13.7559961 ], [ 100.5716692, 13.7556947 ], [ 100.5478544, 13.7979075 ], [ 100.5757514, 13.7554993 ], [ 100.573933, 13.7556254 ] ] } },
{ "type": "Feature", "properties": { "route_id": 15677810, "name": "S6 (555) ท่าอากาศยานสุวรรณภูมิ - กรุงเทพอภิวัฒน์", "ref": "S6 (555)", "from_stop": "", "to_stop": "", "operator": "", "network": "TSB", "route_type": "bus", "coord_count": 37 }, "geometry": { "type": "LineString", "coordinates": [ [ 100.761974, 13.7112842 ], [ 100.7604316, 13.7116672 ], [ 100.7533917, 13.7138711 ], [ 100.5537563, 13.7608954 ], [ 100.5521771, 13.7616893 ], [ 100.5503128, 13.7626215 ], [ 100.5595495, 13.8076559 ], [ 100.5595495, 13.8076559 ], [ 100.5598476, 13.8052499 ], [ 100.5600178, 13.8032421 ], [ 100.5603244, 13.7996514 ], [ 100.5605514, 13.7973937 ], [ 100.5609956, 13.7940534 ], [ 100.5612229, 13.7906852 ], [ 100.5601365, 13.7864311 ], [ 100.558822, 13.7840301 ], [ 100.5561407, 13.7795484 ], [ 100.5546548, 13.776919 ], [ 100.5529263, 13.7737642 ], [ 100.5513652, 13.7707987 ], [ 100.5492835, 13.7672697 ], [ 100.5500252, 13.8127228 ], [ 100.5501896, 13.8261875 ], [ 100.5493233, 13.8243513 ], [ 100.5520093, 13.8282253 ], [ 100.5588242, 13.8142246 ], [ 100.5583285, 13.8188214 ], [ 100.5581299, 13.821977 ], [ 100.5577701, 13.8250213 ], [ 100.7690116, 13.7107624 ], [ 100.7671665, 13.7133971 ], [ 100.7644304, 13.7128443 ], [ 100.5483789, 13.8043055 ], [ 100.5484477, 13.8016321 ], [ 100.5414578, 13.799013 ], [ 100.5431934, 13.8040442 ], [ 100.5559429, 13.7598347 ] ] } },
{ "type": "Feature", "properties": { "route_id": 15737056, "name": "89 (4-47) (89) สายใต้ใหม่ - มทร.กรุงเทพ", "ref": "89 (4-47)", "from_stop": "", "to_stop": "", "operator": "smart bus", "network": "smart bus", "route_type": "bus", "coord_count": 65 }, "geometry": { "type": "LineString", "coordinates": [ [ 100.4244444, 13.7800256 ], [ 100.5348008, 13.7141031 ], [ 100.4484957, 13.7528702 ], [ 100.4522224, 13.7531994 ], [ 100.4570963, 13.753118 ], [ 100.4523349, 13.7526979 ], [ 100.4543822, 13.752886 ], [ 100.4479559, 13.7523176 ], [ 100.4479959, 13.7470401 ], [ 100.4475377, 13.7419539 ], [ 100.456492, 13.7255698 ], [ 100.4481286, 13.7366202 ], [ 100.4528461, 13.7293868 ], [ 100.5396185, 13.7144748 ], [ 100.5089638, 13.7280992 ], [ 100.5406305, 13.7125614 ], [ 100.5429649, 13.7081672 ], [ 100.49627, 13.6982173 ], [ 100.4455054, 13.7584067 ], [ 100.4460166, 13.7548905 ], [ 100.4448557, 13.7658879 ], [ 100.4434504, 13.7780889 ], [ 100.4978287, 13.6966129 ], [ 100.5008442, 13.6934316 ], [ 100.5026846, 13.6914792 ], [ 100.5040009, 13.6905776 ], [ 100.5069697, 13.6899899 ], [ 100.5106831, 13.6897117 ], [ 100.5139087, 13.688898 ], [ 100.5166484, 13.6879993 ], [ 100.509106, 13.7226233 ], [ 100.4320484, 13.7809242 ], [ 100.4275662, 13.7813735 ], [ 100.4394355, 13.7802267 ], [ 100.5449352, 13.7034164 ], [ 100.4894763, 13.7270064 ], [ 100.426512, 13.7896607 ], [ 100.4612447, 13.7226666 ], [ 100.4598674, 13.7219364 ], [ 100.4652913, 13.7248821 ], [ 100.4688465, 13.7268395 ], [ 100.4714206, 13.7282511 ], [ 100.4761209, 13.7293192 ], [ 100.4794365, 13.7287397 ], [ 100.4829895, 13.7281181 ], [ 100.5187486, 13.6869996 ], [ 100.5282816, 13.6801069 ], [ 100.5269117, 13.6814424 ], [ 100.5248868, 13.6830107 ], [ 100.5234175, 13.6841288 ], [ 100.5300069, 13.6784533 ], [ 100.5320024, 13.6765723 ], [ 100.5349831, 13.6746052 ], [ 100.5401807, 13.6733112 ], [ 100.5427664, 13.6742185 ], [ 100.545343, 13.6764878 ], [ 100.5467022, 13.6787015 ], [ 100.5474641, 13.6810971 ], [ 100.5474641, 13.6810971 ], [ 100.5477503, 13.6832052 ], [ 100.5475583, 13.6869426 ], [ 100.5473802, 13.6893233 ], [ 100.5471327, 13.6931083 ], [ 100.5456563, 13.698951 ], [ 100.4955289, 13.7267788 ] ] } },
{ "type": "Feature", "properties": { "route_id": 15737057, "name": "89 (4-47) มทร.กรุงเทพ - สายใต้ใหม่", "ref": "89 (4-47)", "from_stop": "", "to_stop": "", "operator": "smart bus", "network": "smart bus", "route_type": "bus", "coord_count": 63 }, "geometry": { "type": "LineString", "coordinates": [ [ 100.5348008, 13.7141031 ], [ 100.4244444, 13.7800256 ], [ 100.5056348, 13.6896848 ], [ 100.4963794, 13.697618 ], [ 100.5395708, 13.7148613 ], [ 100.5408974, 13.7123574 ], [ 100.4573981, 13.7226293 ], [ 100.4556616, 13.7257204 ], [ 100.4539519, 13.7275008 ], [ 100.450208, 13.7315991 ], [ 100.4489683, 13.7334162 ], [ 100.4470388, 13.7419325 ], [ 100.4474729, 13.7469832 ], [ 100.4448295, 13.7520493 ], [ 100.441175, 13.752232 ], [ 100.4442983, 13.7524995 ], [ 100.5088119, 13.7277657 ], [ 100.445526, 13.7546559 ], [ 100.4450169, 13.7583637 ], [ 100.4442885, 13.766136 ], [ 100.4394538, 13.7796548 ], [ 100.4376217, 13.7798371 ], [ 100.4309691, 13.7805134 ], [ 100.4272867, 13.7808935 ], [ 100.499864, 13.7278172 ], [ 100.4767994, 13.7288026 ], [ 100.4978449, 13.6960059 ], [ 100.5044438, 13.6899628 ], [ 100.5078604, 13.6895191 ], [ 100.5007357, 13.6929205 ], [ 100.4474765, 13.7369745 ], [ 100.5450348, 13.7036169 ], [ 100.5021511, 13.6914096 ], [ 100.4628853, 13.7232331 ], [ 100.4652619, 13.7245379 ], [ 100.4693873, 13.726783 ], [ 100.4718274, 13.728066 ], [ 100.4597039, 13.7215307 ], [ 100.4787897, 13.7285366 ], [ 100.4807819, 13.728226 ], [ 100.4830163, 13.7278665 ], [ 100.4898158, 13.7267443 ], [ 100.5112178, 13.6892326 ], [ 100.5132916, 13.688665 ], [ 100.5164732, 13.6876408 ], [ 100.5189002, 13.6864515 ], [ 100.526317, 13.6814003 ], [ 100.5236361, 13.6834409 ], [ 100.5297172, 13.6781314 ], [ 100.5321711, 13.6758973 ], [ 100.534501, 13.6743627 ], [ 100.5361006, 13.6736472 ], [ 100.5401543, 13.6728945 ], [ 100.5435326, 13.6742447 ], [ 100.5478828, 13.6809509 ], [ 100.5468444, 13.6780839 ], [ 100.5452884, 13.6757438 ], [ 100.5481379, 13.6847507 ], [ 100.548169, 13.6827858 ], [ 100.5477933, 13.6896543 ], [ 100.5475981, 13.6925967 ], [ 100.5463327, 13.6981383 ], [ 100.5433057, 13.7078357 ] ] } },
{ "type": "Feature", "properties": { "route_id": 15762617, "name": "42 (4-10) วงกลม : เสาชิงช้า - ท่าพระ (วนขวา)", "ref": "42 (4-10)", "from_stop": "", "to_stop": "", "operator": "Mahachol Transport", "network": "TSB", "route_type": "bus", "coord_count": 20 }, "geometry": { "type": "LineString", "coordinates": [ [ 100.499864, 13.7278172 ], [ 100.499864, 13.7278172 ], [ 100.4884052, 13.7656139 ], [ 100.4976122, 13.7577995 ], [ 100.484065, 13.7711293 ], [ 100.4767994, 13.7288026 ], [ 100.4690924, 13.7578341 ], [ 100.469533, 13.7589915 ], [ 100.4723327, 13.7623299 ], [ 100.4765228, 13.7672746 ], [ 100.4780998, 13.7691251 ], [ 100.4791446, 13.7703343 ], [ 100.4987681, 13.7406718 ], [ 100.4787897, 13.7285366 ], [ 100.4807819, 13.728226 ], [ 100.4830163, 13.7278665 ], [ 100.4898158, 13.7267443 ], [ 100.501551, 13.7552416 ], [ 100.5011061, 13.7527083 ], [ 100.4955289, 13.7267788 ] ] } },
{ "type": "Feature", "properties": { "route_id": 15762618, "name": "42 (4-10) วงกลม : เสาชิงช้า - ท่าพระ (วนซ้าย)", "ref": "42 (4-10)", "from_stop": "", "to_stop": "", "operator": "Mahachol Transport", "network": "TSB", "route_type": "bus", "coord_count": 26 }, "geometry": { "type": "LineString", "coordinates": [ [ 100.50165, 13.7493361 ], [ 100.50165, 13.7493361 ], [ 100.4879947, 13.7652886 ], [ 100.500132, 13.756808 ], [ 100.4979883, 13.7572484 ], [ 100.4953942, 13.7334086 ], [ 100.470841, 13.7403082 ], [ 100.469303, 13.7575512 ], [ 100.4835788, 13.7709813 ], [ 100.4715503, 13.7610637 ], [ 100.4734043, 13.7632374 ], [ 100.4699833, 13.7592066 ], [ 100.4939907, 13.7293657 ], [ 100.4934799, 13.7278771 ], [ 100.4987681, 13.7406718 ], [ 100.4961835, 13.742268 ], [ 100.4767963, 13.7672144 ], [ 100.4783051, 13.7689734 ], [ 100.4795292, 13.7703867 ], [ 100.4894763, 13.7270064 ], [ 100.4761209, 13.7293192 ], [ 100.4794365, 13.7287397 ], [ 100.4829895, 13.7281181 ], [ 100.4962111, 13.7439278 ], [ 100.4729093, 13.7322 ], [ 100.4719565, 13.7340095 ] ] } },
{ "type": "Feature", "properties": { "route_id": 15863622, "name": "149 (4-53) พุทธมณฑลสาย 2 - เอกมัย", "ref": "149 (4-53)", "from_stop": "", "to_stop": "", "operator": "TSB", "network": "TSB", "route_type": "bus", "coord_count": 37 }, "geometry": { "type": "LineString", "coordinates": [ [ 100.3964337, 13.7845627 ], [ 100.5831506, 13.720841 ], [ 100.484065, 13.7711293 ], [ 100.4217365, 13.7819729 ], [ 100.5608084, 13.7196638 ], [ 100.4777453, 13.7780114 ], [ 100.4275662, 13.7813735 ], [ 100.5492578, 13.7244531 ], [ 100.4017709, 13.7840117 ], [ 100.4053684, 13.7836364 ], [ 100.4162749, 13.782553 ], [ 100.4200426, 13.7821648 ], [ 100.4430402, 13.7803949 ], [ 100.4450732, 13.780958 ], [ 100.5089638, 13.7280992 ], [ 100.509106, 13.7226233 ], [ 100.5217582, 13.7195346 ], [ 100.5236274, 13.7200849 ], [ 100.4707875, 13.7854099 ], [ 100.4320484, 13.7809242 ], [ 100.4394355, 13.7802267 ], [ 100.4790496, 13.7766535 ], [ 100.4831923, 13.7647162 ], [ 100.4943705, 13.7294583 ], [ 100.4937946, 13.7278386 ], [ 100.5824055, 13.7131264 ], [ 100.58013, 13.7135602 ], [ 100.5775888, 13.7146636 ], [ 100.5759589, 13.7153733 ], [ 100.5842847, 13.7147347 ], [ 100.4806489, 13.7750362 ], [ 100.4566758, 13.7844407 ], [ 100.4619171, 13.7860143 ], [ 100.4721979, 13.7839224 ], [ 100.4742572, 13.7817348 ], [ 100.4753051, 13.7806085 ], [ 100.526637, 13.7209887 ] ] } },
{ "type": "Feature", "properties": { "route_id": 15863695, "name": "149 (4-53) เอกมัย - พุทธมณฑลสาย 2", "ref": "149 (4-53)", "from_stop": "", "to_stop": "", "operator": "TSB", "network": "TSB", "route_type": "bus", "coord_count": 34 }, "geometry": { "type": "LineString", "coordinates": [ [ 100.5831506, 13.720841 ], [ 100.4228662, 13.7811461 ], [ 100.4835788, 13.7709813 ], [ 100.581136, 13.7222791 ], [ 100.5597658, 13.7197944 ], [ 100.3945738, 13.779388 ], [ 100.4272867, 13.7808935 ], [ 100.4309691, 13.7805134 ], [ 100.4376217, 13.7798371 ], [ 100.4394538, 13.7796548 ], [ 100.4764753, 13.7788999 ], [ 100.4749047, 13.7805832 ], [ 100.4801453, 13.7748371 ], [ 100.4783131, 13.7768686 ], [ 100.3948968, 13.783091 ], [ 100.3950097, 13.7783353 ], [ 100.3950697, 13.7761288 ], [ 100.3946675, 13.775097 ], [ 100.3946149, 13.7773511 ], [ 100.3971982, 13.7839567 ], [ 100.4018942, 13.78348 ], [ 100.4163872, 13.7820075 ], [ 100.4939907, 13.7293657 ], [ 100.4934799, 13.7278771 ], [ 100.5659579, 13.7193197 ], [ 100.5807658, 13.7189001 ], [ 100.5797969, 13.7134499 ], [ 100.576481, 13.7148747 ], [ 100.5286913, 13.7212172 ], [ 100.5494243, 13.7240187 ], [ 100.4831757, 13.7570356 ], [ 100.4827746, 13.7644643 ], [ 100.4837263, 13.766447 ], [ 100.4955289, 13.7267788 ] ] } },
{ "type": "Feature", "properties": { "route_id": 15863790, "name": "115 (1-45) สวนสยาม - บางรัก", "ref": "115 (1-45)", "from_stop": "", "to_stop": "", "operator": "smart bus", "network": "smart bus", "route_type": "bus", "coord_count": 44 }, "geometry": { "type": "LineString", "coordinates": [ [ 100.69156, 13.8061469 ], [ 100.5186804, 13.7182267 ], [ 100.5194687, 13.7217981 ], [ 100.5409739, 13.7275528 ], [ 100.5597658, 13.7197944 ], [ 100.5345701, 13.7285062 ], [ 100.5659579, 13.7193197 ], [ 100.5797969, 13.7134499 ], [ 100.576481, 13.7148747 ], [ 100.5848373, 13.7128134 ], [ 100.5869069, 13.7127114 ], [ 100.5892642, 13.7126542 ], [ 100.5913325, 13.7130971 ], [ 100.5952678, 13.7160576 ], [ 100.6909196, 13.8015679 ], [ 100.6850689, 13.7925039 ], [ 100.6873152, 13.793515 ], [ 100.6892272, 13.7943382 ], [ 100.6809754, 13.7907671 ], [ 100.6781265, 13.788655 ], [ 100.6426949, 13.7622391 ], [ 100.6403755, 13.7620057 ], [ 100.6367027, 13.7616002 ], [ 100.6334772, 13.7612301 ], [ 100.6306998, 13.7609139 ], [ 100.6260065, 13.7603756 ], [ 100.6160354, 13.7577153 ], [ 100.6213153, 13.7598292 ], [ 100.6146753, 13.7563712 ], [ 100.6127055, 13.7543645 ], [ 100.646609, 13.7660442 ], [ 100.6541409, 13.7720165 ], [ 100.6507827, 13.76788 ], [ 100.6490265, 13.7665288 ], [ 100.5494243, 13.7240187 ], [ 100.5227957, 13.7243275 ], [ 100.5207919, 13.7235996 ], [ 100.665836, 13.7786357 ], [ 100.6611841, 13.7763276 ], [ 100.6587503, 13.7751643 ], [ 100.6561366, 13.7735566 ], [ 100.6696329, 13.7807104 ], [ 100.6678254, 13.7796419 ], [ 100.5310647, 13.7272758 ] ] } },
{ "type": "Feature", "properties": { "route_id": 15863791, "name": "115 (1-45) บางรัก - สวนสยาม", "ref": "115 (1-45)", "from_stop": "", "to_stop": "", "operator": "smart bus", "network": "smart bus", "route_type": "bus", "coord_count": 45 }, "geometry": { "type": "LineString", "coordinates": [ [ 100.5186804, 13.7182267 ], [ 100.6914685, 13.8045593 ], [ 100.5159889, 13.7207712 ], [ 100.5408752, 13.7279766 ], [ 100.5608084, 13.7196638 ], [ 100.5492578, 13.7244531 ], [ 100.5173506, 13.7225949 ], [ 100.5824055, 13.7131264 ], [ 100.5849846, 13.7130421 ], [ 100.58013, 13.7135602 ], [ 100.5775888, 13.7146636 ], [ 100.5759589, 13.7153733 ], [ 100.5889726, 13.7129021 ], [ 100.591466, 13.7134044 ], [ 100.594993, 13.7157335 ], [ 100.6757881, 13.7861014 ], [ 100.6780623, 13.7889955 ], [ 100.6799946, 13.7906804 ], [ 100.6849441, 13.7927924 ], [ 100.687224, 13.7937414 ], [ 100.6883948, 13.7942735 ], [ 100.6891139, 13.7945569 ], [ 100.6724347, 13.782753 ], [ 100.6740392, 13.7842433 ], [ 100.6180964, 13.7595569 ], [ 100.6125138, 13.7545597 ], [ 100.6144771, 13.7565013 ], [ 100.6228216, 13.7602484 ], [ 100.6270932, 13.7607263 ], [ 100.6313122, 13.7612199 ], [ 100.6347865, 13.7616055 ], [ 100.6380937, 13.761999 ], [ 100.6394807, 13.7621509 ], [ 100.6454953, 13.7635099 ], [ 100.6692144, 13.7807308 ], [ 100.6677507, 13.7798593 ], [ 100.6617068, 13.7769239 ], [ 100.6588843, 13.7755002 ], [ 100.6561156, 13.7738129 ], [ 100.6536705, 13.7717574 ], [ 100.5334699, 13.728363 ], [ 100.5311468, 13.72755 ], [ 100.6068141, 13.7489683 ], [ 100.609143, 13.7511958 ], [ 100.6651505, 13.77856 ] ] } },
{ "type": "Feature", "properties": { "route_id": 15870234, "name": "43 (4-11) โรงเรียนศึกษานารี 2 - เทเวศร์", "ref": "43 (4-11)", "from_stop": "", "to_stop": "", "operator": "smart bus", "network": "smart bus", "route_type": "bus", "coord_count": 51 }, "geometry": { "type": "LineString", "coordinates": [ [ 100.3571303, 13.6260647 ], [ 100.5071856, 13.7685739 ], [ 100.4719648, 13.7150109 ], [ 100.4723885, 13.7186793 ], [ 100.4721328, 13.7166854 ], [ 100.4771305, 13.7209248 ], [ 100.4938507, 13.7545279 ], [ 100.4987602, 13.7429789 ], [ 100.4972665, 13.7360541 ], [ 100.3708331, 13.6377584 ], [ 100.3726911, 13.6393293 ], [ 100.3666878, 13.6341993 ], [ 100.3677752, 13.6351351 ], [ 100.4975824, 13.7627001 ], [ 100.4921642, 13.7597612 ], [ 100.4619743, 13.6998251 ], [ 100.4675832, 13.7000727 ], [ 100.4676822, 13.7025717 ], [ 100.4678117, 13.7049723 ], [ 100.4705886, 13.7113711 ], [ 100.470019, 13.7100822 ], [ 100.4692513, 13.7084517 ], [ 100.4687159, 13.7071927 ], [ 100.4650269, 13.6991261 ], [ 100.4747482, 13.7202385 ], [ 100.4589129, 13.6974044 ], [ 100.4599072, 13.6986991 ], [ 100.4894763, 13.7270064 ], [ 100.4862215, 13.72529 ], [ 100.483724, 13.7228904 ], [ 100.4800473, 13.721777 ], [ 100.4089261, 13.6649162 ], [ 100.4120952, 13.6667298 ], [ 100.4163764, 13.6691605 ], [ 100.4190571, 13.6706216 ], [ 100.4247034, 13.6735867 ], [ 100.4263768, 13.6744575 ], [ 100.4308888, 13.6769031 ], [ 100.4341794, 13.6787781 ], [ 100.4360012, 13.6798426 ], [ 100.4388577, 13.6814616 ], [ 100.4416257, 13.6830257 ], [ 100.444244, 13.6843826 ], [ 100.4467091, 13.6856117 ], [ 100.4490046, 13.6870386 ], [ 100.4512452, 13.6887711 ], [ 100.4531549, 13.6902389 ], [ 100.4544742, 13.6917725 ], [ 100.4557257, 13.6933991 ], [ 100.4572526, 13.695242 ], [ 100.495062, 13.74728 ] ] } },
{ "type": "Feature", "properties": { "route_id": 15870235, "name": "43 (4-11) เทเวศร์ - โรงเรียนศึกษานารี 2", "ref": "43 (4-11)", "from_stop": "", "to_stop": "", "operator": "smart bus", "network": "smart bus", "route_type": "bus", "coord_count": 62 }, "geometry": { "type": "LineString", "coordinates": [ [ 100.5071856, 13.7685739 ], [ 100.3571303, 13.6260647 ], [ 100.5049524, 13.7705092 ], [ 100.5044091, 13.7703332 ], [ 100.499864, 13.7278172 ], [ 100.492211, 13.760042 ], [ 100.4927653, 13.7597844 ], [ 100.492562, 13.7565688 ], [ 100.4956838, 13.7473994 ], [ 100.4777992, 13.7210093 ], [ 100.4898158, 13.7267443 ], [ 100.3653085, 13.632721 ], [ 100.3670107, 13.6341655 ], [ 100.3684781, 13.6354144 ], [ 100.4896104, 13.7506611 ], [ 100.4895528, 13.7528056 ], [ 100.4735144, 13.7197839 ], [ 100.471554, 13.7134667 ], [ 100.4720385, 13.7147498 ], [ 100.4721898, 13.7162564 ], [ 100.4724883, 13.7185306 ], [ 100.4680153, 13.7006837 ], [ 100.4678802, 13.7026064 ], [ 100.4676776, 13.7043654 ], [ 100.4681803, 13.7055605 ], [ 100.4688151, 13.7071359 ], [ 100.4693559, 13.7084137 ], [ 100.4707063, 13.7113726 ], [ 100.4582388, 13.6963162 ], [ 100.459809, 13.6983571 ], [ 100.4617111, 13.6998222 ], [ 100.4652122, 13.6989945 ], [ 100.4763405, 13.720597 ], [ 100.4809408, 13.7219006 ], [ 100.4834604, 13.7226428 ], [ 100.485616, 13.7244885 ], [ 100.5034398, 13.7426998 ], [ 100.5050793, 13.7448146 ], [ 100.4445767, 13.6843759 ], [ 100.4425401, 13.6832536 ], [ 100.4409982, 13.6824164 ], [ 100.4389079, 13.6812267 ], [ 100.4350662, 13.6790308 ], [ 100.4298481, 13.676039 ], [ 100.4268342, 13.6744416 ], [ 100.4247431, 13.6733333 ], [ 100.4189482, 13.6702822 ], [ 100.4165512, 13.6689963 ], [ 100.4130633, 13.6669948 ], [ 100.4093798, 13.6648975 ], [ 100.4463607, 13.6853723 ], [ 100.4572496, 13.6950476 ], [ 100.4558822, 13.6933934 ], [ 100.4550077, 13.6922648 ], [ 100.4531502, 13.6900676 ], [ 100.451035, 13.6884626 ], [ 100.4486805, 13.6866929 ], [ 100.501895, 13.7470886 ], [ 100.4955289, 13.7267788 ], [ 100.4905828, 13.7471001 ], [ 100.491784, 13.7455397 ], [ 100.4927559, 13.744408 ] ] } },
{ "type": "Feature", "properties": { "route_id": 15887286, "name": "90 ปอ. ปทุมธานี - สถานีรถไฟฟ้าหมอชิต", "ref": "90", "from_stop": "", "to_stop": "", "operator": "", "network": "DLT", "route_type": "bus", "coord_count": 46 }, "geometry": { "type": "LineString", "coordinates": [ [ 100.4987658, 13.8438195 ], [ 100.4987783, 13.8437222 ], [ 100.4968872, 13.8435466 ], [ 100.4969019, 13.8434569 ], [ 100.5338211, 14.0172896 ], [ 100.55669, 13.8072755 ], [ 100.5119091, 13.8440694 ], [ 100.5534966, 13.8027584 ], [ 100.5541188, 13.8037679 ], [ 100.551008, 13.967973 ], [ 100.5310276, 14.0183639 ], [ 100.5281473, 14.0188692 ], [ 100.5253589, 14.0209777 ], [ 100.5262678, 14.0302508 ], [ 100.5338311, 14.0300068 ], [ 100.5427137, 14.0224025 ], [ 100.5473876, 14.0177336 ], [ 100.5509915, 14.0140797 ], [ 100.5519924, 14.0130754 ], [ 100.5539621, 14.0095634 ], [ 100.555835, 13.9993811 ], [ 100.5118464, 13.844088 ], [ 100.5152239, 13.8157852 ], [ 100.5180772, 13.8139286 ], [ 100.5206248, 13.8147441 ], [ 100.5219, 13.8114822 ], [ 100.5217344, 13.807864 ], [ 100.5542687, 13.9962042 ], [ 100.551102, 13.9936417 ], [ 100.5507799, 13.989794 ], [ 100.5507802, 13.9872712 ], [ 100.5507856, 13.9842963 ], [ 100.5507781, 13.9815068 ], [ 100.5507819, 13.9784567 ], [ 100.5507997, 13.9730962 ], [ 100.5508314, 13.9663378 ], [ 100.5508026, 13.9581283 ], [ 100.5488415, 13.9532485 ], [ 100.5476001, 13.9508863 ], [ 100.5464418, 13.9486459 ], [ 100.5454491, 13.9467544 ], [ 100.5431085, 13.9422852 ], [ 100.5044375, 13.9059357 ], [ 100.5054337, 13.9032893 ], [ 100.5059188, 13.9019915 ], [ 100.506355, 13.9008624 ] ] } },
{ "type": "Feature", "properties": { "route_id": 15887287, "name": "90 ปอ. สถานีรถไฟฟ้าหมอชิต - ปทุมธานี", "ref": "90", "from_stop": "", "to_stop": "", "operator": "", "network": "DLT", "route_type": "bus", "coord_count": 48 }, "geometry": { "type": "LineString", "coordinates": [ [ 100.55669, 13.8072755 ], [ 100.496831, 13.8435819 ], [ 100.4968406, 13.8435392 ], [ 100.5343453, 14.0180176 ], [ 100.5139745, 13.8475603 ], [ 100.5139281, 13.8475913 ], [ 100.5115772, 13.844263 ], [ 100.5116365, 13.8442099 ], [ 100.5398879, 13.9665978 ], [ 100.5065906, 13.9101721 ], [ 100.5276475, 14.0192534 ], [ 100.5310567, 14.0185829 ], [ 100.5257497, 14.0206513 ], [ 100.5255239, 14.0285886 ], [ 100.5333199, 14.0296765 ], [ 100.5424721, 14.0221266 ], [ 100.5482233, 14.0164063 ], [ 100.5542872, 14.0062893 ], [ 100.5517528, 14.0128186 ], [ 100.5505014, 14.0140709 ], [ 100.5554857, 13.9998545 ], [ 100.5150236, 13.8155246 ], [ 100.5184868, 13.8138234 ], [ 100.5211312, 13.8138287 ], [ 100.5216828, 13.8104968 ], [ 100.5215146, 13.8071058 ], [ 100.5425381, 13.941745 ], [ 100.546014, 13.9483431 ], [ 100.5473753, 13.950974 ], [ 100.5489955, 13.9540875 ], [ 100.550533, 13.9580988 ], [ 100.5505069, 13.9662841 ], [ 100.5490138, 13.9675487 ], [ 100.5439178, 13.9666271 ], [ 100.5495218, 13.9679304 ], [ 100.5505386, 13.9736302 ], [ 100.5505351, 13.978307 ], [ 100.5505398, 13.9815682 ], [ 100.5505241, 13.986925 ], [ 100.5505322, 13.9894512 ], [ 100.5509502, 13.9938728 ], [ 100.5544531, 13.9966462 ], [ 100.5509873, 13.7969982 ], [ 100.5501941, 13.7948002 ], [ 100.5495225, 13.7929764 ], [ 100.5058103, 13.9015212 ], [ 100.5051159, 13.9033712 ], [ 100.5066668, 13.899256 ] ] } },
{ "type": "Feature", "properties": { "route_id": 15955957, "name": "45 (3-9E) หนามแดง - สี่พระยา", "ref": "45 (3-9E)", "from_stop": "", "to_stop": "", "operator": "BMTA", "network": "BMTA", "route_type": "bus", "coord_count": 23 }, "geometry": { "type": "LineString", "coordinates": [ [ 100.6558112, 13.6157006 ], [ 100.5977563, 13.6516965 ], [ 100.6063553, 13.6727763 ], [ 100.5301181, 13.7318716 ], [ 100.6500987, 13.6177558 ], [ 100.6437667, 13.620027 ], [ 100.6364001, 13.6225902 ], [ 100.6344424, 13.6234924 ], [ 100.628092, 13.626835 ], [ 100.6246278, 13.6286906 ], [ 100.6153541, 13.6336697 ], [ 100.6118303, 13.6355659 ], [ 100.6072943, 13.6382434 ], [ 100.6027579, 13.6419603 ], [ 100.5993004, 13.6553532 ], [ 100.5997071, 13.6563143 ], [ 100.60049, 13.6582402 ], [ 100.6019186, 13.6617889 ], [ 100.6030067, 13.6644208 ], [ 100.6040881, 13.6669666 ], [ 100.5494243, 13.7240187 ], [ 100.5409739, 13.7275528 ], [ 100.5353832, 13.7298722 ] ] } },
{ "type": "Feature", "properties": { "route_id": 15955958, "name": "45 (3-9E) สี่พระยา - หนามแดง", "ref": "45 (3-9E)", "from_stop": "", "to_stop": "", "operator": "BMTA", "network": "BMTA", "route_type": "bus", "coord_count": 38 }, "geometry": { "type": "LineString", "coordinates": [ [ 100.6558112, 13.6157006 ], [ 100.5195223, 13.7309441 ], [ 100.5238537, 13.7316787 ], [ 100.5301181, 13.7318716 ], [ 100.5231658, 13.7273039 ], [ 100.5408752, 13.7279766 ], [ 100.5492578, 13.7244531 ], [ 100.6060888, 13.6710779 ], [ 100.5974672, 13.6502019 ], [ 100.5144976, 13.7300329 ], [ 100.5151579, 13.7301469 ], [ 100.5169844, 13.730455 ], [ 100.5320991, 13.7316382 ], [ 100.530414, 13.732345 ], [ 100.5347562, 13.7305216 ], [ 100.6034496, 13.6648346 ], [ 100.6043374, 13.6669548 ], [ 100.602013, 13.6612652 ], [ 100.6006766, 13.6579629 ], [ 100.5998211, 13.655973 ], [ 100.5985461, 13.6528586 ], [ 100.5976722, 13.6448756 ], [ 100.603407, 13.6418977 ], [ 100.6079971, 13.6380584 ], [ 100.612293, 13.6356363 ], [ 100.6163223, 13.6334703 ], [ 100.6247793, 13.6289682 ], [ 100.6282953, 13.6270821 ], [ 100.6367469, 13.6227673 ], [ 100.6344343, 13.6238105 ], [ 100.6494955, 13.6182504 ], [ 100.6444596, 13.6200581 ], [ 100.525989, 13.732016 ], [ 100.5217426, 13.7313172 ], [ 100.5247759, 13.7317558 ], [ 100.5236412, 13.7297899 ], [ 100.5197895, 13.7262525 ], [ 100.5158158, 13.7283059 ] ] } },
{ "type": "Feature", "properties": { "route_id": 15971179, "name": "4-70E สถานีรถไฟฟ้าหมอชิต - เซ็นทรัลศาลายา", "ref": "4-70E", "from_stop": "", "to_stop": "", "operator": "BMTA", "network": "BMTA", "route_type": "bus", "coord_count": 60 }, "geometry": { "type": "LineString", "coordinates": [ [ 100.5541188, 13.8037679 ], [ 100.2786115, 13.7870278 ], [ 100.55669, 13.8072755 ], [ 100.5551092, 13.8045801 ], [ 100.5479754, 13.8053937 ], [ 100.3032372, 13.7959749 ], [ 100.3034342, 13.7988321 ], [ 100.3035943, 13.8014499 ], [ 100.4536743, 13.7830128 ], [ 100.4572822, 13.7840911 ], [ 100.4614884, 13.785346 ], [ 100.4619171, 13.7860143 ], [ 100.4566758, 13.7844407 ], [ 100.4228662, 13.7811461 ], [ 100.4451124, 13.7803838 ], [ 100.4429861, 13.7797936 ], [ 100.4272867, 13.7808935 ], [ 100.4309691, 13.7805134 ], [ 100.4376217, 13.7798371 ], [ 100.4394538, 13.7796548 ], [ 100.4018942, 13.78348 ], [ 100.3971982, 13.7839567 ], [ 100.3897134, 13.7847241 ], [ 100.4163872, 13.7820075 ], [ 100.2839986, 13.8039849 ], [ 100.2797148, 13.8045349 ], [ 100.3151637, 13.8015524 ], [ 100.312557, 13.8017401 ], [ 100.3052267, 13.8023027 ], [ 100.3013479, 13.8025832 ], [ 100.2993164, 13.8027536 ], [ 100.2963772, 13.8029912 ], [ 100.2934161, 13.8031863 ], [ 100.2902871, 13.8034324 ], [ 100.2723114, 13.8018415 ], [ 100.2707982, 13.7959615 ], [ 100.2696879, 13.7857788 ], [ 100.2732818, 13.7859192 ], [ 100.3176993, 13.8013338 ], [ 100.322486, 13.8011063 ], [ 100.3245377, 13.8010207 ], [ 100.3269672, 13.8001962 ], [ 100.3270935, 13.7969694 ], [ 100.3272267, 13.7927195 ], [ 100.3416248, 13.7879206 ], [ 100.3393858, 13.7878456 ], [ 100.3338442, 13.7876428 ], [ 100.3637431, 13.7874366 ], [ 100.3681789, 13.7869517 ], [ 100.371917, 13.7865659 ], [ 100.3759154, 13.7861605 ], [ 100.3778471, 13.7859484 ], [ 100.3846097, 13.7852589 ], [ 100.548221, 13.7989218 ], [ 100.5481727, 13.8007799 ], [ 100.3593361, 13.7878843 ], [ 100.3573462, 13.7880898 ], [ 100.3516433, 13.7882944 ], [ 100.347907, 13.7881606 ], [ 100.3444275, 13.7880314 ] ] } },
{ "type": "Feature", "properties": { "route_id": 16016024, "name": "204 (2-52) หมอชิต 2 - ห้วยขวาง - ท่าน้ำราชวงศ์", "ref": "204 (2-52)", "from_stop": "", "to_stop": "", "operator": "BMTA", "network": "BMTA", "route_type": "bus", "coord_count": 36 }, "geometry": { "type": "LineString", "coordinates": [ [ 100.5044466, 13.7388264 ], [ 100.5407927, 13.8001935 ], [ 100.5407277, 13.8046313 ], [ 100.5431934, 13.8040442 ], [ 100.5483789, 13.8043055 ], [ 100.5481518, 13.811066 ], [ 100.5493186, 13.8132289 ], [ 100.5407658, 13.7470321 ], [ 100.5334091, 13.7456566 ], [ 100.5416749, 13.7525418 ], [ 100.5458694, 13.763376 ], [ 100.5537563, 13.7608954 ], [ 100.5521771, 13.7616893 ], [ 100.5503128, 13.7626215 ], [ 100.5482086, 13.8081416 ], [ 100.5484477, 13.8016321 ], [ 100.5485475, 13.7991581 ], [ 100.55669, 13.8072755 ], [ 100.5537722, 13.8023336 ], [ 100.5525741, 13.8002484 ], [ 100.5681057, 13.7775609 ], [ 100.5671726, 13.7751143 ], [ 100.5670312, 13.7792618 ], [ 100.5672725, 13.7809906 ], [ 100.5672105, 13.7830363 ], [ 100.5671105, 13.7862492 ], [ 100.5669615, 13.7879719 ], [ 100.5612637, 13.7744857 ], [ 100.5624417, 13.7752307 ], [ 100.5641095, 13.7755147 ], [ 100.5425767, 13.7576831 ], [ 100.5426067, 13.7604858 ], [ 100.5164518, 13.7471855 ], [ 100.5509873, 13.7969982 ], [ 100.5501941, 13.7948002 ], [ 100.5495225, 13.7929764 ] ] } },
{ "type": "Feature", "properties": { "route_id": 16016025, "name": "204 (2-52) ท่าน้ำราชวงศ์ - ห้วยขวาง - หมอชิต 2", "ref": "204 (2-52)", "from_stop": "", "to_stop": "", "operator": "BMTA", "network": "BMTA", "route_type": "bus", "coord_count": 32 }, "geometry": { "type": "LineString", "coordinates": [ [ 100.5044466, 13.7388264 ], [ 100.5407927, 13.8001935 ], [ 100.5416766, 13.7533375 ], [ 100.5534966, 13.8027584 ], [ 100.5541188, 13.8037679 ], [ 100.5404919, 13.7473108 ], [ 100.5330435, 13.7458988 ], [ 100.5446513, 13.7633488 ], [ 100.5292583, 13.7465853 ], [ 100.5366237, 13.7452928 ], [ 100.5366237, 13.7452928 ], [ 100.5511977, 13.762463 ], [ 100.5533071, 13.7613993 ], [ 100.5678788, 13.7766624 ], [ 100.5657947, 13.7754537 ], [ 100.5493233, 13.8243513 ], [ 100.5501896, 13.8261875 ], [ 100.5520093, 13.8282253 ], [ 100.5588242, 13.8142246 ], [ 100.5583285, 13.8188214 ], [ 100.5581299, 13.821977 ], [ 100.5577701, 13.8250213 ], [ 100.557207, 13.8088892 ], [ 100.5668755, 13.7886388 ], [ 100.5670194, 13.7863909 ], [ 100.5671173, 13.7836251 ], [ 100.567175, 13.7814503 ], [ 100.567037, 13.7796381 ], [ 100.562102, 13.7751134 ], [ 100.5637717, 13.7756133 ], [ 100.5500252, 13.8127228 ], [ 100.5260187, 13.7471614 ] ] } },
{ "type": "Feature", "properties": { "route_id": 16032657, "name": "33 (2-6) ปทุมธานี - เทเวศร์", "ref": "33 (2-6)", "from_stop": "", "to_stop": "", "operator": "Bus 33", "network": "DLT", "route_type": "bus", "coord_count": 32 }, "geometry": { "type": "LineString", "coordinates": [ [ 100.5338211, 14.0172896 ], [ 100.5046114, 13.7687207 ], [ 100.5118464, 13.844088 ], [ 100.5119091, 13.8440694 ], [ 100.5068582, 13.7748439 ], [ 100.5096449, 13.7808055 ], [ 100.5310276, 14.0183639 ], [ 100.5281473, 14.0188692 ], [ 100.5152239, 13.8157852 ], [ 100.5180772, 13.8139286 ], [ 100.5206248, 13.8147441 ], [ 100.5219, 13.8114822 ], [ 100.5217344, 13.807864 ], [ 100.5192629, 13.958571 ], [ 100.526198, 13.9566662 ], [ 100.5278108, 13.9550554 ], [ 100.5309126, 13.9519642 ], [ 100.5393433, 13.9435621 ], [ 100.5190884, 13.9997251 ], [ 100.5179711, 13.9964796 ], [ 100.5157723, 13.9902814 ], [ 100.5149473, 13.9838476 ], [ 100.514732, 13.9803988 ], [ 100.5146097, 13.9785021 ], [ 100.5144951, 13.9767329 ], [ 100.5140209, 13.969337 ], [ 100.5139346, 13.9679585 ], [ 100.51373, 13.9648003 ], [ 100.5044375, 13.9059357 ], [ 100.5054337, 13.9032893 ], [ 100.5059188, 13.9019915 ], [ 100.506355, 13.9008624 ] ] } },
{ "type": "Feature", "properties": { "route_id": 16032658, "name": "33 (2-6) เทเวศร์ - ปทุมธานี", "ref": "33 (2-6)", "from_stop": "", "to_stop": "", "operator": "Bus 33", "network": "DLT", "route_type": "bus", "coord_count": 39 }, "geometry": { "type": "LineString", "coordinates": [ [ 100.5338211, 14.0172896 ], [ 100.5046114, 13.7687207 ], [ 100.5061765, 13.7669585 ], [ 100.5127654, 13.7848581 ], [ 100.5343453, 14.0180176 ], [ 100.5085404, 13.7704505 ], [ 100.5098597, 13.7731774 ], [ 100.5107039, 13.774908 ], [ 100.5108643, 13.7807198 ], [ 100.5122167, 13.7780482 ], [ 100.5276475, 14.0192534 ], [ 100.5310567, 14.0185829 ], [ 100.5139745, 13.8475603 ], [ 100.5139281, 13.8475913 ], [ 100.5116365, 13.8442099 ], [ 100.5150236, 13.8155246 ], [ 100.5184868, 13.8138234 ], [ 100.5211312, 13.8138287 ], [ 100.5216828, 13.8104968 ], [ 100.5215146, 13.8071058 ], [ 100.5414589, 13.9409751 ], [ 100.5391671, 13.9432814 ], [ 100.530629, 13.9517748 ], [ 100.5269108, 13.9554696 ], [ 100.5252897, 13.9570911 ], [ 100.5194124, 13.958231 ], [ 100.5134367, 13.9655609 ], [ 100.5136439, 13.9687631 ], [ 100.5139859, 13.9740857 ], [ 100.5141566, 13.9767447 ], [ 100.5142744, 13.9785639 ], [ 100.5143936, 13.9805141 ], [ 100.5145296, 13.9826212 ], [ 100.5157183, 13.9911065 ], [ 100.5176225, 13.9963987 ], [ 100.5187073, 13.9996004 ], [ 100.5058103, 13.9015212 ], [ 100.5051159, 13.9033712 ], [ 100.5066668, 13.899256 ] ] } },
{ "type": "Feature", "properties": { "route_id": 16128201, "name": "529 (4-28) แสมดำ - อนุสาวรีย์ชัยสมรภูมิ", "ref": "529 (4-28)", "from_stop": "", "to_stop": "", "operator": "TSB", "network": "TSB", "route_type": "bus", "coord_count": 61 }, "geometry": { "type": "LineString", "coordinates": [ [ 100.3644111, 13.5973219 ], [ 100.5384722, 13.7641638 ], [ 100.3722349, 13.6052147 ], [ 100.3819666, 13.6150679 ], [ 100.3869552, 13.6201161 ], [ 100.3888817, 13.6220751 ], [ 100.4622218, 13.6766263 ], [ 100.4666167, 13.679114 ], [ 100.4679758, 13.6796862 ], [ 100.4744861, 13.6814417 ], [ 100.4783713, 13.6824083 ], [ 100.481053, 13.6831098 ], [ 100.4834282, 13.6836982 ], [ 100.4856809, 13.6843237 ], [ 100.4859799, 13.6864485 ], [ 100.4821878, 13.6891351 ], [ 100.4811871, 13.6904705 ], [ 100.4825556, 13.6962032 ], [ 100.4836709, 13.6995032 ], [ 100.4845533, 13.7020498 ], [ 100.4864542, 13.7075065 ], [ 100.4873205, 13.7100576 ], [ 100.4884896, 13.7133679 ], [ 100.4893465, 13.7159003 ], [ 100.4902547, 13.7185043 ], [ 100.4921168, 13.7239107 ], [ 100.4934799, 13.7278771 ], [ 100.4939907, 13.7293657 ], [ 100.5175524, 13.7375829 ], [ 100.5314676, 13.752007 ], [ 100.4178961, 13.6482698 ], [ 100.4139842, 13.645368 ], [ 100.4208025, 13.6504437 ], [ 100.4223116, 13.6515284 ], [ 100.4246453, 13.6532696 ], [ 100.4288892, 13.6563998 ], [ 100.5148025, 13.7394364 ], [ 100.4448596, 13.666133 ], [ 100.5199323, 13.7364899 ], [ 100.5221915, 13.7355861 ], [ 100.523896, 13.7349011 ], [ 100.5255442, 13.7342503 ], [ 100.5288227, 13.7340804 ], [ 100.5291586, 13.7361738 ], [ 100.5294507, 13.7381189 ], [ 100.5298947, 13.7410141 ], [ 100.5303629, 13.7443552 ], [ 100.4564426, 13.6731121 ], [ 100.4716629, 13.6807096 ], [ 100.4599471, 13.6752534 ], [ 100.4582183, 13.6742058 ], [ 100.4499979, 13.6692121 ], [ 100.4416151, 13.6641696 ], [ 100.4395618, 13.6629625 ], [ 100.4356226, 13.6605387 ], [ 100.4311642, 13.6578492 ], [ 100.4061092, 13.6393764 ], [ 100.4031167, 13.6364291 ], [ 100.4007128, 13.6340022 ], [ 100.3944561, 13.6276737 ], [ 100.3928319, 13.6260254 ] ] } },
{ "type": "Feature", "properties": { "route_id": 16128202, "name": "529 (4-28) อนุสาวรีย์ชัยสมรภูมิ - แสมดำ", "ref": "529 (4-28)", "from_stop": "", "to_stop": "", "operator": "TSB", "network": "TSB", "route_type": "bus", "coord_count": 67 }, "geometry": { "type": "LineString", "coordinates": [ [ 100.3644111, 13.5973219 ], [ 100.5384722, 13.7641638 ], [ 100.5304872, 13.7435144 ], [ 100.5179834, 13.7369281 ], [ 100.4956098, 13.733095 ], [ 100.4943705, 13.7294583 ], [ 100.4937946, 13.7278386 ], [ 100.4935155, 13.72566 ], [ 100.4906404, 13.718738 ], [ 100.489799, 13.7162701 ], [ 100.4889574, 13.713834 ], [ 100.4875642, 13.7097733 ], [ 100.4865561, 13.7067938 ], [ 100.4849014, 13.7020258 ], [ 100.4840053, 13.6994491 ], [ 100.4827778, 13.6959161 ], [ 100.481345, 13.6911278 ], [ 100.4825406, 13.6892614 ], [ 100.4861234, 13.6867222 ], [ 100.4869313, 13.684054 ], [ 100.4850272, 13.6834099 ], [ 100.4818144, 13.6826057 ], [ 100.4783817, 13.6816648 ], [ 100.47502, 13.6808662 ], [ 100.4722481, 13.680149 ], [ 100.4684089, 13.6791021 ], [ 100.4667568, 13.6784369 ], [ 100.4291726, 13.6557283 ], [ 100.4252353, 13.6528184 ], [ 100.4229594, 13.6511393 ], [ 100.4207862, 13.6495193 ], [ 100.4153396, 13.6455015 ], [ 100.4063852, 13.6387045 ], [ 100.4037764, 13.6361209 ], [ 100.4003992, 13.6326955 ], [ 100.3973315, 13.6296456 ], [ 100.3935161, 13.6257685 ], [ 100.3893072, 13.6214787 ], [ 100.3871041, 13.6192712 ], [ 100.3825132, 13.6146228 ], [ 100.3728578, 13.6048446 ], [ 100.364651, 13.5965059 ], [ 100.3636643, 13.5954957 ], [ 100.5034398, 13.7426998 ], [ 100.5366969, 13.7618132 ], [ 100.5352911, 13.7592845 ], [ 100.5327982, 13.7548007 ], [ 100.5337995, 13.756611 ], [ 100.4401228, 13.6624596 ], [ 100.4361263, 13.6600526 ], [ 100.5123253, 13.7384508 ], [ 100.5108666, 13.7396852 ], [ 100.507711, 13.7415174 ], [ 100.5054593, 13.7436567 ], [ 100.4600131, 13.6744976 ], [ 100.447648, 13.6670128 ], [ 100.5234179, 13.7348082 ], [ 100.5264863, 13.7335351 ], [ 100.5294139, 13.736137 ], [ 100.529702, 13.7381985 ], [ 100.5300542, 13.7405426 ], [ 100.4627002, 13.6760925 ], [ 100.4613309, 13.6752688 ], [ 100.4560109, 13.6720502 ], [ 100.4506608, 13.6688298 ], [ 100.4490573, 13.6678577 ], [ 100.4451962, 13.6655162 ] ] } },
{ "type": "Feature", "properties": { "route_id": 16186314, "name": "124 (4-51) บ้านเอื้ออาทรศาลายา - สนามหลวง", "ref": "124 (4-51)", "from_stop": "", "to_stop": "", "operator": "smart bus", "network": "smart bus", "route_type": "bus", "coord_count": 59 }, "geometry": { "type": "LineString", "coordinates": [ [ 100.2697377, 13.8052715 ], [ 100.492211, 13.760042 ], [ 100.363738, 13.7879248 ], [ 100.3680186, 13.7874969 ], [ 100.3719734, 13.7870862 ], [ 100.3760432, 13.786663 ], [ 100.3778536, 13.7864868 ], [ 100.38082, 13.7861635 ], [ 100.3863743, 13.7855903 ], [ 100.3893411, 13.7852776 ], [ 100.3964337, 13.7845627 ], [ 100.4017709, 13.7840117 ], [ 100.4053684, 13.7836364 ], [ 100.4162749, 13.782553 ], [ 100.4200426, 13.7821648 ], [ 100.4217365, 13.7819729 ], [ 100.4275662, 13.7813735 ], [ 100.4320484, 13.7809242 ], [ 100.4394355, 13.7802267 ], [ 100.4430402, 13.7803949 ], [ 100.4450732, 13.780958 ], [ 100.4566758, 13.7844407 ], [ 100.4619171, 13.7860143 ], [ 100.4707875, 13.7854099 ], [ 100.4721979, 13.7839224 ], [ 100.4742572, 13.7817348 ], [ 100.4753051, 13.7806085 ], [ 100.4777453, 13.7780114 ], [ 100.4790496, 13.7766535 ], [ 100.4806489, 13.7750362 ], [ 100.484065, 13.7711293 ], [ 100.4884052, 13.7656139 ], [ 100.2799441, 13.8047298 ], [ 100.2837301, 13.8042411 ], [ 100.2908686, 13.8036082 ], [ 100.2943967, 13.8033427 ], [ 100.296526, 13.8031583 ], [ 100.2992994, 13.8029526 ], [ 100.3016232, 13.80278 ], [ 100.3048908, 13.8025351 ], [ 100.3135565, 13.8018697 ], [ 100.3162647, 13.8016635 ], [ 100.3183121, 13.8015433 ], [ 100.3223751, 13.8013683 ], [ 100.3242506, 13.8013088 ], [ 100.3275352, 13.7963165 ], [ 100.3276817, 13.7930165 ], [ 100.3338247, 13.7881584 ], [ 100.3394302, 13.7883642 ], [ 100.3420484, 13.7884599 ], [ 100.4927653, 13.7597844 ], [ 100.3273799, 13.799965 ], [ 100.3435844, 13.788527 ], [ 100.3514552, 13.7888124 ], [ 100.3535838, 13.7888472 ], [ 100.3565134, 13.7886997 ], [ 100.3573806, 13.7886013 ], [ 100.3609234, 13.7882397 ], [ 100.3589243, 13.78844 ] ] } },
{ "type": "Feature", "properties": { "route_id": 16186315, "name": "124 (4-51) สนามหลวง - บ้านเอื้ออาทรศาลายา", "ref": "124 (4-51)", "from_stop": "สนามหลวง", "to_stop": "ศาลายา", "operator": "smart bus", "network": "smart bus", "route_type": "bus", "coord_count": 59 }, "geometry": { "type": "LineString", "coordinates": [ [ 100.2697377, 13.8052715 ], [ 100.492211, 13.760042 ], [ 100.492562, 13.7565688 ], [ 100.490084, 13.7560677 ], [ 100.4895528, 13.7528056 ], [ 100.4896104, 13.7506611 ], [ 100.4938507, 13.7545279 ], [ 100.4879947, 13.7652886 ], [ 100.4835788, 13.7709813 ], [ 100.4801453, 13.7748371 ], [ 100.4783131, 13.7768686 ], [ 100.4764753, 13.7788999 ], [ 100.4749047, 13.7805832 ], [ 100.4719638, 13.7837196 ], [ 100.4700409, 13.7857529 ], [ 100.4614884, 13.785346 ], [ 100.4572822, 13.7840911 ], [ 100.4536743, 13.7830128 ], [ 100.4451124, 13.7803838 ], [ 100.4429861, 13.7797936 ], [ 100.4394538, 13.7796548 ], [ 100.4376217, 13.7798371 ], [ 100.4309691, 13.7805134 ], [ 100.4272867, 13.7808935 ], [ 100.4228662, 13.7811461 ], [ 100.4163872, 13.7820075 ], [ 100.4018942, 13.78348 ], [ 100.3971982, 13.7839567 ], [ 100.3897134, 13.7847241 ], [ 100.3846097, 13.7852589 ], [ 100.3778471, 13.7859484 ], [ 100.3759154, 13.7861605 ], [ 100.371917, 13.7865659 ], [ 100.3681789, 13.7869517 ], [ 100.3637431, 13.7874366 ], [ 100.2839986, 13.8039849 ], [ 100.3013479, 13.8025832 ], [ 100.2993164, 13.8027536 ], [ 100.2963772, 13.8029912 ], [ 100.2934161, 13.8031863 ], [ 100.2902871, 13.8034324 ], [ 100.3151637, 13.8015524 ], [ 100.312557, 13.8017401 ], [ 100.3052267, 13.8023027 ], [ 100.3176993, 13.8013338 ], [ 100.322486, 13.8011063 ], [ 100.3245377, 13.8010207 ], [ 100.3269672, 13.8001962 ], [ 100.3270935, 13.7969694 ], [ 100.3272267, 13.7927195 ], [ 100.3416248, 13.7879206 ], [ 100.3393858, 13.7878456 ], [ 100.3338442, 13.7876428 ], [ 100.3593361, 13.7878843 ], [ 100.3573462, 13.7880898 ], [ 100.3516433, 13.7882944 ], [ 100.347907, 13.7881606 ], [ 100.3444275, 13.7880314 ], [ 100.4905828, 13.7471001 ] ] } },
{ "type": "Feature", "properties": { "route_id": 16559631, "name": "21E (4-7E) วัดคู่สร้าง - จุฬาลงกรณ์มหาวิทยาลัย (ทางด่วน)", "ref": "21E (4-7E)", "from_stop": "วัดคู่สร้าง", "to_stop": "จุฬาลงกรณ์มหาวิทยาลัย", "operator": "BMTA", "network": "BMTA", "route_type": "bus", "coord_count": 44 }, "geometry": { "type": "LineString", "coordinates": [ [ 100.533885, 13.7337063 ], [ 100.4965371, 13.6507049 ], [ 100.4986067, 13.655654 ], [ 100.5127078, 13.6689106 ], [ 100.5084435, 13.6714562 ], [ 100.531269, 13.5737582 ], [ 100.5279565, 13.5773029 ], [ 100.5266442, 13.5790331 ], [ 100.5256026, 13.5810353 ], [ 100.5249068, 13.584275 ], [ 100.523966, 13.5873201 ], [ 100.5227837, 13.589167 ], [ 100.5212661, 13.5914858 ], [ 100.5194555, 13.5948592 ], [ 100.5183318, 13.59798 ], [ 100.514567, 13.6042808 ], [ 100.5134808, 13.606199 ], [ 100.5123815, 13.6083764 ], [ 100.5098626, 13.6123143 ], [ 100.5100143, 13.6140609 ], [ 100.5107159, 13.6151909 ], [ 100.5114943, 13.6173468 ], [ 100.511329, 13.6194016 ], [ 100.5097686, 13.6228798 ], [ 100.4961262, 13.6482108 ], [ 100.4974705, 13.6538974 ], [ 100.4991922, 13.6568059 ], [ 100.5008269, 13.6593561 ], [ 100.5019779, 13.6612768 ], [ 100.5026232, 13.662628 ], [ 100.5034517, 13.6646811 ], [ 100.5043336, 13.6672127 ], [ 100.5049925, 13.6692541 ], [ 100.5058141, 13.6714643 ], [ 100.5105242, 13.6702591 ], [ 100.5217582, 13.7195346 ], [ 100.5236274, 13.7200849 ], [ 100.5290701, 13.7237291 ], [ 100.5336611, 13.7321764 ], [ 100.526637, 13.7209887 ], [ 100.5334699, 13.728363 ], [ 100.5311468, 13.72755 ], [ 100.5353832, 13.7298722 ], [ 100.5071549, 13.6727948 ] ] } },
{ "type": "Feature", "properties": { "route_id": 16559632, "name": "21E (4-7E) จุฬาลงกรณ์มหาวิทยาลัย - วัดคู่สร้าง (ทางด่วน)", "ref": "21E (4-7E)", "from_stop": "จุฬาลงกรณ์ฯ", "to_stop": "วัดคู่สร้าง", "operator": "BMTA", "network": "BMTA", "route_type": "bus", "coord_count": 48 }, "geometry": { "type": "LineString", "coordinates": [ [ 100.533885, 13.7337063 ], [ 100.5291355, 13.7342923 ], [ 100.5294139, 13.736137 ], [ 100.529702, 13.7381985 ], [ 100.5300542, 13.7405426 ], [ 100.5334091, 13.7456566 ], [ 100.5286913, 13.7212172 ], [ 100.534724, 13.7392848 ], [ 100.5350965, 13.7417262 ], [ 100.5355829, 13.7446968 ], [ 100.5304872, 13.7435144 ], [ 100.5112902, 13.6701946 ], [ 100.5127078, 13.6689106 ], [ 100.5105242, 13.6702591 ], [ 100.5085268, 13.6715539 ], [ 100.5060631, 13.6716251 ], [ 100.5050198, 13.6689045 ], [ 100.5042626, 13.6664732 ], [ 100.5035437, 13.6644593 ], [ 100.502761, 13.6625844 ], [ 100.5019274, 13.6608742 ], [ 100.5009067, 13.6592309 ], [ 100.4992781, 13.6566061 ], [ 100.4978195, 13.6541497 ], [ 100.4966265, 13.6503659 ], [ 100.4962736, 13.6480027 ], [ 100.5095985, 13.6233249 ], [ 100.5114714, 13.619497 ], [ 100.5116359, 13.6174568 ], [ 100.5111112, 13.6155477 ], [ 100.5097817, 13.6134547 ], [ 100.5103962, 13.6118538 ], [ 100.512533, 13.6084285 ], [ 100.5138226, 13.6058786 ], [ 100.5147443, 13.604249 ], [ 100.518459, 13.5980347 ], [ 100.519575, 13.5949236 ], [ 100.5212525, 13.5917353 ], [ 100.5228118, 13.5893644 ], [ 100.5240504, 13.5874938 ], [ 100.5249701, 13.584587 ], [ 100.5256746, 13.5812662 ], [ 100.5279556, 13.577502 ], [ 100.531269, 13.5737582 ], [ 100.5320991, 13.7316382 ], [ 100.530414, 13.732345 ], [ 100.5345701, 13.7285062 ], [ 100.5310647, 13.7272758 ] ] } },
{ "type": "Feature", "properties": { "route_id": 16701515, "name": "20 ปอ. พระสมุทรเจดีย์ - ปากน้ำ", "ref": "20 Shorts", "from_stop": "", "to_stop": "", "operator": "BMTA", "network": "BMTA", "route_type": "bus", "coord_count": 26 }, "geometry": { "type": "LineString", "coordinates": [ [ 100.5962772, 13.5964657 ], [ 100.5841467, 13.5976487 ], [ 100.5822989, 13.5962084 ], [ 100.5790815, 13.594253 ], [ 100.5709503, 13.5935702 ], [ 100.56779, 13.5933285 ], [ 100.5657632, 13.5935803 ], [ 100.5576396, 13.6019741 ], [ 100.5552577, 13.6046028 ], [ 100.5530521, 13.6070408 ], [ 100.5504412, 13.6099303 ], [ 100.5475664, 13.6131165 ], [ 100.5461174, 13.6147239 ], [ 100.5391342, 13.6223649 ], [ 100.535517, 13.62636 ], [ 100.5335867, 13.6284612 ], [ 100.5312557, 13.6309905 ], [ 100.5896948, 13.6232252 ], [ 100.591144, 13.619159 ], [ 100.5928099, 13.6145716 ], [ 100.5938008, 13.611836 ], [ 100.5955906, 13.6069347 ], [ 100.5976955, 13.5991457 ], [ 100.5975845, 13.5959643 ], [ 100.5975849, 13.5934804 ], [ 100.5972216, 13.6021276 ] ] } },
{ "type": "Feature", "properties": { "route_id": 16701516, "name": "20 ปอ. ปากน้ำ - พระสมุทรเจดีย์", "ref": "20 Shorts", "from_stop": "", "to_stop": "", "operator": "BMTA", "network": "BMTA", "route_type": "bus", "coord_count": 24 }, "geometry": { "type": "LineString", "coordinates": [ [ 100.5962772, 13.5964657 ], [ 100.5973701, 13.5987907 ], [ 100.5969291, 13.6022164 ], [ 100.5953854, 13.606785 ], [ 100.5937845, 13.6111128 ], [ 100.5926648, 13.6141649 ], [ 100.5919002, 13.6163364 ], [ 100.5914719, 13.6174715 ], [ 100.5908764, 13.6191136 ], [ 100.5895867, 13.6226335 ], [ 100.5884588, 13.6257277 ], [ 100.5338362, 13.6286658 ], [ 100.5355533, 13.6267887 ], [ 100.5399102, 13.6220012 ], [ 100.5462633, 13.6150201 ], [ 100.5501646, 13.6107205 ], [ 100.5532681, 13.6072905 ], [ 100.5580686, 13.6019931 ], [ 100.5657706, 13.5939284 ], [ 100.5700071, 13.5938179 ], [ 100.5792919, 13.5945799 ], [ 100.5820262, 13.5963727 ], [ 100.5840654, 13.5979247 ], [ 100.5841467, 13.5976487 ] ] } },
{ "type": "Feature", "properties": { "route_id": 16915315, "name": "1-50 เคหะร่มเกล้า - อนุสาวรีย์ชัยสมรภูมิ", "ref": "1-50", "from_stop": "", "to_stop": "", "operator": "BMTA", "network": "BMTA", "route_type": "bus", "coord_count": 74 }, "geometry": { "type": "LineString", "coordinates": [ [ 100.7279862, 13.7590802 ], [ 100.5391867, 13.7653062 ], [ 100.7299448, 13.7630814 ], [ 100.7319567, 13.7658465 ], [ 100.7323279, 13.7685427 ], [ 100.7323365, 13.770648 ], [ 100.7333541, 13.773307 ], [ 100.7365552, 13.7735214 ], [ 100.7399908, 13.7738061 ], [ 100.7444609, 13.7740141 ], [ 100.7462393, 13.7749319 ], [ 100.7462937, 13.7771505 ], [ 100.7463424, 13.7805616 ], [ 100.7462928, 13.7823812 ], [ 100.7461479, 13.7859057 ], [ 100.7460563, 13.7885962 ], [ 100.7460275, 13.7914606 ], [ 100.7460024, 13.7940933 ], [ 100.7448352, 13.7973865 ], [ 100.7438424, 13.7992164 ], [ 100.7427823, 13.8011516 ], [ 100.7410424, 13.8043597 ], [ 100.7377928, 13.8103053 ], [ 100.7356534, 13.8114945 ], [ 100.7341256, 13.8106667 ], [ 100.727218, 13.8064788 ], [ 100.7257731, 13.8048067 ], [ 100.7241772, 13.8035861 ], [ 100.7218436, 13.8024309 ], [ 100.7201573, 13.8015713 ], [ 100.7170241, 13.8000016 ], [ 100.7137575, 13.7983846 ], [ 100.7111816, 13.7971125 ], [ 100.7053669, 13.7941982 ], [ 100.7034259, 13.7931631 ], [ 100.7010795, 13.7918987 ], [ 100.6993464, 13.790906 ], [ 100.6957538, 13.788934 ], [ 100.6935446, 13.7877408 ], [ 100.6914209, 13.7865492 ], [ 100.6896206, 13.7855881 ], [ 100.681177, 13.7809509 ], [ 100.6787766, 13.7796236 ], [ 100.673756, 13.7768254 ], [ 100.6713749, 13.7755476 ], [ 100.6690175, 13.7742383 ], [ 100.6671611, 13.7732151 ], [ 100.6641386, 13.7714362 ], [ 100.6627463, 13.7705423 ], [ 100.6602335, 13.769041 ], [ 100.658284, 13.7677885 ], [ 100.655128, 13.7658974 ], [ 100.6539021, 13.7652068 ], [ 100.6512489, 13.7638817 ], [ 100.6477634, 13.762836 ], [ 100.6426949, 13.7622391 ], [ 100.6403755, 13.7620057 ], [ 100.6367027, 13.7616002 ], [ 100.6334772, 13.7612301 ], [ 100.6306998, 13.7609139 ], [ 100.6260065, 13.7603756 ], [ 100.6213153, 13.7598292 ], [ 100.6160354, 13.7577153 ], [ 100.6146753, 13.7563712 ], [ 100.6127055, 13.7543645 ], [ 100.6040583, 13.7477774 ], [ 100.5980003, 13.7498058 ], [ 100.5951614, 13.750732 ], [ 100.5537563, 13.7608954 ], [ 100.5521771, 13.7616893 ], [ 100.5503128, 13.7626215 ], [ 100.5458694, 13.763376 ], [ 100.5406868, 13.7637208 ], [ 100.5559429, 13.7598347 ] ] } },
{ "type": "Feature", "properties": { "route_id": 16915316, "name": "1-50 อนุสาวรีย์ชัยสมรภูมิ - เคหะร่มเกล้า", "ref": "1-50", "from_stop": "", "to_stop": "", "operator": "BMTA", "network": "BMTA", "route_type": "bus", "coord_count": 73 }, "geometry": { "type": "LineString", "coordinates": [ [ 100.5391867, 13.7653062 ], [ 100.7279862, 13.7590802 ], [ 100.5409478, 13.763859 ], [ 100.5446513, 13.7633488 ], [ 100.5533071, 13.7613993 ], [ 100.5511977, 13.762463 ], [ 100.6125138, 13.7545597 ], [ 100.6144771, 13.7565013 ], [ 100.6180964, 13.7595569 ], [ 100.6228216, 13.7602484 ], [ 100.6270932, 13.7607263 ], [ 100.6313122, 13.7612199 ], [ 100.6347865, 13.7616055 ], [ 100.6380937, 13.761999 ], [ 100.6394807, 13.7621509 ], [ 100.6477063, 13.7630536 ], [ 100.649247, 13.7633597 ], [ 100.6506763, 13.7639229 ], [ 100.6538315, 13.7654607 ], [ 100.656019, 13.7666778 ], [ 100.6580956, 13.767958 ], [ 100.6601024, 13.7692484 ], [ 100.663095, 13.771057 ], [ 100.6650959, 13.7723372 ], [ 100.6688931, 13.7745599 ], [ 100.671153, 13.7758019 ], [ 100.6748841, 13.7778433 ], [ 100.6790881, 13.7801554 ], [ 100.6812234, 13.7813636 ], [ 100.6891369, 13.7857123 ], [ 100.6930897, 13.7878814 ], [ 100.6958777, 13.7894152 ], [ 100.6991149, 13.7911913 ], [ 100.7024582, 13.7930388 ], [ 100.7051697, 13.7945017 ], [ 100.7096791, 13.7968098 ], [ 100.7112352, 13.7975566 ], [ 100.7141465, 13.7990611 ], [ 100.7169898, 13.8004746 ], [ 100.719151, 13.8015551 ], [ 100.720887, 13.8023623 ], [ 100.7228947, 13.8033806 ], [ 100.7254032, 13.804914 ], [ 100.7270768, 13.8069173 ], [ 100.7350026, 13.8115906 ], [ 100.7377918, 13.8108607 ], [ 100.7390607, 13.8085092 ], [ 100.7412972, 13.8043981 ], [ 100.7429663, 13.8013467 ], [ 100.7449789, 13.797652 ], [ 100.7462365, 13.7940277 ], [ 100.7462761, 13.7915862 ], [ 100.7462976, 13.7893854 ], [ 100.7463978, 13.7857463 ], [ 100.7465028, 13.7833434 ], [ 100.7465707, 13.7809642 ], [ 100.7465627, 13.7777661 ], [ 100.5954586, 13.7509471 ], [ 100.5981112, 13.7500792 ], [ 100.6037402, 13.7482104 ], [ 100.7453393, 13.7738928 ], [ 100.7403239, 13.7736529 ], [ 100.7365171, 13.773353 ], [ 100.7325282, 13.7717174 ], [ 100.7325183, 13.7693139 ], [ 100.7307453, 13.7638414 ], [ 100.7289681, 13.7614893 ], [ 100.6068141, 13.7489683 ], [ 100.609143, 13.7511958 ], [ 100.5679063, 13.7559961 ], [ 100.5716692, 13.7556947 ], [ 100.5757514, 13.7554993 ], [ 100.573933, 13.7556254 ] ] } },
{ "type": "Feature", "properties": { "route_id": 16935560, "name": "1-20E (510E) ม.ธรรมศาสตร์ ศูนย์รังสิต - อนุสาวรีย์ชัยสมรภูมิ (ทางด่วน)", "ref": "1-20E (510E)", "from_stop": "", "to_stop": "", "operator": "BMTA", "network": "BMTA", "route_type": "bus", "coord_count": 33 }, "geometry": { "type": "LineString", "coordinates": [ [ 100.5894116, 14.0797507 ], [ 100.537986, 13.7658134 ], [ 100.6161466, 13.9872721 ], [ 100.6004098, 14.0657496 ], [ 100.6092199, 14.0674539 ], [ 100.6057916, 14.067497 ], [ 100.6046176, 14.0656663 ], [ 100.6078724, 14.0748471 ], [ 100.6015207, 14.0755937 ], [ 100.6154807, 14.0759754 ], [ 100.6184706, 14.0856523 ], [ 100.6183081, 14.0814511 ], [ 100.6180808, 14.0752199 ], [ 100.6177576, 14.0666054 ], [ 100.6174985, 14.0602686 ], [ 100.617313, 14.056373 ], [ 100.6170322, 14.0488758 ], [ 100.6166627, 14.039733 ], [ 100.6154737, 13.9908192 ], [ 100.6182542, 13.9747975 ], [ 100.6192432, 13.9691991 ], [ 100.6198122, 13.9662194 ], [ 100.6202644, 13.9637258 ], [ 100.6208584, 13.9601375 ], [ 100.5471218, 13.7862728 ], [ 100.5398857, 13.7674918 ], [ 100.6198653, 13.952205 ], [ 100.6182415, 13.9492812 ], [ 100.6168655, 13.9468632 ], [ 100.5410995, 13.7697313 ], [ 100.5509873, 13.7969982 ], [ 100.5501941, 13.7948002 ], [ 100.5495225, 13.7929764 ] ] } },
{ "type": "Feature", "properties": { "route_id": 16935561, "name": "1-20E (510E) อนุสาวรีย์ชัยสมรภูมิ - ม.ธรรมศาสตร์ ศูนย์รังสิต (ทางด่วน)", "ref": "1-20E (510E)", "from_stop": "", "to_stop": "", "operator": "BMTA", "network": "BMTA", "route_type": "bus", "coord_count": 26 }, "geometry": { "type": "LineString", "coordinates": [ [ 100.5894116, 14.0797507 ], [ 100.537986, 13.7658134 ], [ 100.5534966, 13.8027584 ], [ 100.5541188, 13.8037679 ], [ 100.6092024, 14.067342 ], [ 100.60581, 14.067384 ], [ 100.557207, 13.8088892 ], [ 100.6202428, 13.9602779 ], [ 100.6198594, 13.9624903 ], [ 100.6193474, 13.9651202 ], [ 100.6185681, 13.9696724 ], [ 100.6176401, 13.9747595 ], [ 100.6148972, 13.9900268 ], [ 100.6160553, 14.04004 ], [ 100.6164329, 14.0490103 ], [ 100.616886, 14.060238 ], [ 100.6170139, 14.0653112 ], [ 100.6174451, 14.0748576 ], [ 100.6165904, 14.0756378 ], [ 100.6016671, 14.0753285 ], [ 100.6054523, 14.0749795 ], [ 100.6163544, 13.9470167 ], [ 100.6188388, 13.9515118 ], [ 100.6200807, 13.9537528 ], [ 100.541733, 13.772033 ], [ 100.5398137, 13.7679206 ] ] } },
{ "type": "Feature", "properties": { "route_id": 16936023, "name": "59 (1-8) รังสิต - สนามหลวง", "ref": "59 (1-8)", "from_stop": "", "to_stop": "", "operator": "BMTA", "network": "BMTA", "route_type": "bus", "coord_count": 62 }, "geometry": { "type": "LineString", "coordinates": [ [ 100.4937121, 13.7581118 ], [ 100.6082971, 13.9873844 ], [ 100.6097362, 13.987586 ], [ 100.6154737, 13.9908192 ], [ 100.6161466, 13.9872721 ], [ 100.6182542, 13.9747975 ], [ 100.6192432, 13.9691991 ], [ 100.6198122, 13.9662194 ], [ 100.6202644, 13.9637258 ], [ 100.6208584, 13.9601375 ], [ 100.6027904, 13.922042 ], [ 100.5983955, 13.9141393 ], [ 100.5969853, 13.9116915 ], [ 100.5934266, 13.9052546 ], [ 100.5852035, 13.8823667 ], [ 100.586162, 13.8818295 ], [ 100.5905521, 13.8793609 ], [ 100.5935804, 13.8776979 ], [ 100.5948514, 13.8721725 ], [ 100.5928039, 13.8686929 ], [ 100.5912653, 13.8660849 ], [ 100.5896585, 13.8633715 ], [ 100.563992, 13.8197434 ], [ 100.5629618, 13.8179263 ], [ 100.5615517, 13.8155358 ], [ 100.5142973, 13.7668655 ], [ 100.5125494, 13.7676584 ], [ 100.5112214, 13.7672671 ], [ 100.510187, 13.7650668 ], [ 100.5088708, 13.7622696 ], [ 100.5081479, 13.7607383 ], [ 100.5073543, 13.7590347 ], [ 100.506608, 13.7574574 ], [ 100.5038548, 13.7560264 ], [ 100.500132, 13.756808 ], [ 100.4979883, 13.7572484 ], [ 100.5458694, 13.763376 ], [ 100.5406868, 13.7637208 ], [ 100.5384722, 13.7641638 ], [ 100.5321146, 13.7587752 ], [ 100.5288688, 13.7602414 ], [ 100.5272124, 13.7609849 ], [ 100.4923547, 13.7565772 ], [ 100.6042384, 13.9846305 ], [ 100.6198653, 13.952205 ], [ 100.6182415, 13.9492812 ], [ 100.6168655, 13.9468632 ], [ 100.6154281, 13.9442847 ], [ 100.6141279, 13.9419944 ], [ 100.612676, 13.9394102 ], [ 100.6075561, 13.9304843 ], [ 100.6058752, 13.9274954 ], [ 100.4944932, 13.7556427 ], [ 100.4939627, 13.7537199 ], [ 100.4939029, 13.7507195 ], [ 100.4892937, 13.7518624 ], [ 100.4895037, 13.7542281 ], [ 100.4895749, 13.7555655 ], [ 100.5241724, 13.7623547 ], [ 100.5746331, 13.8378371 ], [ 100.5730666, 13.8352154 ], [ 100.520894, 13.7637622 ] ] } },
{ "type": "Feature", "properties": { "route_id": 16936024, "name": "59 (1-8) สนามหลวง - รังสิต", "ref": "59 (1-8)", "from_stop": "", "to_stop": "", "operator": "BMTA", "network": "BMTA", "route_type": "bus", "coord_count": 63 }, "geometry": { "type": "LineString", "coordinates": [ [ 100.4937121, 13.7581118 ], [ 100.5391867, 13.7653062 ], [ 100.561455, 13.8161295 ], [ 100.4976122, 13.7577995 ], [ 100.5071932, 13.7591961 ], [ 100.6042384, 13.9846305 ], [ 100.5302341, 13.7599552 ], [ 100.5071075, 13.756458 ], [ 100.528171, 13.7608759 ], [ 100.5492835, 13.7672697 ], [ 100.5595495, 13.8076559 ], [ 100.5598476, 13.8052499 ], [ 100.5600178, 13.8032421 ], [ 100.5603244, 13.7996514 ], [ 100.5605514, 13.7973937 ], [ 100.5609956, 13.7940534 ], [ 100.5612229, 13.7906852 ], [ 100.5601365, 13.7864311 ], [ 100.558822, 13.7840301 ], [ 100.5561407, 13.7795484 ], [ 100.5546548, 13.776919 ], [ 100.5529263, 13.7737642 ], [ 100.5513652, 13.7707987 ], [ 100.5409478, 13.763859 ], [ 100.5446513, 13.7633488 ], [ 100.4921642, 13.7597612 ], [ 100.5002565, 13.7572674 ], [ 100.5035915, 13.756557 ], [ 100.5065206, 13.75777 ], [ 100.5079569, 13.7608351 ], [ 100.5087207, 13.7624562 ], [ 100.5097909, 13.7647499 ], [ 100.5108238, 13.7669335 ], [ 100.5128151, 13.7677752 ], [ 100.6023924, 13.9221723 ], [ 100.6202428, 13.9602779 ], [ 100.6198594, 13.9624903 ], [ 100.6193474, 13.9651202 ], [ 100.6185681, 13.9696724 ], [ 100.6176401, 13.9747595 ], [ 100.6129998, 13.9877223 ], [ 100.6074477, 13.9868205 ], [ 100.5890188, 13.8628171 ], [ 100.5903535, 13.8650291 ], [ 100.5924629, 13.8685972 ], [ 100.593655, 13.8706376 ], [ 100.5901426, 13.879268 ], [ 100.5856103, 13.8818337 ], [ 100.5819468, 13.8855546 ], [ 100.5838173, 13.8889483 ], [ 100.5635104, 13.8194088 ], [ 100.6036296, 13.9241977 ], [ 100.6055389, 13.9275756 ], [ 100.6077377, 13.9315088 ], [ 100.612221, 13.9396666 ], [ 100.6133353, 13.9416347 ], [ 100.6149452, 13.9445381 ], [ 100.6163544, 13.9470167 ], [ 100.6188388, 13.9515118 ], [ 100.6200807, 13.9537528 ], [ 100.5810659, 13.8825284 ], [ 100.5242867, 13.7626354 ], [ 100.5326622, 13.7588489 ] ] } },
{ "type": "Feature", "properties": { "route_id": 17032619, "name": "2-2 ปากเกร็ด - ท่าน้ำสี่พระยา", "ref": "2-2", "from_stop": "", "to_stop": "", "operator": "BMTA", "network": "BMTA", "route_type": "bus", "coord_count": 32 }, "geometry": { "type": "LineString", "coordinates": [ [ 100.5231658, 13.7273039 ], [ 100.5330435, 13.7458988 ], [ 100.4923323, 13.9176029 ], [ 100.5053551, 13.7703955 ], [ 100.5144976, 13.7300329 ], [ 100.4988896, 13.9103 ], [ 100.4993744, 13.9103819 ], [ 100.5029128, 13.9081723 ], [ 100.5062298, 13.7696874 ], [ 100.50919, 13.7671758 ], [ 100.5111123, 13.765463 ], [ 100.5128862, 13.763951 ], [ 100.5143583, 13.7628353 ], [ 100.5176397, 13.7600219 ], [ 100.5197895, 13.7262525 ], [ 100.5158158, 13.7283059 ], [ 100.5287519, 13.8063016 ], [ 100.525596, 13.8063132 ], [ 100.5228044, 13.8063221 ], [ 100.5277878, 13.7547817 ], [ 100.5246078, 13.7559216 ], [ 100.5343295, 13.7345413 ], [ 100.5019099, 13.9083951 ], [ 100.4975427, 13.9117137 ], [ 100.4955442, 13.9138575 ], [ 100.4968224, 13.9129664 ], [ 100.5302251, 13.7294833 ], [ 100.5258994, 13.7281606 ], [ 100.5044375, 13.9059357 ], [ 100.5054337, 13.9032893 ], [ 100.5059188, 13.9019915 ], [ 100.506355, 13.9008624 ] ] } },
{ "type": "Feature", "properties": { "route_id": 17032620, "name": "2-2 ท่าน้ำสี่พระยา - ปากเกร็ด", "ref": "2-2", "from_stop": "", "to_stop": "", "operator": "BMTA", "network": "BMTA", "route_type": "bus", "coord_count": 38 }, "geometry": { "type": "LineString", "coordinates": [ [ 100.5334091, 13.7456566 ], [ 100.4923323, 13.9176029 ], [ 100.5049524, 13.7705092 ], [ 100.4988896, 13.9103 ], [ 100.5144976, 13.7300329 ], [ 100.5151579, 13.7301469 ], [ 100.5195223, 13.7309441 ], [ 100.5336611, 13.7321764 ], [ 100.533885, 13.7337063 ], [ 100.5186357, 13.7588027 ], [ 100.5162413, 13.7608177 ], [ 100.5142788, 13.7624897 ], [ 100.5121857, 13.7642834 ], [ 100.508841, 13.7671299 ], [ 100.5071856, 13.7685739 ], [ 100.5085404, 13.7704505 ], [ 100.5098597, 13.7731774 ], [ 100.5107039, 13.774908 ], [ 100.5122167, 13.7780482 ], [ 100.5108643, 13.7807198 ], [ 100.5114469, 13.7848752 ], [ 100.5127654, 13.7848581 ], [ 100.5229172, 13.8065057 ], [ 100.5255452, 13.8065077 ], [ 100.5284068, 13.8064989 ], [ 100.5058103, 13.9015212 ], [ 100.5051159, 13.9033712 ], [ 100.5019099, 13.9083951 ], [ 100.4975427, 13.9117137 ], [ 100.4955442, 13.9138575 ], [ 100.4968224, 13.9129664 ], [ 100.4993744, 13.9103819 ], [ 100.5169844, 13.730455 ], [ 100.5217426, 13.7313172 ], [ 100.5236412, 13.7297899 ], [ 100.525915, 13.7282582 ], [ 100.5303829, 13.7296338 ], [ 100.5066668, 13.899256 ] ] } },
{ "type": "Feature", "properties": { "route_id": 17041397, "name": "5 อู่กำแพงเพชร - สะพานพุทธ", "ref": "5", "from_stop": "", "to_stop": "", "operator": "BMTA", "network": "BMTA", "route_type": "bus", "coord_count": 52 }, "geometry": { "type": "LineString", "coordinates": [ [ 100.5407927, 13.8001935 ], [ 100.4978467, 13.7401553 ], [ 100.5431934, 13.8040442 ], [ 100.5407277, 13.8046313 ], [ 100.5394622, 13.8032714 ], [ 100.5481518, 13.811066 ], [ 100.5493186, 13.8132289 ], [ 100.5425607, 13.7978536 ], [ 100.5479754, 13.8053937 ], [ 100.548221, 13.7989218 ], [ 100.5481727, 13.8007799 ], [ 100.5068587, 13.7567851 ], [ 100.509048, 13.7579056 ], [ 100.5112698, 13.7591822 ], [ 100.5121574, 13.7596838 ], [ 100.5139401, 13.7606779 ], [ 100.5038548, 13.7560264 ], [ 100.501551, 13.7552416 ], [ 100.5011061, 13.7527083 ], [ 100.5050793, 13.7448146 ], [ 100.5034398, 13.7426998 ], [ 100.5487231, 13.8234031 ], [ 100.5504091, 13.8270558 ], [ 100.531944, 13.8303992 ], [ 100.5342232, 13.830661 ], [ 100.5374269, 13.8304005 ], [ 100.5448525, 13.8298925 ], [ 100.5296545, 13.8291587 ], [ 100.5246213, 13.8246741 ], [ 100.527237, 13.8270115 ], [ 100.523058, 13.8232611 ], [ 100.5215222, 13.8218533 ], [ 100.5202786, 13.8207329 ], [ 100.5180945, 13.81874 ], [ 100.5180772, 13.8139286 ], [ 100.5206248, 13.8147441 ], [ 100.5217344, 13.807864 ], [ 100.5219, 13.8114822 ], [ 100.530659, 13.7946634 ], [ 100.5322147, 13.7975106 ], [ 100.5346016, 13.8018739 ], [ 100.5229172, 13.8065057 ], [ 100.5255452, 13.8065077 ], [ 100.5284068, 13.8064989 ], [ 100.5318504, 13.8061862 ], [ 100.5294543, 13.7924686 ], [ 100.5278527, 13.7894911 ], [ 100.5266596, 13.7873081 ], [ 100.5256995, 13.7855878 ], [ 100.5249387, 13.7841383 ], [ 100.5478544, 13.7979075 ], [ 100.501895, 13.7470886 ] ] } },
{ "type": "Feature", "properties": { "route_id": 17041398, "name": "5 สะพานพุทธ - อู่กำแพงเพชร", "ref": "5", "from_stop": "", "to_stop": "", "operator": "BMTA", "network": "BMTA", "route_type": "bus", "coord_count": 51 }, "geometry": { "type": "LineString", "coordinates": [ [ 100.4978467, 13.7401553 ], [ 100.5407927, 13.8001935 ], [ 100.5414578, 13.799013 ], [ 100.5483789, 13.8043055 ], [ 100.5394622, 13.8032714 ], [ 100.5484477, 13.8016321 ], [ 100.5482086, 13.8081416 ], [ 100.4961835, 13.742268 ], [ 100.4962111, 13.7439278 ], [ 100.499051, 13.743369 ], [ 100.5050024, 13.754412 ], [ 100.5145503, 13.7612669 ], [ 100.5118802, 13.7596752 ], [ 100.5101696, 13.7587463 ], [ 100.5072812, 13.7571516 ], [ 100.5166689, 13.7692756 ], [ 100.5147498, 13.7657903 ], [ 100.5501896, 13.8261875 ], [ 100.5493233, 13.8243513 ], [ 100.5520093, 13.8282253 ], [ 100.5322369, 13.830833 ], [ 100.5344943, 13.8309736 ], [ 100.5372673, 13.8307382 ], [ 100.5425058, 13.8303401 ], [ 100.5444508, 13.8302173 ], [ 100.5295488, 13.8295091 ], [ 100.5264991, 13.826706 ], [ 100.5243683, 13.8247513 ], [ 100.5150236, 13.8155246 ], [ 100.5229124, 13.8234274 ], [ 100.5211062, 13.8217913 ], [ 100.5195295, 13.8203747 ], [ 100.5179641, 13.818961 ], [ 100.5215146, 13.8071058 ], [ 100.5216828, 13.8104968 ], [ 100.5211312, 13.8138287 ], [ 100.5184868, 13.8138234 ], [ 100.5307215, 13.7950932 ], [ 100.5314939, 13.7964988 ], [ 100.5329833, 13.7992354 ], [ 100.5344996, 13.8019776 ], [ 100.5287519, 13.8063016 ], [ 100.525596, 13.8063132 ], [ 100.5228044, 13.8063221 ], [ 100.5323365, 13.8058547 ], [ 100.5250225, 13.7846205 ], [ 100.5259785, 13.7863819 ], [ 100.5266133, 13.7875602 ], [ 100.5273445, 13.7889194 ], [ 100.529238, 13.7923677 ], [ 100.5500252, 13.8127228 ] ] } },
{ "type": "Feature", "properties": { "route_id": 17225524, "name": "680 ปอ. รังสิต - สวนสมเด็จ - บางใหญ่", "ref": "680", "from_stop": "รังสิต", "to_stop": "บางใหญ่", "operator": "Kitti Soontron", "network": "Kitti Soontron", "route_type": "bus", "coord_count": 57 }, "geometry": { "type": "LineString", "coordinates": [ [ 100.6073086, 13.9863027 ], [ 100.4098318, 13.8778886 ], [ 100.4130717, 13.8376488 ], [ 100.5993659, 13.9854338 ], [ 100.5947233, 13.9846441 ], [ 100.5930321, 13.9833263 ], [ 100.5931505, 13.9796606 ], [ 100.5900209, 13.9778415 ], [ 100.5837316, 13.9762652 ], [ 100.5808056, 13.9755097 ], [ 100.5750822, 13.9740821 ], [ 100.5700825, 13.9728171 ], [ 100.5617744, 13.9706888 ], [ 100.5608033, 13.9704738 ], [ 100.551008, 13.967973 ], [ 100.5508314, 13.9663378 ], [ 100.5508026, 13.9581283 ], [ 100.5488415, 13.9532485 ], [ 100.5476001, 13.9508863 ], [ 100.5464418, 13.9486459 ], [ 100.5454491, 13.9467544 ], [ 100.5414589, 13.9409751 ], [ 100.5391671, 13.9432814 ], [ 100.530629, 13.9517748 ], [ 100.5269108, 13.9554696 ], [ 100.5252897, 13.9570911 ], [ 100.5194124, 13.958231 ], [ 100.5027457, 13.9580137 ], [ 100.5000967, 13.9575516 ], [ 100.4931235, 13.9563557 ], [ 100.4878368, 13.9554539 ], [ 100.4721526, 13.9527515 ], [ 100.4519118, 13.9492959 ], [ 100.4490503, 13.948789 ], [ 100.4401456, 13.9472637 ], [ 100.4370689, 13.9466921 ], [ 100.4273687, 13.9433232 ], [ 100.4158547, 13.9323762 ], [ 100.4136224, 13.9250718 ], [ 100.4126632, 13.9219136 ], [ 100.4104232, 13.9145886 ], [ 100.4081773, 13.9070916 ], [ 100.4075321, 13.9048203 ], [ 100.4075958, 13.9024206 ], [ 100.4086369, 13.8918326 ], [ 100.4090861, 13.8865543 ], [ 100.4094113, 13.8832632 ], [ 100.4095688, 13.8815917 ], [ 100.4099452, 13.8778922 ], [ 100.4107046, 13.8695458 ], [ 100.4112581, 13.8634461 ], [ 100.4116392, 13.8594892 ], [ 100.4119204, 13.8564531 ], [ 100.4126113, 13.8494871 ], [ 100.4130294, 13.8452413 ], [ 100.4137724, 13.8376094 ], [ 100.4084702, 13.8946461 ] ] } },
{ "type": "Feature", "properties": { "route_id": 17225710, "name": "680 ปอ. บางใหญ่ - สวนสมเด็จ - รังสิต", "ref": "680", "from_stop": "บางใหญ่", "to_stop": "รังสิต", "operator": "Kitti Soontron", "network": "Kitti Soontron", "route_type": "bus", "coord_count": 60 }, "geometry": { "type": "LineString", "coordinates": [ [ 100.4130717, 13.8376488 ], [ 100.412361, 13.8450993 ], [ 100.4120569, 13.8482467 ], [ 100.4112716, 13.8560684 ], [ 100.4112048, 13.8569572 ], [ 100.4101062, 13.8682892 ], [ 100.4092739, 13.877129 ], [ 100.4093418, 13.8771403 ], [ 100.4088821, 13.8811547 ], [ 100.4089879, 13.8811702 ], [ 100.4083411, 13.8875144 ], [ 100.4083948, 13.8875222 ], [ 100.4079732, 13.8913028 ], [ 100.4069198, 13.9051437 ], [ 100.4085751, 13.9107679 ], [ 100.4096364, 13.9143187 ], [ 100.4123438, 13.9234675 ], [ 100.4130184, 13.9255941 ], [ 100.4152662, 13.9330008 ], [ 100.4293774, 13.944433 ], [ 100.4380073, 13.9472826 ], [ 100.4489248, 13.9491757 ], [ 100.4524325, 13.9498446 ], [ 100.473027, 13.953315 ], [ 100.488017, 13.9559695 ], [ 100.4930573, 13.9567578 ], [ 100.4995092, 13.9578487 ], [ 100.5027457, 13.9583763 ], [ 100.5192629, 13.958571 ], [ 100.526198, 13.9566662 ], [ 100.5278108, 13.9550554 ], [ 100.5309126, 13.9519642 ], [ 100.5393433, 13.9435621 ], [ 100.5425381, 13.941745 ], [ 100.546014, 13.9483431 ], [ 100.5473753, 13.950974 ], [ 100.5489955, 13.9540875 ], [ 100.550533, 13.9580988 ], [ 100.5505069, 13.9662841 ], [ 100.5490138, 13.9675487 ], [ 100.5439178, 13.9666271 ], [ 100.5398879, 13.9665978 ], [ 100.5495218, 13.9679304 ], [ 100.5514693, 13.9683957 ], [ 100.5554271, 13.969477 ], [ 100.5595249, 13.9705444 ], [ 100.5616272, 13.9710617 ], [ 100.5656208, 13.9720741 ], [ 100.5706494, 13.9732864 ], [ 100.5725614, 13.9737928 ], [ 100.5770028, 13.9749255 ], [ 100.5835218, 13.9765504 ], [ 100.589993, 13.978184 ], [ 100.5930158, 13.9809548 ], [ 100.5940449, 13.9849763 ], [ 100.5987675, 13.9857804 ], [ 100.6082971, 13.9873844 ], [ 100.6147891, 13.9885576 ], [ 100.6129998, 13.9877223 ], [ 100.6073086, 13.9863027 ] ] } },
{ "type": "Feature", "properties": { "route_id": 17487513, "name": "520 (1-68) มีนบุรี - รังสิต", "ref": "520 (1-68)", "from_stop": "มีนบุรี", "to_stop": "รังสิต", "operator": "BMTA", "network": "BMTA", "route_type": "bus", "coord_count": 7 }, "geometry": { "type": "LineString", "coordinates": [ [ 100.7287835, 13.8142683 ], [ 100.6042384, 13.9846305 ], [ 100.6761986, 13.8251238 ], [ 100.6469255, 13.846845 ], [ 100.6130199, 13.8651342 ], [ 100.6257976, 13.9259874 ], [ 100.6202428, 13.9602779 ] ] } },
{ "type": "Feature", "properties": { "route_id": 17487514, "name": "520 (1-68) รังสิต - มีนบุรี", "ref": "520 (1-68)", "from_stop": "รังสิต", "to_stop": "มีนบุรี", "operator": "BMTA", "network": "BMTA", "route_type": "bus", "coord_count": 13 }, "geometry": { "type": "LineString", "coordinates": [ [ 100.6042384, 13.9846305 ], [ 100.7278696, 13.8145556 ], [ 100.6082971, 13.9873844 ], [ 100.6097362, 13.987586 ], [ 100.6154737, 13.9908192 ], [ 100.6161466, 13.9872721 ], [ 100.6208584, 13.9601375 ], [ 100.6266628, 13.926034 ], [ 100.6017377, 13.8716413 ], [ 100.643906, 13.848852 ], [ 100.677316, 13.8247325 ], [ 100.7223135, 13.812721 ], [ 100.7255713, 13.8126489 ] ] } },
{ "type": "Feature", "properties": { "route_id": 17544772, "name": "34 รังสิต - หัวลำโพง", "ref": "34", "from_stop": "", "to_stop": "", "operator": "TSB", "network": "TSB", "route_type": "bus", "coord_count": 44 }, "geometry": { "type": "LineString", "coordinates": [ [ 100.6082971, 13.9873844 ], [ 100.5158354, 13.7402828 ], [ 100.5294139, 13.736137 ], [ 100.529702, 13.7381985 ], [ 100.5300542, 13.7405426 ], [ 100.5615517, 13.8155358 ], [ 100.5384722, 13.7641638 ], [ 100.6097362, 13.987586 ], [ 100.6154737, 13.9908192 ], [ 100.6161466, 13.9872721 ], [ 100.6182542, 13.9747975 ], [ 100.6192432, 13.9691991 ], [ 100.6198122, 13.9662194 ], [ 100.6202644, 13.9637258 ], [ 100.6208584, 13.9601375 ], [ 100.6229253, 13.9487311 ], [ 100.6234397, 13.9456309 ], [ 100.6238313, 13.94328 ], [ 100.6245718, 13.9397157 ], [ 100.625086, 13.936339 ], [ 100.6255677, 13.9338069 ], [ 100.6260899, 13.9307838 ], [ 100.6266628, 13.926034 ], [ 100.5928039, 13.8686929 ], [ 100.5912653, 13.8660849 ], [ 100.5896585, 13.8633715 ], [ 100.5629618, 13.8179263 ], [ 100.55669, 13.8072755 ], [ 100.5537722, 13.8023336 ], [ 100.5398857, 13.7674918 ], [ 100.5366969, 13.7618132 ], [ 100.5352911, 13.7592845 ], [ 100.5337995, 13.756611 ], [ 100.5327982, 13.7548007 ], [ 100.5304872, 13.7435144 ], [ 100.5161272, 13.7384944 ], [ 100.5410995, 13.7697313 ], [ 100.5746331, 13.8378371 ], [ 100.5730666, 13.8352154 ], [ 100.5509873, 13.7969982 ], [ 100.5501941, 13.7948002 ], [ 100.5495225, 13.7929764 ], [ 100.5234179, 13.7348082 ], [ 100.5264863, 13.7335351 ] ] } },
{ "type": "Feature", "properties": { "route_id": 17544773, "name": "34 หัวลำโพง - รังสิต", "ref": "34", "from_stop": "", "to_stop": "", "operator": "TSB", "network": "TSB", "route_type": "bus", "coord_count": 40 }, "geometry": { "type": "LineString", "coordinates": [ [ 100.5158354, 13.7402828 ], [ 100.6074477, 13.9868205 ], [ 100.5288227, 13.7340804 ], [ 100.5291586, 13.7361738 ], [ 100.5294507, 13.7381189 ], [ 100.5298947, 13.7410141 ], [ 100.5303629, 13.7443552 ], [ 100.5162847, 13.7398459 ], [ 100.5380731, 13.7657563 ], [ 100.5534966, 13.8027584 ], [ 100.5541188, 13.8037679 ], [ 100.561455, 13.8161295 ], [ 100.5171124, 13.7388848 ], [ 100.5890188, 13.8628171 ], [ 100.5903535, 13.8650291 ], [ 100.5924629, 13.8685972 ], [ 100.593655, 13.8706376 ], [ 100.5994049, 13.8804423 ], [ 100.6013047, 13.8836034 ], [ 100.6257976, 13.9259874 ], [ 100.6256705, 13.930655 ], [ 100.6250742, 13.9338667 ], [ 100.6246674, 13.9362761 ], [ 100.6240049, 13.9398549 ], [ 100.6234286, 13.9432131 ], [ 100.6229932, 13.9454727 ], [ 100.6222623, 13.9495636 ], [ 100.6202428, 13.9602779 ], [ 100.6198594, 13.9624903 ], [ 100.6193474, 13.9651202 ], [ 100.6185681, 13.9696724 ], [ 100.6176401, 13.9747595 ], [ 100.6129998, 13.9877223 ], [ 100.5328569, 13.755427 ], [ 100.541733, 13.772033 ], [ 100.5398137, 13.7679206 ], [ 100.5199323, 13.7364899 ], [ 100.5221915, 13.7355861 ], [ 100.523896, 13.7349011 ], [ 100.5255442, 13.7342503 ] ] } },
{ "type": "Feature", "properties": { "route_id": 17641018, "name": "รถสองแถวสาย 1011", "ref": "1011", "from_stop": "พระประแดง", "to_stop": "บางกอบัว", "operator": "", "network": "", "route_type": "bus", "coord_count": 25 }, "geometry": { "type": "LineString", "coordinates": [ [ 100.5351079, 13.6592588 ], [ 100.5406815, 13.6651541 ], [ 100.5416001, 13.665177 ], [ 100.5432567, 13.6654298 ], [ 100.5764234, 13.6943208 ], [ 100.5753613, 13.6933788 ], [ 100.5744547, 13.6925384 ], [ 100.5734998, 13.6916575 ], [ 100.5709919, 13.6886932 ], [ 100.5688408, 13.6859608 ], [ 100.5684774, 13.6847854 ], [ 100.5679637, 13.6831032 ], [ 100.5664791, 13.6818341 ], [ 100.5621836, 13.6801648 ], [ 100.5605159, 13.6778154 ], [ 100.5595738, 13.6757331 ], [ 100.5588844, 13.6740951 ], [ 100.5580074, 13.6725092 ], [ 100.5551401, 13.6697545 ], [ 100.5520636, 13.6677802 ], [ 100.5487957, 13.6663983 ], [ 100.546043, 13.6660582 ], [ 100.577159, 13.6957242 ], [ 100.5639659, 13.6818145 ], [ 100.5345708, 13.659477 ] ] } },
{ "type": "Feature", "properties": { "route_id": 17726510, "name": "2-29 สถานีรถไฟฟ้าคลองบางไผ่ - เซ็นทรัลพระราม 2", "ref": "2-29", "from_stop": "MRT คลองบางไผ่", "to_stop": "เซ็นทรัลพระราม 2", "operator": "BMTA", "network": "BMTA", "route_type": "bus", "coord_count": 55 }, "geometry": { "type": "LineString", "coordinates": [ [ 100.408528, 13.8945181 ], [ 100.4086369, 13.8918326 ], [ 100.4090861, 13.8865543 ], [ 100.4094113, 13.8832632 ], [ 100.4095688, 13.8815917 ], [ 100.4099452, 13.8778922 ], [ 100.4107046, 13.8695458 ], [ 100.4112581, 13.8634461 ], [ 100.4116392, 13.8594892 ], [ 100.4119204, 13.8564531 ], [ 100.4126113, 13.8494871 ], [ 100.4130294, 13.8452413 ], [ 100.4137724, 13.8376094 ], [ 100.4135332, 13.8302171 ], [ 100.4131005, 13.8253529 ], [ 100.4119881, 13.8125189 ], [ 100.4113848, 13.8052408 ], [ 100.4106691, 13.7962229 ], [ 100.4102506, 13.7913872 ], [ 100.4086092, 13.7752545 ], [ 100.408174, 13.7716542 ], [ 100.4074394, 13.7654076 ], [ 100.4069787, 13.7617752 ], [ 100.406234, 13.7552226 ], [ 100.4062235, 13.7438264 ], [ 100.4062243, 13.7364743 ], [ 100.4062072, 13.7322554 ], [ 100.40618, 13.7250713 ], [ 100.4061923, 13.7220331 ], [ 100.4062167, 13.7157934 ], [ 100.4077593, 13.7120903 ], [ 100.4068287, 13.7046473 ], [ 100.4077582, 13.6966641 ], [ 100.4079399, 13.694514 ], [ 100.4078985, 13.6927734 ], [ 100.4076086, 13.6885338 ], [ 100.4068524, 13.6774961 ], [ 100.4065313, 13.672926 ], [ 100.4063798, 13.6705577 ], [ 100.4062554, 13.6686977 ], [ 100.4060063, 13.6647852 ], [ 100.4058829, 13.6630285 ], [ 100.4057537, 13.6610734 ], [ 100.4052873, 13.6543355 ], [ 100.4055387, 13.6519969 ], [ 100.4139842, 13.645368 ], [ 100.4178961, 13.6482698 ], [ 100.4208025, 13.6504437 ], [ 100.4223116, 13.6515284 ], [ 100.4246453, 13.6532696 ], [ 100.4288892, 13.6563998 ], [ 100.4395618, 13.6629625 ], [ 100.4356226, 13.6605387 ], [ 100.4311642, 13.6578492 ], [ 100.4071602, 13.6809403 ] ] } },
{ "type": "Feature", "properties": { "route_id": 17726511, "name": "2-29 เซ็นทรัลพระราม 2 - สถานีรถไฟฟ้าคลองบางไผ่", "ref": "2-29", "from_stop": "เซ็นทรัลพระราม 2", "to_stop": "MRT คลองบางไผ่", "operator": "BMTA", "network": "BMTA", "route_type": "bus", "coord_count": 50 }, "geometry": { "type": "LineString", "coordinates": [ [ 100.4401228, 13.6624596 ], [ 100.4361263, 13.6600526 ], [ 100.4291726, 13.6557283 ], [ 100.4252353, 13.6528184 ], [ 100.4229594, 13.6511393 ], [ 100.4207862, 13.6495193 ], [ 100.4153396, 13.6455015 ], [ 100.413906, 13.6444078 ], [ 100.4050998, 13.6512067 ], [ 100.4046195, 13.6530885 ], [ 100.4050439, 13.6609441 ], [ 100.405164, 13.6626255 ], [ 100.4052887, 13.6644902 ], [ 100.405571, 13.6683907 ], [ 100.4057906, 13.672042 ], [ 100.4062646, 13.6786383 ], [ 100.4069089, 13.6886292 ], [ 100.4055362, 13.7179547 ], [ 100.4055512, 13.7256779 ], [ 100.4055161, 13.7320647 ], [ 100.4055319, 13.7343351 ], [ 100.4055395, 13.747582 ], [ 100.4055061, 13.7544645 ], [ 100.4057469, 13.7569209 ], [ 100.4063409, 13.7620193 ], [ 100.4067369, 13.7653525 ], [ 100.4076116, 13.7724551 ], [ 100.4079548, 13.7753704 ], [ 100.4093304, 13.7887701 ], [ 100.4094816, 13.7909591 ], [ 100.409667, 13.7928511 ], [ 100.4099899, 13.7970274 ], [ 100.4107201, 13.8055468 ], [ 100.4114867, 13.814733 ], [ 100.4124313, 13.8258282 ], [ 100.4128053, 13.830027 ], [ 100.4131348, 13.833536 ], [ 100.4130717, 13.8376488 ], [ 100.412361, 13.8450993 ], [ 100.4120569, 13.8482467 ], [ 100.4112716, 13.8560684 ], [ 100.4112048, 13.8569572 ], [ 100.4101062, 13.8682892 ], [ 100.4092739, 13.877129 ], [ 100.4088821, 13.8811547 ], [ 100.4083411, 13.8875144 ], [ 100.4079732, 13.8913028 ], [ 100.408528, 13.8945181 ], [ 100.4072165, 13.6928218 ], [ 100.4061886, 13.7044808 ] ] } },
{ "type": "Feature", "properties": { "route_id": 17816492, "name": "511 (3-22E) ปากน้ำ - สายใต้ใหม่ (ทางด่วน)", "ref": "511 (3-22E)", "from_stop": "", "to_stop": "", "operator": "BMTA", "network": "BMTA", "route_type": "bus", "coord_count": 59 }, "geometry": { "type": "LineString", "coordinates": [ [ 100.5951723, 13.5732613 ], [ 100.5962772, 13.5964657 ], [ 100.5888291, 13.6302476 ], [ 100.5977563, 13.6516965 ], [ 100.6063553, 13.6727763 ], [ 100.506975, 13.7563015 ], [ 100.500132, 13.756808 ], [ 100.4979883, 13.7572484 ], [ 100.4879947, 13.7652886 ], [ 100.4835788, 13.7709813 ], [ 100.4244444, 13.7800256 ], [ 100.5984106, 13.5721586 ], [ 100.6029768, 13.5781799 ], [ 100.6012728, 13.5816816 ], [ 100.5998065, 13.584682 ], [ 100.5972751, 13.5899285 ], [ 100.5973701, 13.5987907 ], [ 100.5969291, 13.6022164 ], [ 100.5953854, 13.606785 ], [ 100.5937845, 13.6111128 ], [ 100.5926648, 13.6141649 ], [ 100.5919002, 13.6163364 ], [ 100.5914719, 13.6174715 ], [ 100.5908764, 13.6191136 ], [ 100.5895867, 13.6226335 ], [ 100.5884588, 13.6257277 ], [ 100.5914114, 13.6361529 ], [ 100.5928638, 13.6396976 ], [ 100.5993004, 13.6553532 ], [ 100.5997071, 13.6563143 ], [ 100.60049, 13.6582402 ], [ 100.6019186, 13.6617889 ], [ 100.6030067, 13.6644208 ], [ 100.6040881, 13.6669666 ], [ 100.5465767, 13.74945 ], [ 100.5424351, 13.7496752 ], [ 100.5384927, 13.7507609 ], [ 100.5350454, 13.751988 ], [ 100.5279643, 13.7544814 ], [ 100.5244766, 13.7557325 ], [ 100.5190499, 13.7568185 ], [ 100.5142729, 13.7564903 ], [ 100.5113722, 13.7563974 ], [ 100.5038548, 13.7560264 ], [ 100.4801453, 13.7748371 ], [ 100.4783131, 13.7768686 ], [ 100.4764753, 13.7788999 ], [ 100.4749047, 13.7805832 ], [ 100.4719638, 13.7837196 ], [ 100.4700409, 13.7857529 ], [ 100.4614884, 13.785346 ], [ 100.4572822, 13.7840911 ], [ 100.4536743, 13.7830128 ], [ 100.4451124, 13.7803838 ], [ 100.4429861, 13.7797936 ], [ 100.4394538, 13.7796548 ], [ 100.4376217, 13.7798371 ], [ 100.4309691, 13.7805134 ], [ 100.4272867, 13.7808935 ] ] } },
{ "type": "Feature", "properties": { "route_id": 17816493, "name": "511 (3-22E) สายใต้ใหม่ - ปากน้ำ (ทางด่วน)", "ref": "511 (3-22E)", "from_stop": "", "to_stop": "", "operator": "BMTA", "network": "BMTA", "route_type": "bus", "coord_count": 60 }, "geometry": { "type": "LineString", "coordinates": [ [ 100.5951723, 13.5732613 ], [ 100.484065, 13.7711293 ], [ 100.4884052, 13.7656139 ], [ 100.5071075, 13.756458 ], [ 100.6060888, 13.6710779 ], [ 100.5974672, 13.6502019 ], [ 100.5891358, 13.6299759 ], [ 100.4275662, 13.7813735 ], [ 100.4777453, 13.7780114 ], [ 100.4976122, 13.7577995 ], [ 100.5440419, 13.7496272 ], [ 100.5096768, 13.7573124 ], [ 100.5149102, 13.7580755 ], [ 100.5132685, 13.7596619 ], [ 100.4244444, 13.7800256 ], [ 100.426512, 13.7896607 ], [ 100.4320484, 13.7809242 ], [ 100.4394355, 13.7802267 ], [ 100.4430402, 13.7803949 ], [ 100.4450732, 13.780958 ], [ 100.4566758, 13.7844407 ], [ 100.4619171, 13.7860143 ], [ 100.4707875, 13.7854099 ], [ 100.4721979, 13.7839224 ], [ 100.4742572, 13.7817348 ], [ 100.4753051, 13.7806085 ], [ 100.4790496, 13.7766535 ], [ 100.4806489, 13.7750362 ], [ 100.5002565, 13.7572674 ], [ 100.5190244, 13.7570015 ], [ 100.5246078, 13.7559216 ], [ 100.5277878, 13.7547817 ], [ 100.5358051, 13.7519312 ], [ 100.5372978, 13.7513989 ], [ 100.6043374, 13.6669548 ], [ 100.6034496, 13.6648346 ], [ 100.602013, 13.6612652 ], [ 100.6006766, 13.6579629 ], [ 100.5998211, 13.655973 ], [ 100.5985461, 13.6528586 ], [ 100.5951111, 13.6444961 ], [ 100.5933204, 13.6400857 ], [ 100.5923113, 13.6375752 ], [ 100.5915085, 13.6356563 ], [ 100.5887109, 13.6258736 ], [ 100.5896948, 13.6232252 ], [ 100.591144, 13.619159 ], [ 100.5928099, 13.6145716 ], [ 100.5938008, 13.611836 ], [ 100.5955906, 13.6069347 ], [ 100.5972216, 13.6021276 ], [ 100.5976955, 13.5991457 ], [ 100.5975845, 13.5959643 ], [ 100.5975849, 13.5934804 ], [ 100.597487, 13.5900224 ], [ 100.598828, 13.5872574 ], [ 100.6000452, 13.5847478 ], [ 100.6014746, 13.5818069 ], [ 100.6028886, 13.5788847 ], [ 100.5979109, 13.5724808 ] ] } },
{ "type": "Feature", "properties": { "route_id": 17816769, "name": "3-31 เมกาบางนา - บางบอน", "ref": "3-31", "from_stop": "", "to_stop": "", "operator": "BMTA", "network": "BMTA", "route_type": "bus", "coord_count": 74 }, "geometry": { "type": "LineString", "coordinates": [ [ 100.6753164, 13.6448315 ], [ 100.4093798, 13.6648975 ], [ 100.6798642, 13.6488904 ], [ 100.4463607, 13.6853723 ], [ 100.4821878, 13.6891351 ], [ 100.4859799, 13.6864485 ], [ 100.4811871, 13.6904705 ], [ 100.6745226, 13.653537 ], [ 100.6714653, 13.6552129 ], [ 100.6667593, 13.6578103 ], [ 100.6626997, 13.6600769 ], [ 100.661104, 13.6609321 ], [ 100.6574731, 13.6626872 ], [ 100.6514167, 13.6640364 ], [ 100.6476995, 13.6647287 ], [ 100.6424385, 13.6555649 ], [ 100.6402282, 13.649895 ], [ 100.6355385, 13.6420252 ], [ 100.6341261, 13.6396449 ], [ 100.6333145, 13.6382757 ], [ 100.6308339, 13.6340831 ], [ 100.6290612, 13.6310463 ], [ 100.6246278, 13.6286906 ], [ 100.6153541, 13.6336697 ], [ 100.6118303, 13.6355659 ], [ 100.6072943, 13.6382434 ], [ 100.6027579, 13.6419603 ], [ 100.5892547, 13.6437938 ], [ 100.5873709, 13.6441835 ], [ 100.5850334, 13.6446572 ], [ 100.5820557, 13.6452417 ], [ 100.5799489, 13.6456553 ], [ 100.578563, 13.6459514 ], [ 100.5766973, 13.6463319 ], [ 100.5751671, 13.6466394 ], [ 100.5727965, 13.6471129 ], [ 100.569244, 13.6478285 ], [ 100.566355, 13.6484185 ], [ 100.5655639, 13.6485648 ], [ 100.5642958, 13.6488349 ], [ 100.5626562, 13.6491606 ], [ 100.5582608, 13.6500487 ], [ 100.5526248, 13.6507705 ], [ 100.5482721, 13.6518596 ], [ 100.5471516, 13.6523976 ], [ 100.5435879, 13.6540565 ], [ 100.4298481, 13.676039 ], [ 100.4268342, 13.6744416 ], [ 100.4247431, 13.6733333 ], [ 100.4189482, 13.6702822 ], [ 100.4165512, 13.6689963 ], [ 100.4130633, 13.6669948 ], [ 100.4572496, 13.6950476 ], [ 100.4558822, 13.6933934 ], [ 100.4550077, 13.6922648 ], [ 100.4531502, 13.6900676 ], [ 100.451035, 13.6884626 ], [ 100.4486805, 13.6866929 ], [ 100.4445767, 13.6843759 ], [ 100.4425401, 13.6832536 ], [ 100.4409982, 13.6824164 ], [ 100.4389079, 13.6812267 ], [ 100.4350662, 13.6790308 ], [ 100.4794627, 13.6945017 ], [ 100.4771505, 13.6955985 ], [ 100.4744098, 13.6968454 ], [ 100.4718767, 13.6980345 ], [ 100.4705273, 13.6986429 ], [ 100.4682445, 13.6990663 ], [ 100.4652122, 13.6989945 ], [ 100.4617111, 13.6998222 ], [ 100.459809, 13.6983571 ], [ 100.4582388, 13.6963162 ], [ 100.5039419, 13.6744209 ] ] } },
{ "type": "Feature", "properties": { "route_id": 17816770, "name": "3-31 บางบอน - เมกาบางนา", "ref": "3-31", "from_stop": "", "to_stop": "", "operator": "BMTA", "network": "BMTA", "route_type": "bus", "coord_count": 80 }, "geometry": { "type": "LineString", "coordinates": [ [ 100.4089261, 13.6649162 ], [ 100.4120952, 13.6667298 ], [ 100.4163764, 13.6691605 ], [ 100.4190571, 13.6706216 ], [ 100.4247034, 13.6735867 ], [ 100.4263768, 13.6744575 ], [ 100.4308888, 13.6769031 ], [ 100.4341794, 13.6787781 ], [ 100.4360012, 13.6798426 ], [ 100.4388577, 13.6814616 ], [ 100.4416257, 13.6830257 ], [ 100.444244, 13.6843826 ], [ 100.4467091, 13.6856117 ], [ 100.4490046, 13.6870386 ], [ 100.4512452, 13.6887711 ], [ 100.4531549, 13.6902389 ], [ 100.4544742, 13.6917725 ], [ 100.4557257, 13.6933991 ], [ 100.4572526, 13.695242 ], [ 100.4589129, 13.6974044 ], [ 100.4599072, 13.6986991 ], [ 100.4619743, 13.6998251 ], [ 100.4650269, 13.6991261 ], [ 100.4678184, 13.6991612 ], [ 100.4701138, 13.6989147 ], [ 100.4717645, 13.6982067 ], [ 100.473701, 13.6973018 ], [ 100.4769886, 13.6957792 ], [ 100.4792676, 13.694721 ], [ 100.481345, 13.6911278 ], [ 100.4825406, 13.6892614 ], [ 100.4861234, 13.6867222 ], [ 100.5071549, 13.6727948 ], [ 100.5134441, 13.668817 ], [ 100.5435281, 13.6543428 ], [ 100.5470914, 13.6526682 ], [ 100.5487946, 13.6518664 ], [ 100.5525893, 13.6510025 ], [ 100.5579034, 13.6503565 ], [ 100.5633388, 13.6492548 ], [ 100.5658491, 13.6487531 ], [ 100.567268, 13.648466 ], [ 100.5691302, 13.6480658 ], [ 100.5716027, 13.6475746 ], [ 100.5749637, 13.646904 ], [ 100.5767628, 13.6465339 ], [ 100.5786179, 13.6461703 ], [ 100.5801579, 13.6458504 ], [ 100.5822921, 13.6454271 ], [ 100.5858601, 13.6447199 ], [ 100.587197, 13.6444477 ], [ 100.5893916, 13.6440081 ], [ 100.5901528, 13.643847 ], [ 100.5928089, 13.6433124 ], [ 100.5976722, 13.6448756 ], [ 100.603407, 13.6418977 ], [ 100.6058967, 13.6398209 ], [ 100.6079971, 13.6380584 ], [ 100.612293, 13.6356363 ], [ 100.6163223, 13.6334703 ], [ 100.6213761, 13.6307552 ], [ 100.6247793, 13.6289682 ], [ 100.628664, 13.6311935 ], [ 100.6306812, 13.6344018 ], [ 100.6336517, 13.6395228 ], [ 100.6350696, 13.6418702 ], [ 100.6377646, 13.6463494 ], [ 100.6399395, 13.6500383 ], [ 100.6423884, 13.6570063 ], [ 100.6466892, 13.6658058 ], [ 100.6496031, 13.6652325 ], [ 100.651572, 13.6648577 ], [ 100.6573968, 13.6636037 ], [ 100.6620182, 13.6614038 ], [ 100.6651133, 13.6597091 ], [ 100.6673985, 13.6584243 ], [ 100.671983, 13.6559191 ], [ 100.6749817, 13.6542523 ], [ 100.6798642, 13.6488904 ], [ 100.6753164, 13.6448315 ] ] } },
{ "type": "Feature", "properties": { "route_id": 17875255, "name": "1-7E (59E) รังสิต - สนามหลวง (ทางด่วน)", "ref": "1-7E (59E)", "from_stop": "", "to_stop": "สนามหลวง", "operator": "BMTA", "network": "BMTA", "route_type": "bus", "coord_count": 39 }, "geometry": { "type": "LineString", "coordinates": [ [ 100.6042384, 13.9846305 ], [ 100.4937121, 13.7581118 ], [ 100.6082971, 13.9873844 ], [ 100.5384722, 13.7641638 ], [ 100.506975, 13.7563015 ], [ 100.500132, 13.756808 ], [ 100.4979883, 13.7572484 ], [ 100.6097362, 13.987586 ], [ 100.6154737, 13.9908192 ], [ 100.6161466, 13.9872721 ], [ 100.6182542, 13.9747975 ], [ 100.6192432, 13.9691991 ], [ 100.6198122, 13.9662194 ], [ 100.6202644, 13.9637258 ], [ 100.6208584, 13.9601375 ], [ 100.6198653, 13.952205 ], [ 100.6182415, 13.9492812 ], [ 100.6168655, 13.9468632 ], [ 100.6154281, 13.9442847 ], [ 100.6141279, 13.9419944 ], [ 100.612676, 13.9394102 ], [ 100.6075561, 13.9304843 ], [ 100.6058752, 13.9274954 ], [ 100.6027904, 13.922042 ], [ 100.5318811, 13.7767759 ], [ 100.5306768, 13.7737785 ], [ 100.5296271, 13.7710375 ], [ 100.530582, 13.7684699 ], [ 100.5334227, 13.76721 ], [ 100.5352563, 13.7663587 ], [ 100.5366969, 13.7618132 ], [ 100.5352911, 13.7592845 ], [ 100.5337995, 13.756611 ], [ 100.5279643, 13.7544814 ], [ 100.5244766, 13.7557325 ], [ 100.5190499, 13.7568185 ], [ 100.5142729, 13.7564903 ], [ 100.5113722, 13.7563974 ], [ 100.5038548, 13.7560264 ] ] } },
{ "type": "Feature", "properties": { "route_id": 17875256, "name": "1-7E (59E) สนามหลวง - รังสิต (ทางด่วน)", "ref": "1-7E (59E)", "from_stop": "", "to_stop": "", "operator": "BMTA", "network": "BMTA", "route_type": "bus", "coord_count": 31 }, "geometry": { "type": "LineString", "coordinates": [ [ 100.4937121, 13.7581118 ], [ 100.4976122, 13.7577995 ], [ 100.5071075, 13.756458 ], [ 100.537986, 13.7658134 ], [ 100.6042384, 13.9846305 ], [ 100.5096768, 13.7573124 ], [ 100.5149102, 13.7580755 ], [ 100.5132685, 13.7596619 ], [ 100.5002565, 13.7572674 ], [ 100.5190244, 13.7570015 ], [ 100.5246078, 13.7559216 ], [ 100.5277878, 13.7547817 ], [ 100.5328569, 13.755427 ], [ 100.5350896, 13.7594302 ], [ 100.6023924, 13.9221723 ], [ 100.6036296, 13.9241977 ], [ 100.6055389, 13.9275756 ], [ 100.6077377, 13.9315088 ], [ 100.612221, 13.9396666 ], [ 100.6133353, 13.9416347 ], [ 100.6149452, 13.9445381 ], [ 100.6163544, 13.9470167 ], [ 100.6188388, 13.9515118 ], [ 100.6200807, 13.9537528 ], [ 100.6202428, 13.9602779 ], [ 100.6198594, 13.9624903 ], [ 100.6193474, 13.9651202 ], [ 100.6185681, 13.9696724 ], [ 100.6176401, 13.9747595 ], [ 100.6129998, 13.9877223 ], [ 100.6074477, 13.9868205 ] ] } },
{ "type": "Feature", "properties": { "route_id": 17875258, "name": "185 (1-16) แยกลำลูกกา - พระราม 9", "ref": "185 (1-16)", "from_stop": "", "to_stop": "", "operator": "BMTA", "network": "BMTA", "route_type": "bus", "coord_count": 14 }, "geometry": { "type": "LineString", "coordinates": [ [ 100.6229253, 13.9487311 ], [ 100.5679063, 13.7559961 ], [ 100.5716692, 13.7556947 ], [ 100.5717129, 13.7677955 ], [ 100.56935, 13.764791 ], [ 100.5669768, 13.7616971 ], [ 100.6234397, 13.9456309 ], [ 100.6238313, 13.94328 ], [ 100.6245718, 13.9397157 ], [ 100.625086, 13.936339 ], [ 100.6255677, 13.9338069 ], [ 100.6260899, 13.9307838 ], [ 100.6266628, 13.926034 ], [ 100.5637394, 13.8293912 ] ] } },
{ "type": "Feature", "properties": { "route_id": 17875259, "name": "185 (1-16) พระราม 9 - แยกลำลูกกา", "ref": "185 (1-16)", "from_stop": "", "to_stop": "", "operator": "BMTA", "network": "BMTA", "route_type": "bus", "coord_count": 4 }, "geometry": { "type": "LineString", "coordinates": [ [ 100.6222623, 13.9495636 ], [ 100.5628904, 13.8294315 ], [ 100.5569982, 13.8332724 ], [ 100.5573852, 13.839602 ] ] } },
{ "type": "Feature", "properties": { "route_id": 17876843, "name": "3-19E (145E) ปากน้ำ - หมอชิต 2 (ทางด่วน)", "ref": "3-19E (145E)", "from_stop": "", "to_stop": "", "operator": "BMTA", "network": "BMTA", "route_type": "bus", "coord_count": 59 }, "geometry": { "type": "LineString", "coordinates": [ [ 100.5479272, 13.810854 ], [ 100.6203021, 13.5622149 ], [ 100.6257083, 13.578713 ], [ 100.6080598, 13.5842588 ], [ 100.5962772, 13.5964657 ], [ 100.6231489, 13.6207692 ], [ 100.5414578, 13.799013 ], [ 100.5431934, 13.8040442 ], [ 100.5407277, 13.8046313 ], [ 100.6466899, 13.6879247 ], [ 100.6472665, 13.6954968 ], [ 100.6470189, 13.692069 ], [ 100.6433883, 13.7134403 ], [ 100.6415496, 13.7260737 ], [ 100.6411981, 13.7374181 ], [ 100.6226804, 13.5807243 ], [ 100.6201272, 13.582367 ], [ 100.6147331, 13.5845584 ], [ 100.6122015, 13.5855527 ], [ 100.6029768, 13.5781799 ], [ 100.6012728, 13.5816816 ], [ 100.5998065, 13.584682 ], [ 100.5972751, 13.5899285 ], [ 100.5984264, 13.6000049 ], [ 100.6050438, 13.596901 ], [ 100.6081804, 13.5959036 ], [ 100.6121909, 13.5986601 ], [ 100.618789, 13.6126553 ], [ 100.6209986, 13.6165121 ], [ 100.6245918, 13.6235647 ], [ 100.6260238, 13.6264837 ], [ 100.628664, 13.6311935 ], [ 100.6306812, 13.6344018 ], [ 100.6336517, 13.6395228 ], [ 100.6350696, 13.6418702 ], [ 100.5529263, 13.7737642 ], [ 100.5546548, 13.776919 ], [ 100.5561407, 13.7795484 ], [ 100.558822, 13.7840301 ], [ 100.5601365, 13.7864311 ], [ 100.5612229, 13.7906852 ], [ 100.5609956, 13.7940534 ], [ 100.5605514, 13.7973937 ], [ 100.5603244, 13.7996514 ], [ 100.5600178, 13.8032421 ], [ 100.5598476, 13.8052499 ], [ 100.5595495, 13.8076559 ], [ 100.55669, 13.8072755 ], [ 100.5551092, 13.8045801 ], [ 100.5425607, 13.7978536 ], [ 100.5478544, 13.7979075 ], [ 100.548221, 13.7989218 ], [ 100.5481727, 13.8007799 ], [ 100.5479754, 13.8053937 ], [ 100.6129888, 13.6019839 ], [ 100.6147369, 13.6058919 ], [ 100.6160477, 13.6082011 ], [ 100.6232451, 13.5803602 ], [ 100.6157765, 13.5841913 ] ] } },
{ "type": "Feature", "properties": { "route_id": 17876844, "name": "3-19E (145E) หมอชิต 2 - ปากน้ำ (ทางด่วน)", "ref": "3-19E (145E)", "from_stop": "หมอชิต 2", "to_stop": "อู่บ่อดิน", "operator": "BMTA", "network": "BMTA", "route_type": "bus", "coord_count": 50 }, "geometry": { "type": "LineString", "coordinates": [ [ 100.5479272, 13.810854 ], [ 100.6203021, 13.5622149 ], [ 100.5493186, 13.8132289 ], [ 100.6073598, 13.5833305 ], [ 100.6475975, 13.6951057 ], [ 100.6470558, 13.6883315 ], [ 100.6472589, 13.6909775 ], [ 100.6437216, 13.7138078 ], [ 100.6418569, 13.7263603 ], [ 100.6416771, 13.7371996 ], [ 100.5482086, 13.8081416 ], [ 100.5483789, 13.8043055 ], [ 100.5534966, 13.8027584 ], [ 100.5541188, 13.8037679 ], [ 100.5407277, 13.8046313 ], [ 100.5431934, 13.8040442 ], [ 100.5975845, 13.5959643 ], [ 100.6028886, 13.5788847 ], [ 100.6254562, 13.5791838 ], [ 100.5484477, 13.8016321 ], [ 100.5485475, 13.7991581 ], [ 100.5600639, 13.8097079 ], [ 100.6355385, 13.6420252 ], [ 100.6341261, 13.6396449 ], [ 100.6333145, 13.6382757 ], [ 100.6308339, 13.6340831 ], [ 100.6290612, 13.6310463 ], [ 100.626533, 13.6263754 ], [ 100.6126592, 13.5985283 ], [ 100.6090906, 13.5957633 ], [ 100.6051337, 13.5966184 ], [ 100.597883, 13.5988069 ], [ 100.5975849, 13.5934804 ], [ 100.597487, 13.5900224 ], [ 100.598828, 13.5872574 ], [ 100.6000452, 13.5847478 ], [ 100.6014746, 13.5818069 ], [ 100.6136101, 13.5852758 ], [ 100.6208307, 13.5822435 ], [ 100.6249513, 13.6234523 ], [ 100.6233831, 13.6202297 ], [ 100.6213702, 13.6162228 ], [ 100.6190084, 13.6121049 ], [ 100.6165179, 13.6080594 ], [ 100.6147721, 13.6048183 ], [ 100.6133486, 13.6016016 ], [ 100.6192319, 13.5830472 ], [ 100.6237221, 13.5803232 ], [ 100.6424385, 13.6555649 ], [ 100.6402282, 13.649895 ] ] } },
{ "type": "Feature", "properties": { "route_id": 17877971, "name": "114 (1-21) รังสิต - นครอินทร์", "ref": "114 (1-21)", "from_stop": "", "to_stop": "", "operator": "BMTA", "network": "BMTA", "route_type": "bus", "coord_count": 32 }, "geometry": { "type": "LineString", "coordinates": [ [ 100.6042384, 13.9846305 ], [ 100.6082971, 13.9873844 ], [ 100.6097362, 13.987586 ], [ 100.6154737, 13.9908192 ], [ 100.6161466, 13.9872721 ], [ 100.6182542, 13.9747975 ], [ 100.6192432, 13.9691991 ], [ 100.6198122, 13.9662194 ], [ 100.6202644, 13.9637258 ], [ 100.6208584, 13.9601375 ], [ 100.6198653, 13.952205 ], [ 100.6182415, 13.9492812 ], [ 100.6168655, 13.9468632 ], [ 100.6154281, 13.9442847 ], [ 100.6141279, 13.9419944 ], [ 100.612676, 13.9394102 ], [ 100.5568522, 13.849907 ], [ 100.5551318, 13.8508667 ], [ 100.5512102, 13.8530633 ], [ 100.548699, 13.8544636 ], [ 100.5470006, 13.8554256 ], [ 100.4973064, 13.8386746 ], [ 100.4973834, 13.8387052 ], [ 100.4986955, 13.8363808 ], [ 100.4986578, 13.8363798 ], [ 100.4845257, 13.8268562 ], [ 100.4845518, 13.8268013 ], [ 100.4807117, 13.8249432 ], [ 100.4807305, 13.8248964 ], [ 100.5355772, 13.8572151 ], [ 100.5573852, 13.839602 ], [ 100.5569982, 13.8332724 ] ] } },
{ "type": "Feature", "properties": { "route_id": 17877972, "name": "114 (1-21) นครอินทร์ - รังสิต", "ref": "114 (1-21)", "from_stop": "", "to_stop": "", "operator": "BMTA", "network": "BMTA", "route_type": "bus", "coord_count": 34 }, "geometry": { "type": "LineString", "coordinates": [ [ 100.479887, 13.825047 ], [ 100.4799016, 13.8249956 ], [ 100.4846015, 13.8273601 ], [ 100.4846018, 13.8273778 ], [ 100.4986752, 13.8361524 ], [ 100.4985437, 13.83609 ], [ 100.4964581, 13.8401246 ], [ 100.4964774, 13.8401376 ], [ 100.5266234, 13.8586362 ], [ 100.5286508, 13.8583895 ], [ 100.5314413, 13.8580507 ], [ 100.6023924, 13.9221723 ], [ 100.6036296, 13.9241977 ], [ 100.6055389, 13.9275756 ], [ 100.6077377, 13.9315088 ], [ 100.612221, 13.9396666 ], [ 100.6133353, 13.9416347 ], [ 100.6149452, 13.9445381 ], [ 100.6163544, 13.9470167 ], [ 100.6188388, 13.9515118 ], [ 100.6200807, 13.9537528 ], [ 100.6202428, 13.9602779 ], [ 100.6198594, 13.9624903 ], [ 100.6193474, 13.9651202 ], [ 100.6185681, 13.9696724 ], [ 100.6176401, 13.9747595 ], [ 100.6129998, 13.9877223 ], [ 100.6074477, 13.9868205 ], [ 100.6042384, 13.9846305 ], [ 100.5469026, 13.8558681 ], [ 100.5493125, 13.8545035 ], [ 100.5516825, 13.8531682 ], [ 100.5552822, 13.8511653 ], [ 100.5576208, 13.849868 ] ] } },
{ "type": "Feature", "properties": { "route_id": 17878155, "name": "95 (1-29) บางเขน - ม.รามคำแหง", "ref": "95 (1-29)", "from_stop": "", "to_stop": "", "operator": "", "network": "BMTA", "route_type": "bus", "coord_count": 50 }, "geometry": { "type": "LineString", "coordinates": [ [ 100.5923975, 13.8695054 ], [ 100.6148776, 13.7580258 ], [ 100.593655, 13.8706376 ], [ 100.597545, 13.8741702 ], [ 100.5999859, 13.8725306 ], [ 100.6017377, 13.8716413 ], [ 100.6047974, 13.8699325 ], [ 100.6071603, 13.8686562 ], [ 100.6105721, 13.866823 ], [ 100.613327, 13.8653543 ], [ 100.6367143, 13.8438723 ], [ 100.6343132, 13.8388398 ], [ 100.6308797, 13.832859 ], [ 100.6300973, 13.8305267 ], [ 100.6270429, 13.822396 ], [ 100.6251884, 13.8187255 ], [ 100.622697, 13.8147886 ], [ 100.6215169, 13.8129296 ], [ 100.6105559, 13.7855595 ], [ 100.6124987, 13.7844644 ], [ 100.6151465, 13.783 ], [ 100.6189204, 13.7808777 ], [ 100.6203843, 13.7800574 ], [ 100.6234868, 13.7783139 ], [ 100.6252479, 13.7773396 ], [ 100.6275052, 13.7760756 ], [ 100.6303167, 13.7745145 ], [ 100.6315085, 13.7738424 ], [ 100.634122, 13.772388 ], [ 100.6367446, 13.770928 ], [ 100.6385804, 13.7698947 ], [ 100.6404983, 13.7688488 ], [ 100.6429171, 13.7674962 ], [ 100.6426949, 13.7622391 ], [ 100.6403755, 13.7620057 ], [ 100.6367027, 13.7616002 ], [ 100.6334772, 13.7612301 ], [ 100.6306998, 13.7609139 ], [ 100.6260065, 13.7603756 ], [ 100.6213153, 13.7598292 ], [ 100.6330643, 13.8367721 ], [ 100.6125167, 13.7938921 ], [ 100.613764, 13.7967928 ], [ 100.6168389, 13.8036862 ], [ 100.6155552, 13.8007312 ], [ 100.618975, 13.8084888 ], [ 100.6215169, 13.8129296 ], [ 100.622697, 13.8147886 ], [ 100.6251884, 13.8187255 ], [ 100.6270429, 13.822396 ] ] } },
{ "type": "Feature", "properties": { "route_id": 17878156, "name": "95 (1-29) ม.รามคำแหง - บางเขน", "ref": "95 (1-29)", "from_stop": "", "to_stop": "", "operator": "BMTA", "network": "BMTA", "route_type": "bus", "coord_count": 46 }, "geometry": { "type": "LineString", "coordinates": [ [ 100.5923975, 13.8695054 ], [ 100.6149471, 13.7582437 ], [ 100.6180964, 13.7595569 ], [ 100.6228216, 13.7602484 ], [ 100.6270932, 13.7607263 ], [ 100.6313122, 13.7612199 ], [ 100.6347865, 13.7616055 ], [ 100.6380937, 13.761999 ], [ 100.6394807, 13.7621509 ], [ 100.6454953, 13.7635099 ], [ 100.6424357, 13.7674149 ], [ 100.640015, 13.7687356 ], [ 100.6386891, 13.7695367 ], [ 100.6368961, 13.770564 ], [ 100.6346282, 13.7718321 ], [ 100.6322084, 13.7731925 ], [ 100.6296873, 13.7746123 ], [ 100.6274614, 13.7758612 ], [ 100.6249308, 13.7772626 ], [ 100.6224347, 13.7786522 ], [ 100.6191025, 13.7805202 ], [ 100.6153305, 13.7826348 ], [ 100.6123485, 13.7842957 ], [ 100.6104933, 13.7853261 ], [ 100.608015, 13.7813991 ], [ 100.6111882, 13.7932509 ], [ 100.6129141, 13.7966191 ], [ 100.6258739, 13.8215029 ], [ 100.6130199, 13.8651342 ], [ 100.6103701, 13.8665532 ], [ 100.6062097, 13.8688139 ], [ 100.6046439, 13.8696555 ], [ 100.6013372, 13.871433 ], [ 100.5994714, 13.8724065 ], [ 100.5948514, 13.8721725 ], [ 100.6295505, 13.8306385 ], [ 100.6305184, 13.8333141 ], [ 100.6316556, 13.835585 ], [ 100.6327438, 13.8375942 ], [ 100.6339728, 13.8399003 ], [ 100.6359471, 13.8437786 ], [ 100.6150223, 13.8010638 ], [ 100.6162996, 13.803972 ], [ 100.6178846, 13.807382 ], [ 100.6248151, 13.8197052 ], [ 100.6228762, 13.8166144 ] ] } },
{ "type": "Feature", "properties": { "route_id": 17890124, "name": "180 (3-20E) เซ็นทรัลพระราม 3 - เมกาบางนา", "ref": "180 (3-20E)", "from_stop": "", "to_stop": "", "operator": "BMTA", "network": "BMTA", "route_type": "bus", "coord_count": 46 }, "geometry": { "type": "LineString", "coordinates": [ [ 100.5394492, 13.6977495 ], [ 100.5333698, 13.6951154 ], [ 100.5381049, 13.6974649 ], [ 100.5608084, 13.7196638 ], [ 100.5646709, 13.7130565 ], [ 100.6097014, 13.6800929 ], [ 100.6819747, 13.6504671 ], [ 100.6798642, 13.6488904 ], [ 100.5577735, 13.7189145 ], [ 100.5428271, 13.70327 ], [ 100.5450348, 13.7036169 ], [ 100.5456501, 13.7034186 ], [ 100.5478698, 13.7072521 ], [ 100.5510058, 13.7104303 ], [ 100.5634786, 13.7191284 ], [ 100.5669917, 13.7183177 ], [ 100.5658555, 13.7158397 ], [ 100.6010518, 13.6938622 ], [ 100.603363, 13.6948262 ], [ 100.6105011, 13.6824802 ], [ 100.6088015, 13.6778356 ], [ 100.6076772, 13.6750696 ], [ 100.6093437, 13.6731646 ], [ 100.6135468, 13.6723425 ], [ 100.6165074, 13.6717071 ], [ 100.6211797, 13.6708194 ], [ 100.6246501, 13.6701267 ], [ 100.634536, 13.668175 ], [ 100.6391899, 13.6672573 ], [ 100.6427184, 13.6665763 ], [ 100.6466892, 13.6658058 ], [ 100.6496031, 13.6652325 ], [ 100.651572, 13.6648577 ], [ 100.6573968, 13.6636037 ], [ 100.6620182, 13.6614038 ], [ 100.6651133, 13.6597091 ], [ 100.6673985, 13.6584243 ], [ 100.671983, 13.6559191 ], [ 100.6749817, 13.6542523 ], [ 100.6782855, 13.6524627 ], [ 100.6925664, 13.6586586 ], [ 100.6950624, 13.6620512 ], [ 100.6833915, 13.6668333 ], [ 100.6822107, 13.6637508 ], [ 100.6814476, 13.6613143 ], [ 100.6773446, 13.6543784 ] ] } },
{ "type": "Feature", "properties": { "route_id": 17890125, "name": "180 (3-20E) เมกาบางนา - เซ็นทรัลพระราม 3", "ref": "180 (3-20E)", "from_stop": "", "to_stop": "", "operator": "BMTA", "network": "BMTA", "route_type": "bus", "coord_count": 45 }, "geometry": { "type": "LineString", "coordinates": [ [ 100.6798642, 13.6488904 ], [ 100.6092009, 13.6795724 ], [ 100.563743, 13.7097638 ], [ 100.5644109, 13.7131822 ], [ 100.5579154, 13.7195849 ], [ 100.5410656, 13.6991809 ], [ 100.5391684, 13.6970718 ], [ 100.5333698, 13.6951154 ], [ 100.5381049, 13.6974649 ], [ 100.5394492, 13.6977495 ], [ 100.6745226, 13.653537 ], [ 100.6714653, 13.6552129 ], [ 100.6667593, 13.6578103 ], [ 100.6626997, 13.6600769 ], [ 100.661104, 13.6609321 ], [ 100.6574731, 13.6626872 ], [ 100.6514167, 13.6640364 ], [ 100.6476995, 13.6647287 ], [ 100.6417801, 13.6659104 ], [ 100.6342886, 13.6673831 ], [ 100.6237998, 13.6694312 ], [ 100.6212377, 13.6699114 ], [ 100.6180447, 13.6705498 ], [ 100.6081146, 13.6769336 ], [ 100.6102722, 13.6826944 ], [ 100.6103245, 13.6850936 ], [ 100.6095124, 13.6879477 ], [ 100.6081481, 13.6907683 ], [ 100.6071962, 13.6926295 ], [ 100.6044723, 13.6951538 ], [ 100.6020308, 13.6941122 ], [ 100.5641338, 13.7096121 ], [ 100.5657897, 13.7162337 ], [ 100.5659579, 13.7193197 ], [ 100.5636833, 13.7189987 ], [ 100.5597658, 13.7197944 ], [ 100.557334, 13.7163573 ], [ 100.5509596, 13.7100185 ], [ 100.5475919, 13.7062184 ], [ 100.5459568, 13.7028245 ], [ 100.5463327, 13.6981383 ], [ 100.5453243, 13.6960929 ], [ 100.5426256, 13.6987676 ], [ 100.6130084, 13.6715629 ], [ 100.6072515, 13.674826 ] ] } },
{ "type": "Feature", "properties": { "route_id": 17890127, "name": "206 (3-30) ศรีเอี่ยม - บางเขน", "ref": "206 (3-30)", "from_stop": "", "to_stop": "", "operator": "BMTA", "network": "BMTA", "route_type": "bus", "coord_count": 35 }, "geometry": { "type": "LineString", "coordinates": [ [ 100.6436892, 13.6651787 ], [ 100.6455466, 13.6732831 ], [ 100.6457845, 13.6768969 ], [ 100.6460664, 13.6800343 ], [ 100.6462869, 13.682874 ], [ 100.6464391, 13.6847888 ], [ 100.6466899, 13.6879247 ], [ 100.6470189, 13.692069 ], [ 100.6472665, 13.6954968 ], [ 100.646529, 13.7001074 ], [ 100.6453242, 13.7052302 ], [ 100.6446321, 13.7082412 ], [ 100.6433883, 13.7134403 ], [ 100.5874598, 13.8601711 ], [ 100.5890188, 13.8628171 ], [ 100.5903535, 13.8650291 ], [ 100.5924629, 13.8685972 ], [ 100.5923975, 13.8695054 ], [ 100.5750936, 13.8114079 ], [ 100.5752921, 13.8153944 ], [ 100.5753582, 13.8181436 ], [ 100.5744767, 13.8215402 ], [ 100.5730448, 13.8236965 ], [ 100.5711165, 13.8253483 ], [ 100.5875818, 13.7440086 ], [ 100.6419241, 13.7209979 ], [ 100.6415496, 13.7260737 ], [ 100.6413702, 13.7286162 ], [ 100.6411514, 13.7312587 ], [ 100.6408932, 13.7344241 ], [ 100.6369858, 13.7359834 ], [ 100.6348268, 13.7362322 ], [ 100.6317759, 13.7366145 ], [ 100.6295813, 13.7367616 ], [ 100.6273021, 13.7370691 ] ] } },
{ "type": "Feature", "properties": { "route_id": 17890128, "name": "206 (3-30) บางเขน - ศรีเอี่ยม", "ref": "206 (3-30)", "from_stop": "", "to_stop": "", "operator": "BMTA", "network": "BMTA", "route_type": "bus", "coord_count": 36 }, "geometry": { "type": "LineString", "coordinates": [ [ 100.6436892, 13.6651787 ], [ 100.5923975, 13.8695054 ], [ 100.5948514, 13.8721725 ], [ 100.5928039, 13.8686929 ], [ 100.5912653, 13.8660849 ], [ 100.5896585, 13.8633715 ], [ 100.5875631, 13.8598182 ], [ 100.569873, 13.8263721 ], [ 100.5731727, 13.8240295 ], [ 100.575057, 13.8209977 ], [ 100.5756902, 13.818147 ], [ 100.5756477, 13.8159756 ], [ 100.5754643, 13.8125854 ], [ 100.6437216, 13.7138078 ], [ 100.6441601, 13.7117328 ], [ 100.6451079, 13.7076234 ], [ 100.6456551, 13.7052436 ], [ 100.6468386, 13.7001878 ], [ 100.6474342, 13.6976382 ], [ 100.6475975, 13.6951057 ], [ 100.6472589, 13.6909775 ], [ 100.6470558, 13.6883315 ], [ 100.6467305, 13.6842547 ], [ 100.6465373, 13.681799 ], [ 100.6463632, 13.6794556 ], [ 100.6460525, 13.6757497 ], [ 100.6458049, 13.672695 ], [ 100.5746331, 13.8378371 ], [ 100.5730666, 13.8352154 ], [ 100.573957, 13.747317 ], [ 100.5788856, 13.7462029 ], [ 100.5854489, 13.7447176 ], [ 100.588783, 13.7439464 ], [ 100.5925366, 13.7431148 ], [ 100.5954821, 13.7424683 ], [ 100.6418569, 13.7263603 ] ] } },
{ "type": "Feature", "properties": { "route_id": 17890526, "name": "72 (3-46) ท่าเรือคลองเตย - เทเวศร์", "ref": "72 (3-46)", "from_stop": "", "to_stop": "", "operator": "BMTA", "network": "BMTA", "route_type": "bus", "coord_count": 30 }, "geometry": { "type": "LineString", "coordinates": [ [ 100.563743, 13.7097638 ], [ 100.5053551, 13.7703955 ], [ 100.5644109, 13.7131822 ], [ 100.5416766, 13.7533375 ], [ 100.5657897, 13.7162337 ], [ 100.5688525, 13.7183286 ], [ 100.5759589, 13.7153733 ], [ 100.5775888, 13.7146636 ], [ 100.58013, 13.7135602 ], [ 100.5824055, 13.7131264 ], [ 100.5842847, 13.7147347 ], [ 100.5831506, 13.720841 ], [ 100.581136, 13.7222791 ], [ 100.5465767, 13.74945 ], [ 100.5424351, 13.7496752 ], [ 100.5321146, 13.7587752 ], [ 100.5288688, 13.7602414 ], [ 100.5272124, 13.7609849 ], [ 100.5241724, 13.7623547 ], [ 100.5793339, 13.7248073 ], [ 100.5807964, 13.7288134 ], [ 100.5823465, 13.7335779 ], [ 100.5832385, 13.7362328 ], [ 100.5840852, 13.7386968 ], [ 100.520894, 13.7637622 ], [ 100.5142973, 13.7668655 ], [ 100.5125494, 13.7676584 ], [ 100.5095805, 13.7689469 ], [ 100.5073536, 13.7699598 ], [ 100.5054915, 13.7707901 ] ] } },
{ "type": "Feature", "properties": { "route_id": 17890527, "name": "72 (3-46) เทเวศร์ - ท่าเรือคลองเตย", "ref": "72 (3-46)", "from_stop": "", "to_stop": "", "operator": "", "network": "BMTA", "route_type": "bus", "coord_count": 36 }, "geometry": { "type": "LineString", "coordinates": [ [ 100.563743, 13.7097638 ], [ 100.5053551, 13.7703955 ], [ 100.5440419, 13.7496272 ], [ 100.5646709, 13.7130565 ], [ 100.528171, 13.7608759 ], [ 100.5302341, 13.7599552 ], [ 100.5062298, 13.7696874 ], [ 100.5416749, 13.7525418 ], [ 100.5470113, 13.7497072 ], [ 100.5807658, 13.7189001 ], [ 100.5797969, 13.7134499 ], [ 100.576481, 13.7148747 ], [ 100.5669917, 13.7183177 ], [ 100.5658555, 13.7158397 ], [ 100.5641338, 13.7096121 ], [ 100.5242867, 13.7626354 ], [ 100.5370853, 13.7574182 ], [ 100.5384652, 13.7570995 ], [ 100.5411741, 13.7564679 ], [ 100.5848149, 13.7402296 ], [ 100.5842762, 13.7386894 ], [ 100.5827191, 13.7341131 ], [ 100.5818358, 13.7315168 ], [ 100.5809273, 13.7284426 ], [ 100.573957, 13.747317 ], [ 100.5788856, 13.7462029 ], [ 100.5854489, 13.7447176 ], [ 100.588783, 13.7439464 ], [ 100.5925366, 13.7431148 ], [ 100.5954821, 13.7424683 ], [ 100.5980003, 13.7498058 ], [ 100.5951614, 13.750732 ], [ 100.5875818, 13.7440086 ], [ 100.5326622, 13.7588489 ], [ 100.5096941, 13.7691651 ], [ 100.5128151, 13.7677752 ] ] } },
{ "type": "Feature", "properties": { "route_id": 17890709, "name": "54 (2-44) วงกลมรอบเมือง : พระราม 9 - โบสถ์แม่พระ (วนซ้าย)", "ref": "54 (2-44)", "from_stop": "", "to_stop": "", "operator": "", "network": "BMTA", "route_type": "bus", "coord_count": 24 }, "geometry": { "type": "LineString", "coordinates": [ [ 100.5728809, 13.7593872 ], [ 100.5728809, 13.7593872 ], [ 100.5384722, 13.7641638 ], [ 100.5404919, 13.7473108 ], [ 100.5330435, 13.7458988 ], [ 100.5721056, 13.7554101 ], [ 100.5682046, 13.7556991 ], [ 100.5446513, 13.7633488 ], [ 100.5511977, 13.762463 ], [ 100.5533071, 13.7613993 ], [ 100.5716692, 13.7556947 ], [ 100.5679063, 13.7559961 ], [ 100.567037, 13.7796381 ], [ 100.567175, 13.7814503 ], [ 100.5671173, 13.7836251 ], [ 100.5670194, 13.7863909 ], [ 100.5668755, 13.7886388 ], [ 100.5366969, 13.7618132 ], [ 100.5352911, 13.7592845 ], [ 100.5337995, 13.756611 ], [ 100.5327982, 13.7548007 ], [ 100.5704591, 13.7774374 ], [ 100.569609, 13.7782463 ], [ 100.5410995, 13.7697313 ] ] } },
{ "type": "Feature", "properties": { "route_id": 17890710, "name": "54 (2-44) วงกลมรอบเมือง : โบสถ์แม่พระ - พระราม 9 (วนขวา)", "ref": "54 (2-44)", "from_stop": "", "to_stop": "", "operator": "", "network": "BMTA", "route_type": "bus", "coord_count": 26 }, "geometry": { "type": "LineString", "coordinates": [ [ 100.5728809, 13.7593872 ], [ 100.5728809, 13.7593872 ], [ 100.5380731, 13.7657563 ], [ 100.5407658, 13.7470321 ], [ 100.5334091, 13.7456566 ], [ 100.5679063, 13.7559961 ], [ 100.5716692, 13.7556947 ], [ 100.5521771, 13.7616893 ], [ 100.5503128, 13.7626215 ], [ 100.5458694, 13.763376 ], [ 100.5416749, 13.7525418 ], [ 100.5380861, 13.7447996 ], [ 100.5314676, 13.752007 ], [ 100.5328569, 13.755427 ], [ 100.5350896, 13.7594302 ], [ 100.5669615, 13.7879719 ], [ 100.5671105, 13.7862492 ], [ 100.5672105, 13.7830363 ], [ 100.5672725, 13.7809906 ], [ 100.5670312, 13.7792618 ], [ 100.5721056, 13.7554101 ], [ 100.5682046, 13.7556991 ], [ 100.5691026, 13.7784319 ], [ 100.541733, 13.772033 ], [ 100.5398137, 13.7679206 ], [ 100.5559429, 13.7598347 ] ] } },
{ "type": "Feature", "properties": { "route_id": 17895544, "name": "2-28 บางบัวทอง - สวนลุมพินี", "ref": "2-28", "from_stop": "", "to_stop": "", "operator": "BMTA", "network": "BMTA", "route_type": "bus", "coord_count": 49 }, "geometry": { "type": "LineString", "coordinates": [ [ 100.4211963, 13.9172745 ], [ 100.4212669, 13.9173084 ], [ 100.5447008, 13.7280872 ], [ 100.4217365, 13.7819729 ], [ 100.4275662, 13.7813735 ], [ 100.5408752, 13.7279766 ], [ 100.5014919, 13.7212984 ], [ 100.4173665, 13.9232312 ], [ 100.4149889, 13.9243535 ], [ 100.4149734, 13.924314 ], [ 100.4126632, 13.9219136 ], [ 100.4104232, 13.9145886 ], [ 100.4081773, 13.9070916 ], [ 100.4075321, 13.9048203 ], [ 100.4075958, 13.9024206 ], [ 100.4084702, 13.8946461 ], [ 100.4086369, 13.8918326 ], [ 100.4090861, 13.8865543 ], [ 100.4094113, 13.8832632 ], [ 100.4095688, 13.8815917 ], [ 100.4099452, 13.8778922 ], [ 100.4098318, 13.8778886 ], [ 100.4107046, 13.8695458 ], [ 100.4112581, 13.8634461 ], [ 100.4116392, 13.8594892 ], [ 100.4119204, 13.8564531 ], [ 100.4126113, 13.8494871 ], [ 100.4130294, 13.8452413 ], [ 100.4137724, 13.8376094 ], [ 100.4135332, 13.8302171 ], [ 100.4131005, 13.8253529 ], [ 100.4119881, 13.8125189 ], [ 100.4113848, 13.8052408 ], [ 100.4106691, 13.7962229 ], [ 100.4102506, 13.7913872 ], [ 100.4162749, 13.782553 ], [ 100.4200426, 13.7821648 ], [ 100.4320484, 13.7809242 ], [ 100.4448557, 13.7658879 ], [ 100.4479959, 13.7470401 ], [ 100.4475377, 13.7419539 ], [ 100.4481286, 13.7366202 ], [ 100.4528461, 13.7293868 ], [ 100.5334699, 13.728363 ], [ 100.492988, 13.7213257 ], [ 100.4962417, 13.7214188 ], [ 100.4996522, 13.7213468 ], [ 100.5200469, 13.7235696 ], [ 100.5215159, 13.7240815 ] ] } },
{ "type": "Feature", "properties": { "route_id": 17895545, "name": "2-28 สวนลุมพินี - บางบัวทอง", "ref": "2-28", "from_stop": "", "to_stop": "", "operator": "", "network": "BMTA", "route_type": "bus", "coord_count": 56 }, "geometry": { "type": "LineString", "coordinates": [ [ 100.4213454, 13.9172962 ], [ 100.4212864, 13.9172749 ], [ 100.4170995, 13.923532 ], [ 100.4171308, 13.9236221 ], [ 100.5447008, 13.7280872 ], [ 100.4158547, 13.9323762 ], [ 100.4152662, 13.9330008 ], [ 100.4130184, 13.9255941 ], [ 100.4539519, 13.7275008 ], [ 100.450208, 13.7315991 ], [ 100.4489683, 13.7334162 ], [ 100.4474765, 13.7369745 ], [ 100.4470388, 13.7419325 ], [ 100.4450169, 13.7583637 ], [ 100.4442885, 13.766136 ], [ 100.4394538, 13.7796548 ], [ 100.4376217, 13.7798371 ], [ 100.4309691, 13.7805134 ], [ 100.4272867, 13.7808935 ], [ 100.4228662, 13.7811461 ], [ 100.4163872, 13.7820075 ], [ 100.4093304, 13.7887701 ], [ 100.4094816, 13.7909591 ], [ 100.409667, 13.7928511 ], [ 100.4107201, 13.8055468 ], [ 100.4114867, 13.814733 ], [ 100.4124313, 13.8258282 ], [ 100.4128053, 13.830027 ], [ 100.4131348, 13.833536 ], [ 100.4130717, 13.8376488 ], [ 100.412361, 13.8450993 ], [ 100.4120569, 13.8482467 ], [ 100.4112716, 13.8560684 ], [ 100.4112048, 13.8569572 ], [ 100.4101062, 13.8682892 ], [ 100.4092739, 13.877129 ], [ 100.4093418, 13.8771403 ], [ 100.4089879, 13.8811702 ], [ 100.4088821, 13.8811547 ], [ 100.4083411, 13.8875144 ], [ 100.4083948, 13.8875222 ], [ 100.4079732, 13.8913028 ], [ 100.4069198, 13.9051437 ], [ 100.4085751, 13.9107679 ], [ 100.4096364, 13.9143187 ], [ 100.4123438, 13.9234675 ], [ 100.5453105, 13.7316239 ], [ 100.5403341, 13.7342044 ], [ 100.5381451, 13.7329546 ], [ 100.5345701, 13.7285062 ], [ 100.5002483, 13.7206386 ], [ 100.4970113, 13.7207216 ], [ 100.4936313, 13.7207323 ], [ 100.5450864, 13.7303236 ], [ 100.5445653, 13.734066 ], [ 100.5310647, 13.7272758 ] ] } },
{ "type": "Feature", "properties": { "route_id": 17899550, "name": "2-10E (63) นครอินทร์ - ประตูน้ำ (ทางด่วน)", "ref": "2-10E (63)", "from_stop": "", "to_stop": "", "operator": "BMTA", "network": "BMTA", "route_type": "bus", "coord_count": 51 }, "geometry": { "type": "LineString", "coordinates": [ [ 100.4799016, 13.8249956 ], [ 100.479887, 13.825047 ], [ 100.5416766, 13.7533375 ], [ 100.4846015, 13.8273601 ], [ 100.4846018, 13.8273778 ], [ 100.4986752, 13.8361524 ], [ 100.4985437, 13.83609 ], [ 100.4964774, 13.8401376 ], [ 100.4964581, 13.8401246 ], [ 100.4919725, 13.8424837 ], [ 100.491966, 13.8425032 ], [ 100.4937418, 13.8428799 ], [ 100.4937279, 13.8429234 ], [ 100.4968406, 13.8435392 ], [ 100.496831, 13.8435819 ], [ 100.4984838, 13.8437865 ], [ 100.4984745, 13.8438438 ], [ 100.499703, 13.85134 ], [ 100.4901689, 13.856243 ], [ 100.4929501, 13.8579003 ], [ 100.4933078, 13.8644565 ], [ 100.4932756, 13.8666966 ], [ 100.4932548, 13.866661 ], [ 100.4970709, 13.8646748 ], [ 100.4971164, 13.8647477 ], [ 100.5038828, 13.8620912 ], [ 100.5039034, 13.8621639 ], [ 100.5091944, 13.8609436 ], [ 100.5092017, 13.8610196 ], [ 100.5147873, 13.8602177 ], [ 100.5371171, 13.8573566 ], [ 100.5406627, 13.8569075 ], [ 100.5419053, 13.8564363 ], [ 100.5382634, 13.8568799 ], [ 100.5355772, 13.8572151 ], [ 100.5318811, 13.7767759 ], [ 100.5306942, 13.7737899 ], [ 100.5296271, 13.7710375 ], [ 100.530582, 13.7684699 ], [ 100.5334227, 13.76721 ], [ 100.5352563, 13.7663587 ], [ 100.5384722, 13.7641638 ], [ 100.5366969, 13.7618132 ], [ 100.5352911, 13.7592845 ], [ 100.5337995, 13.756611 ], [ 100.5327982, 13.7548007 ], [ 100.5358051, 13.7519312 ], [ 100.5372978, 13.7513989 ], [ 100.5266234, 13.8586362 ], [ 100.5286508, 13.8583895 ], [ 100.5314413, 13.8580507 ] ] } },
{ "type": "Feature", "properties": { "route_id": 17899551, "name": "2-10E (63) ประตูน้ำ - นครอินทร์ (ทางด่วน)", "ref": "2-10E (63)", "from_stop": "", "to_stop": "", "operator": "BMTA", "network": "BMTA", "route_type": "bus", "coord_count": 47 }, "geometry": { "type": "LineString", "coordinates": [ [ 100.5416766, 13.7533375 ], [ 100.4807305, 13.8248964 ], [ 100.4807117, 13.8249432 ], [ 100.5374584, 13.764699 ], [ 100.5371171, 13.8573566 ], [ 100.5406627, 13.8569075 ], [ 100.5419053, 13.8564363 ], [ 100.5382634, 13.8568799 ], [ 100.5355772, 13.8572151 ], [ 100.5315514, 13.8577103 ], [ 100.5276394, 13.8581898 ], [ 100.5423759, 13.7579039 ], [ 100.5424022, 13.7608296 ], [ 100.5406868, 13.7637208 ], [ 100.5351326, 13.7662143 ], [ 100.5318135, 13.7677143 ], [ 100.5294315, 13.7711669 ], [ 100.5324387, 13.7785724 ], [ 100.5338832, 13.7822995 ], [ 100.5347252, 13.7843023 ], [ 100.5315882, 13.7765684 ], [ 100.5189942, 13.8591668 ], [ 100.5190042, 13.85927 ], [ 100.5174266, 13.8593713 ], [ 100.5174348, 13.8594761 ], [ 100.5132012, 13.86001 ], [ 100.5131949, 13.8599709 ], [ 100.503641, 13.8617588 ], [ 100.5036269, 13.8616972 ], [ 100.5016044, 13.8624021 ], [ 100.5015674, 13.8623287 ], [ 100.4972153, 13.864196 ], [ 100.4971776, 13.8641058 ], [ 100.4932089, 13.8575892 ], [ 100.4998769, 13.8513747 ], [ 100.4987658, 13.8438195 ], [ 100.4987783, 13.8437222 ], [ 100.4969019, 13.8434569 ], [ 100.4968872, 13.8435466 ], [ 100.4959267, 13.8421646 ], [ 100.4959951, 13.8421889 ], [ 100.4973064, 13.8386746 ], [ 100.4973834, 13.8387052 ], [ 100.4986578, 13.8363798 ], [ 100.4986955, 13.8363808 ], [ 100.4845257, 13.8268562 ], [ 100.4845518, 13.8268013 ] ] } },
{ "type": "Feature", "properties": { "route_id": 17899553, "name": "36 (2-40) อู่พระราม 9 - ฟอร์จูน - สี่พระยา", "ref": "36 (2-40)", "from_stop": "อู่พระราม 9", "to_stop": "สี่พระยา", "operator": "BMTA", "network": "BMTA", "route_type": "bus", "coord_count": 31 }, "geometry": { "type": "LineString", "coordinates": [ [ 100.5728809, 13.7593872 ], [ 100.5384722, 13.7641638 ], [ 100.5144976, 13.7300329 ], [ 100.5291355, 13.7342923 ], [ 100.5294139, 13.736137 ], [ 100.529702, 13.7381985 ], [ 100.5300542, 13.7405426 ], [ 100.5721056, 13.7554101 ], [ 100.5682046, 13.7556991 ], [ 100.5704591, 13.7774374 ], [ 100.569609, 13.7782463 ], [ 100.5681057, 13.7775609 ], [ 100.5671726, 13.7751143 ], [ 100.5641095, 13.7755147 ], [ 100.5624417, 13.7752307 ], [ 100.5612637, 13.7744857 ], [ 100.5537563, 13.7608954 ], [ 100.5521771, 13.7616893 ], [ 100.5503128, 13.7626215 ], [ 100.5458694, 13.763376 ], [ 100.5406868, 13.7637208 ], [ 100.5366969, 13.7618132 ], [ 100.5352911, 13.7592845 ], [ 100.5337995, 13.756611 ], [ 100.5327982, 13.7548007 ], [ 100.5304872, 13.7435144 ], [ 100.5247759, 13.7317558 ], [ 100.5236412, 13.7297899 ], [ 100.5158158, 13.7283059 ], [ 100.5231658, 13.7273039 ], [ 100.5197895, 13.7262525 ] ] } },
{ "type": "Feature", "properties": { "route_id": 17899554, "name": "36 (2-40) สี่พระยา - ฟอร์จูน - อู่พระราม 9", "ref": "36 (2-40)", "from_stop": "สี่พระยา", "to_stop": "อู่พระราม 9", "operator": "BMTA", "network": "BMTA", "route_type": "bus", "coord_count": 32 }, "geometry": { "type": "LineString", "coordinates": [ [ 100.5144976, 13.7300329 ], [ 100.5195223, 13.7309441 ], [ 100.5391867, 13.7653062 ], [ 100.5728809, 13.7593872 ], [ 100.5288227, 13.7340804 ], [ 100.5291586, 13.7361738 ], [ 100.5294507, 13.7381189 ], [ 100.5298947, 13.7410141 ], [ 100.5303629, 13.7443552 ], [ 100.5169844, 13.730455 ], [ 100.5217426, 13.7313172 ], [ 100.5238537, 13.7316787 ], [ 100.525989, 13.732016 ], [ 100.5328569, 13.755427 ], [ 100.5350896, 13.7594302 ], [ 100.5409478, 13.763859 ], [ 100.5446513, 13.7633488 ], [ 100.5511977, 13.762463 ], [ 100.5533071, 13.7613993 ], [ 100.5557651, 13.7628235 ], [ 100.5563879, 13.764357 ], [ 100.5568211, 13.7655333 ], [ 100.5582039, 13.7695114 ], [ 100.5594982, 13.7701276 ], [ 100.5600972, 13.7716269 ], [ 100.562102, 13.7751134 ], [ 100.5637717, 13.7756133 ], [ 100.5657947, 13.7754537 ], [ 100.5678788, 13.7766624 ], [ 100.5691026, 13.7784319 ], [ 100.5679063, 13.7559961 ], [ 100.5716692, 13.7556947 ] ] } },
{ "type": "Feature", "properties": { "route_id": 17899703, "name": "2-33 บัวทองเคหะ - สถานีรถไฟบางซื่อ", "ref": "2-33", "from_stop": "", "to_stop": "", "operator": "BMTA", "network": "BMTA", "route_type": "bus", "coord_count": 43 }, "geometry": { "type": "LineString", "coordinates": [ [ 100.397806, 13.9368619 ], [ 100.3983687, 13.9363651 ], [ 100.3973734, 13.9352516 ], [ 100.3981397, 13.9343425 ], [ 100.3993466, 13.9335771 ], [ 100.4060812, 13.9297068 ], [ 100.4075683, 13.9288552 ], [ 100.4132147, 13.926266 ], [ 100.4152662, 13.9330008 ], [ 100.4158547, 13.9323762 ], [ 100.4136224, 13.9250718 ], [ 100.4126632, 13.9219136 ], [ 100.4104232, 13.9145886 ], [ 100.4081773, 13.9070916 ], [ 100.4075321, 13.9048203 ], [ 100.4075958, 13.9024206 ], [ 100.4084702, 13.8946461 ], [ 100.4086369, 13.8918326 ], [ 100.4090861, 13.8865543 ], [ 100.4094113, 13.8832632 ], [ 100.4095688, 13.8815917 ], [ 100.4099452, 13.8778922 ], [ 100.4098318, 13.8778886 ], [ 100.4107046, 13.8695458 ], [ 100.4112581, 13.8634461 ], [ 100.4116392, 13.8594892 ], [ 100.4119204, 13.8564531 ], [ 100.4126113, 13.8494871 ], [ 100.4130294, 13.8452413 ], [ 100.4137724, 13.8376094 ], [ 100.4135332, 13.8302171 ], [ 100.4131005, 13.8253529 ], [ 100.5318504, 13.8061862 ], [ 100.5394622, 13.8032714 ], [ 100.421495, 13.822585 ], [ 100.4287965, 13.8226964 ], [ 100.4344468, 13.8230984 ], [ 100.4422468, 13.8240695 ], [ 100.4524122, 13.824837 ], [ 100.4524109, 13.8247858 ], [ 100.4572942, 13.8246006 ], [ 100.4572979, 13.8246554 ], [ 100.4768359, 13.8238375 ] ] } },
{ "type": "Feature", "properties": { "route_id": 17899704, "name": "2-33 สถานีรถไฟบางซื่อ - บัวทองเคหะ", "ref": "2-33", "from_stop": "", "to_stop": "", "operator": "BMTA", "network": "BMTA", "route_type": "bus", "coord_count": 37 }, "geometry": { "type": "LineString", "coordinates": [ [ 100.5394622, 13.8032714 ], [ 100.5323365, 13.8058547 ], [ 100.4124313, 13.8258282 ], [ 100.4128053, 13.830027 ], [ 100.4131348, 13.833536 ], [ 100.4130717, 13.8376488 ], [ 100.412361, 13.8450993 ], [ 100.4120569, 13.8482467 ], [ 100.4112716, 13.8560684 ], [ 100.4112048, 13.8569572 ], [ 100.4101062, 13.8682892 ], [ 100.4093418, 13.8771403 ], [ 100.4092739, 13.877129 ], [ 100.4089879, 13.8811702 ], [ 100.4088821, 13.8811547 ], [ 100.4083411, 13.8875144 ], [ 100.4083948, 13.8875222 ], [ 100.4079732, 13.8913028 ], [ 100.4069198, 13.9051437 ], [ 100.4085751, 13.9107679 ], [ 100.4096364, 13.9143187 ], [ 100.4123438, 13.9234675 ], [ 100.412752, 13.9252546 ], [ 100.4067717, 13.9290335 ], [ 100.4055093, 13.9297559 ], [ 100.3994384, 13.9332293 ], [ 100.3979438, 13.9362153 ], [ 100.397806, 13.9368619 ], [ 100.4769502, 13.8233478 ], [ 100.4769364, 13.8234026 ], [ 100.4596914, 13.8238827 ], [ 100.459683, 13.8238365 ], [ 100.4635647, 13.8230103 ], [ 100.4574184, 13.8241602 ], [ 100.4523175, 13.8243463 ], [ 100.4807117, 13.8249432 ], [ 100.4807305, 13.8248964 ] ] } },
{ "type": "Feature", "properties": { "route_id": 17899706, "name": "2-53 วงกลม : อนุสาวรีย์ชัยสมรภูมิ - รัชดาภิเษก (วนซ้าย)", "ref": "2-53", "from_stop": "", "to_stop": "", "operator": "BMTA", "network": "BMTA", "route_type": "bus", "coord_count": 21 }, "geometry": { "type": "LineString", "coordinates": [ [ 100.5391867, 13.7653062 ], [ 100.5391867, 13.7653062 ], [ 100.5750936, 13.8114079 ], [ 100.5752921, 13.8153944 ], [ 100.5753582, 13.8181436 ], [ 100.5744767, 13.8215402 ], [ 100.5730448, 13.8236965 ], [ 100.5711165, 13.8253483 ], [ 100.5628904, 13.8294315 ], [ 100.5590922, 13.8186833 ], [ 100.55669, 13.8072755 ], [ 100.5537722, 13.8023336 ], [ 100.5525741, 13.8002484 ], [ 100.5409478, 13.763859 ], [ 100.5446513, 13.7633488 ], [ 100.5511977, 13.762463 ], [ 100.5533071, 13.7613993 ], [ 100.5410995, 13.7697313 ], [ 100.5509873, 13.7969982 ], [ 100.5501941, 13.7948002 ], [ 100.5495225, 13.7929764 ] ] } },
{ "type": "Feature", "properties": { "route_id": 17899707, "name": "2-53 วงกลม : อนุสาวรีย์ชัยสมรภูมิ - รัชดาภิเษก (วนขวา)", "ref": "2-53", "from_stop": "", "to_stop": "", "operator": "BMTA", "network": "BMTA", "route_type": "bus", "coord_count": 22 }, "geometry": { "type": "LineString", "coordinates": [ [ 100.5380731, 13.7657563 ], [ 100.5380731, 13.7657563 ], [ 100.5534966, 13.8027584 ], [ 100.5541188, 13.8037679 ], [ 100.5637394, 13.8293912 ], [ 100.557207, 13.8088892 ], [ 100.5588242, 13.8142246 ], [ 100.5583285, 13.8188214 ], [ 100.5581299, 13.821977 ], [ 100.5577701, 13.8250213 ], [ 100.569873, 13.8263721 ], [ 100.5731727, 13.8240295 ], [ 100.575057, 13.8209977 ], [ 100.5756902, 13.818147 ], [ 100.5756477, 13.8159756 ], [ 100.5754643, 13.8125854 ], [ 100.5537563, 13.7608954 ], [ 100.5521771, 13.7616893 ], [ 100.5503128, 13.7626215 ], [ 100.5458694, 13.763376 ], [ 100.5406868, 13.7637208 ], [ 100.5559429, 13.7598347 ] ] } },
{ "type": "Feature", "properties": { "route_id": 17902336, "name": "166 (2-31E) ศรีสมาน - เมืองทองธานี - อนุสาวรียชัยสมรภูมิ", "ref": "166 (2-31E)", "from_stop": "", "to_stop": "", "operator": "BMTA", "network": "BMTA", "route_type": "bus", "coord_count": 28 }, "geometry": { "type": "LineString", "coordinates": [ [ 100.5537017, 13.9388096 ], [ 100.5380731, 13.7657563 ], [ 100.5570586, 13.9370747 ], [ 100.5474233, 13.9373903 ], [ 100.5417336, 13.9395975 ], [ 100.5391455, 13.9369723 ], [ 100.5330033, 13.9318618 ], [ 100.5326097, 13.9280639 ], [ 100.5339872, 13.9265007 ], [ 100.5352511, 13.9250603 ], [ 100.5367789, 13.9233311 ], [ 100.5389429, 13.9208667 ], [ 100.5398961, 13.9197481 ], [ 100.5406413, 13.9181342 ], [ 100.5509974, 13.9151991 ], [ 100.5524261, 13.9113797 ], [ 100.5521227, 13.9096613 ], [ 100.5497675, 13.9099326 ], [ 100.5481637, 13.9101761 ], [ 100.5387881, 13.9109045 ], [ 100.5381971, 13.9024581 ], [ 100.5388988, 13.900918 ], [ 100.5318811, 13.7767759 ], [ 100.5306942, 13.7737899 ], [ 100.5296271, 13.7710375 ], [ 100.530582, 13.7684699 ], [ 100.5334227, 13.76721 ], [ 100.5352563, 13.7663587 ] ] } },
{ "type": "Feature", "properties": { "route_id": 17902337, "name": "166 (2-31E) อนุสาวรีย์ชัยสมรภูมิ - เมืองทองธานี - ศรีสมาน", "ref": "166 (2-31E)", "from_stop": "", "to_stop": "", "operator": "BMTA", "network": "BMTA", "route_type": "bus", "coord_count": 24 }, "geometry": { "type": "LineString", "coordinates": [ [ 100.5380731, 13.7657563 ], [ 100.5537017, 13.9388096 ], [ 100.5408213, 13.8998705 ], [ 100.5380964, 13.9020271 ], [ 100.5380047, 13.9045242 ], [ 100.5378896, 13.9062431 ], [ 100.5386583, 13.9110167 ], [ 100.5402619, 13.9116552 ], [ 100.5483653, 13.9104092 ], [ 100.5498102, 13.9101387 ], [ 100.549986, 13.9130679 ], [ 100.5502949, 13.9139369 ], [ 100.550911, 13.9154331 ], [ 100.5404046, 13.9184272 ], [ 100.5398798, 13.9194975 ], [ 100.5387827, 13.9207752 ], [ 100.5377092, 13.9219987 ], [ 100.5365968, 13.9232667 ], [ 100.5350902, 13.9249836 ], [ 100.5338162, 13.9264348 ], [ 100.5323979, 13.9280406 ], [ 100.5334281, 13.9325412 ], [ 100.5392571, 13.9373815 ], [ 100.5460603, 13.9379758 ] ] } },
{ "type": "Feature", "properties": { "route_id": 17902573, "name": "4-33E พระประแดง - หมอชิต 2", "ref": "4-33E", "from_stop": "", "to_stop": "", "operator": "BMTA", "network": "BMTA", "route_type": "bus", "coord_count": 23 }, "geometry": { "type": "LineString", "coordinates": [ [ 100.5479755, 13.8108976 ], [ 100.5286925, 13.6607107 ], [ 100.5127078, 13.6689106 ], [ 100.5084435, 13.6714562 ], [ 100.5380731, 13.7657563 ], [ 100.5534966, 13.8027584 ], [ 100.5541188, 13.8037679 ], [ 100.561455, 13.8161295 ], [ 100.5326665, 13.6598733 ], [ 100.5351079, 13.6592588 ], [ 100.5312832, 13.6603405 ], [ 100.5276795, 13.6604813 ], [ 100.5248384, 13.660674 ], [ 100.5181834, 13.660304 ], [ 100.517136, 13.662868 ], [ 100.5157342, 13.666396 ], [ 100.5105242, 13.6702591 ], [ 100.557207, 13.8088892 ], [ 100.5520093, 13.8282253 ], [ 100.5501896, 13.8261875 ], [ 100.5493233, 13.8243513 ], [ 100.5500252, 13.8127228 ], [ 100.5628904, 13.8294315 ] ] } },
{ "type": "Feature", "properties": { "route_id": 17902574, "name": "4-33E หมอชิต 2 - พระประแดง", "ref": "4-33E", "from_stop": "", "to_stop": "", "operator": "BMTA", "network": "BMTA", "route_type": "bus", "coord_count": 24 }, "geometry": { "type": "LineString", "coordinates": [ [ 100.5479755, 13.8108976 ], [ 100.5493186, 13.8132289 ], [ 100.5615517, 13.8155358 ], [ 100.537986, 13.7658134 ], [ 100.5134441, 13.668817 ], [ 100.5286925, 13.6607107 ], [ 100.5487231, 13.8234031 ], [ 100.5504091, 13.8270558 ], [ 100.5637394, 13.8293912 ], [ 100.55669, 13.8072755 ], [ 100.5537722, 13.8023336 ], [ 100.5525741, 13.8002484 ], [ 100.5398857, 13.7674918 ], [ 100.5112902, 13.6701946 ], [ 100.5144926, 13.6681699 ], [ 100.516005, 13.6666127 ], [ 100.5170342, 13.664121 ], [ 100.5182749, 13.6609796 ], [ 100.5198379, 13.659338 ], [ 100.5264133, 13.6607969 ], [ 100.5410995, 13.7697313 ], [ 100.5509873, 13.7969982 ], [ 100.5501941, 13.7948002 ], [ 100.5495225, 13.7929764 ] ] } },
{ "type": "Feature", "properties": { "route_id": 17902576, "name": "101 (4-5) อู่บรมราชชนนี - ท่าน้ำพระประแดง", "ref": "101 (4-5)", "from_stop": "", "to_stop": "", "operator": "BMTA", "network": "BMTA", "route_type": "bus", "coord_count": 46 }, "geometry": { "type": "LineString", "coordinates": [ [ 100.3901683, 13.7858496 ], [ 100.5134441, 13.668817 ], [ 100.5351079, 13.6592588 ], [ 100.3950097, 13.7783353 ], [ 100.3950697, 13.7761288 ], [ 100.3950918, 13.7725834 ], [ 100.3951983, 13.7677869 ], [ 100.3952426, 13.7645668 ], [ 100.3953027, 13.7616668 ], [ 100.3955275, 13.749624 ], [ 100.3957515, 13.7333316 ], [ 100.3957763, 13.7314031 ], [ 100.3958248, 13.7271009 ], [ 100.3980186, 13.7101088 ], [ 100.4022927, 13.7104474 ], [ 100.4080676, 13.7109713 ], [ 100.4107104, 13.7111234 ], [ 100.4134491, 13.7113291 ], [ 100.4172049, 13.7116705 ], [ 100.4194539, 13.7118574 ], [ 100.424643, 13.7122477 ], [ 100.4707063, 13.7113726 ], [ 100.4693559, 13.7084137 ], [ 100.4688151, 13.7071359 ], [ 100.4681803, 13.7055605 ], [ 100.4676776, 13.7043654 ], [ 100.4678802, 13.7026064 ], [ 100.4680153, 13.7006837 ], [ 100.4678184, 13.6991612 ], [ 100.4701138, 13.6989147 ], [ 100.4717645, 13.6982067 ], [ 100.473701, 13.6973018 ], [ 100.4769886, 13.6957792 ], [ 100.4792676, 13.694721 ], [ 100.5112902, 13.6701946 ], [ 100.5144926, 13.6681699 ], [ 100.516005, 13.6666127 ], [ 100.5170342, 13.664121 ], [ 100.5182749, 13.6609796 ], [ 100.5198379, 13.659338 ], [ 100.5264133, 13.6607969 ], [ 100.5286925, 13.6607107 ], [ 100.5326665, 13.6598733 ], [ 100.3996976, 13.710252 ], [ 100.5071549, 13.6727948 ], [ 100.4339161, 13.7129821 ] ] } },
{ "type": "Feature", "properties": { "route_id": 17902577, "name": "101 (4-5) ท่าน้ำพระประแดง - อู่บรมราชชนนี", "ref": "101 (4-5)", "from_stop": "", "to_stop": "", "operator": "BMTA", "network": "BMTA", "route_type": "bus", "coord_count": 49 }, "geometry": { "type": "LineString", "coordinates": [ [ 100.5351079, 13.6592588 ], [ 100.5312832, 13.6603405 ], [ 100.5276795, 13.6604813 ], [ 100.5248384, 13.660674 ], [ 100.5181834, 13.660304 ], [ 100.517136, 13.662868 ], [ 100.5157342, 13.666396 ], [ 100.5127078, 13.6689106 ], [ 100.5105242, 13.6702591 ], [ 100.5085268, 13.6715539 ], [ 100.5000408, 13.6768651 ], [ 100.4794627, 13.6945017 ], [ 100.4771505, 13.6955985 ], [ 100.4744098, 13.6968454 ], [ 100.4718767, 13.6980345 ], [ 100.4705273, 13.6986429 ], [ 100.4682445, 13.6990663 ], [ 100.4675832, 13.7000727 ], [ 100.4676822, 13.7025717 ], [ 100.4678117, 13.7049723 ], [ 100.4687159, 13.7071927 ], [ 100.4692513, 13.7084517 ], [ 100.470019, 13.7100822 ], [ 100.4705886, 13.7113711 ], [ 100.4270222, 13.7121635 ], [ 100.4234917, 13.7118764 ], [ 100.4195635, 13.7115402 ], [ 100.416747, 13.7112973 ], [ 100.4140816, 13.7111005 ], [ 100.4117884, 13.7108803 ], [ 100.4096173, 13.7107115 ], [ 100.4008331, 13.7100093 ], [ 100.3957097, 13.7103132 ], [ 100.395658, 13.7135828 ], [ 100.3956071, 13.7166116 ], [ 100.395533, 13.7194353 ], [ 100.3954776, 13.7246168 ], [ 100.3954606, 13.7260344 ], [ 100.3954105, 13.7313109 ], [ 100.3953726, 13.7337262 ], [ 100.395099, 13.7498179 ], [ 100.3948684, 13.7621187 ], [ 100.3948316, 13.7647255 ], [ 100.3946675, 13.775097 ], [ 100.3946149, 13.7773511 ], [ 100.3945738, 13.779388 ], [ 100.3863743, 13.7855903 ], [ 100.3901683, 13.7858496 ], [ 100.5039419, 13.6744209 ] ] } },
{ "type": "Feature", "properties": { "route_id": 17907219, "name": "37 (4-9) ท่าน้ำพระประแดง - จุฬาลงกรณ์มหาวิทยาลัย", "ref": "37 (4-9)", "from_stop": "", "to_stop": "", "operator": "BMTA", "network": "BMTA", "route_type": "bus", "coord_count": 39 }, "geometry": { "type": "LineString", "coordinates": [ [ 100.5351079, 13.6592588 ], [ 100.5312832, 13.6603405 ], [ 100.5276795, 13.6604813 ], [ 100.5269589, 13.6614709 ], [ 100.5269759, 13.6640992 ], [ 100.4864542, 13.7075065 ], [ 100.4873205, 13.7100576 ], [ 100.4884896, 13.7133679 ], [ 100.4893465, 13.7159003 ], [ 100.4902547, 13.7185043 ], [ 100.530414, 13.732345 ], [ 100.5320991, 13.7316382 ], [ 100.5336611, 13.7321764 ], [ 100.533885, 13.7337063 ], [ 100.5266415, 13.6652523 ], [ 100.5261144, 13.666054 ], [ 100.5249441, 13.6661764 ], [ 100.5232623, 13.6671794 ], [ 100.5217902, 13.6679713 ], [ 100.5205405, 13.6679904 ], [ 100.5189588, 13.670141 ], [ 100.5180062, 13.673552 ], [ 100.5170086, 13.6752728 ], [ 100.5151516, 13.6766497 ], [ 100.5139445, 13.6774453 ], [ 100.5125259, 13.678227 ], [ 100.5091008, 13.6801518 ], [ 100.5068168, 13.681189 ], [ 100.5148025, 13.7394364 ], [ 100.5199323, 13.7364899 ], [ 100.5221915, 13.7355861 ], [ 100.523896, 13.7349011 ], [ 100.5255442, 13.7342503 ], [ 100.4821878, 13.6891351 ], [ 100.4859799, 13.6864485 ], [ 100.4811871, 13.6904705 ], [ 100.4825556, 13.6962032 ], [ 100.4836709, 13.6995032 ], [ 100.4845533, 13.7020498 ] ] } },
{ "type": "Feature", "properties": { "route_id": 17907220, "name": "37 (4-9) จุฬาลงกรณ์มหาวิทยาลัย - ท่าน้ำพระประแดง", "ref": "37 (4-9)", "from_stop": "", "to_stop": "", "operator": "", "network": "BMTA", "route_type": "bus", "coord_count": 43 }, "geometry": { "type": "LineString", "coordinates": [ [ 100.533885, 13.7337063 ], [ 100.4956098, 13.733095 ], [ 100.4943705, 13.7294583 ], [ 100.4937946, 13.7278386 ], [ 100.4935155, 13.72566 ], [ 100.4906404, 13.718738 ], [ 100.489799, 13.7162701 ], [ 100.4889574, 13.713834 ], [ 100.4875642, 13.7097733 ], [ 100.4865561, 13.7067938 ], [ 100.5270891, 13.6640834 ], [ 100.5270477, 13.6614641 ], [ 100.5286925, 13.6607107 ], [ 100.5326665, 13.6598733 ], [ 100.5351079, 13.6592588 ], [ 100.5204827, 13.668069 ], [ 100.5218229, 13.6680677 ], [ 100.5232765, 13.667286 ], [ 100.5248974, 13.6663523 ], [ 100.5261039, 13.6661471 ], [ 100.5267108, 13.6653646 ], [ 100.5069401, 13.6813949 ], [ 100.5093308, 13.6803134 ], [ 100.5106649, 13.6795486 ], [ 100.5125917, 13.6784387 ], [ 100.5140754, 13.6775553 ], [ 100.5151861, 13.6768857 ], [ 100.5171398, 13.6755246 ], [ 100.5182227, 13.6736276 ], [ 100.5190623, 13.6708165 ], [ 100.5193615, 13.6693037 ], [ 100.514064, 13.7389544 ], [ 100.5234179, 13.7348082 ], [ 100.5264863, 13.7335351 ], [ 100.5294139, 13.736137 ], [ 100.529702, 13.7381985 ], [ 100.5300542, 13.7405426 ], [ 100.5334091, 13.7456566 ], [ 100.4825406, 13.6892614 ], [ 100.4861234, 13.6867222 ], [ 100.481345, 13.6911278 ], [ 100.4827778, 13.6959161 ], [ 100.4849014, 13.7020258 ] ] } },
{ "type": "Feature", "properties": { "route_id": 17907352, "name": "21 (4-6) วัดคู่สร้าง - มหานาค", "ref": "21 (4-6)", "from_stop": "", "to_stop": "", "operator": "BMTA", "network": "BMTA", "route_type": "bus", "coord_count": 29 }, "geometry": { "type": "LineString", "coordinates": [ [ 100.531269, 13.5737582 ], [ 100.5279565, 13.5773029 ], [ 100.5266442, 13.5790331 ], [ 100.5256026, 13.5810353 ], [ 100.5249068, 13.584275 ], [ 100.523966, 13.5873201 ], [ 100.5227837, 13.589167 ], [ 100.5212661, 13.5914858 ], [ 100.5194555, 13.5948592 ], [ 100.5183318, 13.59798 ], [ 100.514567, 13.6042808 ], [ 100.5134808, 13.606199 ], [ 100.5123815, 13.6083764 ], [ 100.5098626, 13.6123143 ], [ 100.5100143, 13.6140609 ], [ 100.5107159, 13.6151909 ], [ 100.5114943, 13.6173468 ], [ 100.511329, 13.6194016 ], [ 100.4859799, 13.6864485 ], [ 100.4821878, 13.6891351 ], [ 100.4811871, 13.6904705 ], [ 100.4825556, 13.6962032 ], [ 100.4836709, 13.6995032 ], [ 100.4845533, 13.7020498 ], [ 100.5162021, 13.7550585 ], [ 100.5039419, 13.6744209 ], [ 100.4965371, 13.6507049 ], [ 100.4873205, 13.7100576 ], [ 100.4986067, 13.655654 ] ] } },
{ "type": "Feature", "properties": { "route_id": 17907353, "name": "21 (4-6) มหานาค - วัดคู่สร้าง", "ref": "21 (4-6)", "from_stop": "", "to_stop": "", "operator": "BMTA", "network": "BMTA", "route_type": "bus", "coord_count": 32 }, "geometry": { "type": "LineString", "coordinates": [ [ 100.5162021, 13.7550585 ], [ 100.4849014, 13.7020258 ], [ 100.4827778, 13.6959161 ], [ 100.481345, 13.6911278 ], [ 100.4825406, 13.6892614 ], [ 100.4935155, 13.72566 ], [ 100.4978195, 13.6541497 ], [ 100.5142729, 13.7564903 ], [ 100.5113722, 13.7563974 ], [ 100.5096016, 13.7555166 ], [ 100.5093136, 13.7532992 ], [ 100.4840053, 13.6994491 ], [ 100.4861234, 13.6867222 ], [ 100.5114714, 13.619497 ], [ 100.5116359, 13.6174568 ], [ 100.5111112, 13.6155477 ], [ 100.5097817, 13.6134547 ], [ 100.5103962, 13.6118538 ], [ 100.512533, 13.6084285 ], [ 100.5138226, 13.6058786 ], [ 100.5147443, 13.604249 ], [ 100.518459, 13.5980347 ], [ 100.519575, 13.5949236 ], [ 100.5212525, 13.5917353 ], [ 100.5228118, 13.5893644 ], [ 100.5240504, 13.5874938 ], [ 100.5249701, 13.584587 ], [ 100.5256746, 13.5812662 ], [ 100.5279556, 13.577502 ], [ 100.531269, 13.5737582 ], [ 100.4966265, 13.6503659 ], [ 100.4875642, 13.7097733 ] ] } },
{ "type": "Feature", "properties": { "route_id": 17907545, "name": "A2 ท่าอากาศยานดอนเมือง - ดินแดง - อนุสาวรีย์ชัยสมรภูมิ", "ref": "A2 (New)", "from_stop": "", "to_stop": "", "operator": "BMTA", "network": "BMTA", "route_type": "bus", "coord_count": 6 }, "geometry": { "type": "LineString", "coordinates": [ [ 100.5933924, 13.9026668 ], [ 100.6024681, 13.9210096 ], [ 100.6018155, 13.9198087 ], [ 100.5458694, 13.763376 ], [ 100.5406868, 13.7637208 ], [ 100.5391867, 13.7653062 ] ] } },
{ "type": "Feature", "properties": { "route_id": 17907546, "name": "A2 อนุสาวรีย์ชัยสมรภูมิ - ดินแดง - ท่าอากาศยานดอนเมือง", "ref": "A2 (New)", "from_stop": "", "to_stop": "", "operator": "BMTA", "network": "BMTA", "route_type": "bus", "coord_count": 10 }, "geometry": { "type": "LineString", "coordinates": [ [ 100.5933924, 13.9026668 ], [ 100.5391867, 13.7653062 ], [ 100.5409478, 13.763859 ], [ 100.5446513, 13.7633488 ], [ 100.5492835, 13.7672697 ], [ 100.5513652, 13.7707987 ], [ 100.601082, 13.9182161 ], [ 100.5983955, 13.9141393 ], [ 100.5969853, 13.9116915 ], [ 100.5934266, 13.9052546 ] ] } },
{ "type": "Feature", "properties": { "route_id": 17907690, "name": "26E (1-35E) มีนบุรี - อนุสาวรีย์ชัยสมรภูมิ (ทางด่วน)", "ref": "26E (1-35E)", "from_stop": "", "to_stop": "", "operator": "BMTA", "network": "BMTA", "route_type": "bus", "coord_count": 16 }, "geometry": { "type": "LineString", "coordinates": [ [ 100.7287835, 13.8142683 ], [ 100.7257145, 13.812366 ], [ 100.723431, 13.8123639 ], [ 100.7199942, 13.8124319 ], [ 100.6861021, 13.8158061 ], [ 100.6828773, 13.8188483 ], [ 100.6803089, 13.821243 ], [ 100.6761986, 13.8251238 ], [ 100.6716961, 13.8294823 ], [ 100.6690947, 13.8320225 ], [ 100.6666797, 13.8343748 ], [ 100.6650098, 13.8359993 ], [ 100.5391867, 13.7653062 ], [ 100.7001984, 13.8125468 ], [ 100.6949838, 13.8125567 ], [ 100.6916625, 13.8125712 ] ] } },
{ "type": "Feature", "properties": { "route_id": 17907691, "name": "26E (1-35E) อนุสาวรีย์ชัยสมรภูมิ - มีนบุรี (ทางด่วน)", "ref": "26E (1-35E)", "from_stop": "", "to_stop": "", "operator": "BMTA", "network": "BMTA", "route_type": "bus", "coord_count": 22 }, "geometry": { "type": "LineString", "coordinates": [ [ 100.5391867, 13.7653062 ], [ 100.7278696, 13.8145556 ], [ 100.719756, 13.8127605 ], [ 100.7223135, 13.812721 ], [ 100.7255713, 13.8126489 ], [ 100.5757514, 13.7554993 ], [ 100.573933, 13.7556254 ], [ 100.5409478, 13.763859 ], [ 100.5446513, 13.7633488 ], [ 100.5511977, 13.762463 ], [ 100.5533071, 13.7613993 ], [ 100.6658056, 13.8356785 ], [ 100.6675676, 13.8339778 ], [ 100.6704941, 13.8311564 ], [ 100.677316, 13.8247325 ], [ 100.6801851, 13.8219898 ], [ 100.6833125, 13.8189648 ], [ 100.6846966, 13.8176446 ], [ 100.6862984, 13.8161206 ], [ 100.6915793, 13.8129303 ], [ 100.6944097, 13.8129181 ], [ 100.7001063, 13.8128672 ] ] } },
{ "type": "Feature", "properties": { "route_id": 17910539, "name": "93 (1-40) หมู่บ้านนักกีฬาฯ - พัฒนาการ - สี่พระยา", "ref": "93 (1-40)", "from_stop": "", "to_stop": "", "operator": "BMTA", "network": "BMTA", "route_type": "bus", "coord_count": 40 }, "geometry": { "type": "LineString", "coordinates": [ [ 100.6951832, 13.7426178 ], [ 100.5151579, 13.7301469 ], [ 100.6416771, 13.7371996 ], [ 100.530414, 13.732345 ], [ 100.5144976, 13.7300329 ], [ 100.5407658, 13.7470321 ], [ 100.5291355, 13.7342923 ], [ 100.5294139, 13.736137 ], [ 100.529702, 13.7381985 ], [ 100.5300542, 13.7405426 ], [ 100.5334091, 13.7456566 ], [ 100.6938987, 13.7404429 ], [ 100.6921153, 13.7391881 ], [ 100.6902809, 13.7395127 ], [ 100.6885347, 13.7399503 ], [ 100.6856417, 13.7404853 ], [ 100.6826952, 13.741337 ], [ 100.67974, 13.7418594 ], [ 100.6765207, 13.7423392 ], [ 100.6726424, 13.7437497 ], [ 100.6695626, 13.7451954 ], [ 100.666625, 13.7458632 ], [ 100.6642283, 13.7462453 ], [ 100.6598555, 13.7469819 ], [ 100.6577758, 13.7474497 ], [ 100.6533523, 13.7482513 ], [ 100.6492853, 13.7494912 ], [ 100.6442084, 13.7479094 ], [ 100.6435503, 13.745329 ], [ 100.6369858, 13.7359834 ], [ 100.6348268, 13.7362322 ], [ 100.6317759, 13.7366145 ], [ 100.6295813, 13.7367616 ], [ 100.6273021, 13.7370691 ], [ 100.5231658, 13.7273039 ], [ 100.5197895, 13.7262525 ], [ 100.5158158, 13.7283059 ], [ 100.5875818, 13.7440086 ], [ 100.5302251, 13.7294833 ], [ 100.5258994, 13.7281606 ] ] } },
{ "type": "Feature", "properties": { "route_id": 17910540, "name": "93 (1-40) สี่พระยา - พัฒนาการ - หมู่บ้านนักกีฬาฯ", "ref": "93 (1-40)", "from_stop": "", "to_stop": "", "operator": "", "network": "BMTA", "route_type": "bus", "coord_count": 49 }, "geometry": { "type": "LineString", "coordinates": [ [ 100.6951832, 13.7426178 ], [ 100.5151579, 13.7301469 ], [ 100.5440419, 13.7496272 ], [ 100.6411981, 13.7374181 ], [ 100.5404919, 13.7473108 ], [ 100.5288227, 13.7340804 ], [ 100.5291586, 13.7361738 ], [ 100.5294507, 13.7381189 ], [ 100.5298947, 13.7410141 ], [ 100.5330435, 13.7458988 ], [ 100.5169844, 13.730455 ], [ 100.5195223, 13.7309441 ], [ 100.5217426, 13.7313172 ], [ 100.5238537, 13.7316787 ], [ 100.525989, 13.732016 ], [ 100.5366237, 13.7452928 ], [ 100.5470113, 13.7497072 ], [ 100.6272718, 13.7373413 ], [ 100.6294285, 13.7371147 ], [ 100.631924, 13.7368173 ], [ 100.6356568, 13.7363697 ], [ 100.6432185, 13.745148 ], [ 100.6441472, 13.7487351 ], [ 100.649441, 13.7498075 ], [ 100.652846, 13.748684 ], [ 100.6598247, 13.747229 ], [ 100.6641448, 13.7463681 ], [ 100.6673485, 13.7458692 ], [ 100.6692541, 13.7454071 ], [ 100.6723957, 13.7440272 ], [ 100.6768471, 13.7423846 ], [ 100.6803167, 13.7418946 ], [ 100.6826595, 13.7415044 ], [ 100.6855675, 13.7406383 ], [ 100.6897171, 13.7397589 ], [ 100.6920744, 13.7393019 ], [ 100.6937457, 13.7405379 ], [ 100.6947487, 13.7423356 ], [ 100.6955133, 13.7443321 ], [ 100.6965756, 13.7477412 ], [ 100.6966048, 13.7474419 ], [ 100.6961384, 13.7458567 ], [ 100.6955143, 13.7437872 ], [ 100.573957, 13.747317 ], [ 100.5788856, 13.7462029 ], [ 100.5854489, 13.7447176 ], [ 100.588783, 13.7439464 ], [ 100.5925366, 13.7431148 ], [ 100.5954821, 13.7424683 ] ] } },
{ "type": "Feature", "properties": { "route_id": 17910542, "name": "501 (1-53) หมู่บ้านนักกีฬาฯ - ท่าราชวรดิฐ", "ref": "501 (1-53)", "from_stop": "", "to_stop": "", "operator": "BMTA", "network": "BMTA", "route_type": "bus", "coord_count": 59 }, "geometry": { "type": "LineString", "coordinates": [ [ 100.4937121, 13.7581118 ], [ 100.6951832, 13.7426178 ], [ 100.5154253, 13.7447713 ], [ 100.5334091, 13.7456566 ], [ 100.4926071, 13.7470839 ], [ 100.4900864, 13.7477913 ], [ 100.4895712, 13.7500224 ], [ 100.6938987, 13.7404429 ], [ 100.6921153, 13.7391881 ], [ 100.6902809, 13.7395127 ], [ 100.6885347, 13.7399503 ], [ 100.6856417, 13.7404853 ], [ 100.6826952, 13.741337 ], [ 100.67974, 13.7418594 ], [ 100.6765207, 13.7423392 ], [ 100.6726424, 13.7437497 ], [ 100.6695626, 13.7451954 ], [ 100.666625, 13.7458632 ], [ 100.6642283, 13.7462453 ], [ 100.6598555, 13.7469819 ], [ 100.6577758, 13.7474497 ], [ 100.6533523, 13.7482513 ], [ 100.6492853, 13.7494912 ], [ 100.6458072, 13.7554508 ], [ 100.6456388, 13.7577573 ], [ 100.6426949, 13.7622391 ], [ 100.6403755, 13.7620057 ], [ 100.6367027, 13.7616002 ], [ 100.6334772, 13.7612301 ], [ 100.6306998, 13.7609139 ], [ 100.6260065, 13.7603756 ], [ 100.6213153, 13.7598292 ], [ 100.6160354, 13.7577153 ], [ 100.6146753, 13.7563712 ], [ 100.6127055, 13.7543645 ], [ 100.5831506, 13.720841 ], [ 100.581136, 13.7222791 ], [ 100.5785161, 13.7241236 ], [ 100.5762427, 13.7256995 ], [ 100.5733352, 13.7277658 ], [ 100.5700844, 13.730058 ], [ 100.5282063, 13.7465504 ], [ 100.5164518, 13.7471855 ], [ 100.4895037, 13.7542281 ], [ 100.4895749, 13.7555655 ], [ 100.4923547, 13.7565772 ], [ 100.5108666, 13.7396852 ], [ 100.507711, 13.7415174 ], [ 100.5054593, 13.7436567 ], [ 100.514064, 13.7389544 ], [ 100.5148025, 13.7394364 ], [ 100.495062, 13.74728 ], [ 100.5584835, 13.738242 ], [ 100.556887, 13.7393716 ], [ 100.5550034, 13.7407235 ], [ 100.5515032, 13.7424776 ], [ 100.5488387, 13.7429623 ], [ 100.5457823, 13.7435105 ], [ 100.5420051, 13.7441749 ] ] } },
{ "type": "Feature", "properties": { "route_id": 17910543, "name": "501 (1-53) ท่าราชวรดิฐ - หมู่บ้านนักกีฬาฯ", "ref": "501 (1-53)", "from_stop": "", "to_stop": "", "operator": "BMTA", "network": "BMTA", "route_type": "bus", "coord_count": 61 }, "geometry": { "type": "LineString", "coordinates": [ [ 100.4937121, 13.7581118 ], [ 100.6951832, 13.7426178 ], [ 100.5330435, 13.7458988 ], [ 100.492562, 13.7565688 ], [ 100.4895528, 13.7528056 ], [ 100.4896104, 13.7506611 ], [ 100.4905828, 13.7471001 ], [ 100.5424649, 13.7443211 ], [ 100.545275, 13.743836 ], [ 100.5491343, 13.7431362 ], [ 100.5539147, 13.741748 ], [ 100.5553952, 13.7407003 ], [ 100.5565441, 13.7398879 ], [ 100.557941, 13.7388954 ], [ 100.5593354, 13.7379057 ], [ 100.490084, 13.7560677 ], [ 100.4956838, 13.7473994 ], [ 100.5292583, 13.7465853 ], [ 100.5366237, 13.7452928 ], [ 100.5737929, 13.7276983 ], [ 100.5758339, 13.7262693 ], [ 100.5779938, 13.7247389 ], [ 100.5863715, 13.7187929 ], [ 100.5877235, 13.7178424 ], [ 100.5889859, 13.7169545 ], [ 100.6068141, 13.7489683 ], [ 100.609143, 13.7511958 ], [ 100.6125138, 13.7545597 ], [ 100.6144771, 13.7565013 ], [ 100.6180964, 13.7595569 ], [ 100.6228216, 13.7602484 ], [ 100.6270932, 13.7607263 ], [ 100.6313122, 13.7612199 ], [ 100.6347865, 13.7616055 ], [ 100.6380937, 13.761999 ], [ 100.6394807, 13.7621509 ], [ 100.6456115, 13.761129 ], [ 100.6458098, 13.758516 ], [ 100.6460633, 13.7553679 ], [ 100.649441, 13.7498075 ], [ 100.652846, 13.748684 ], [ 100.6598247, 13.747229 ], [ 100.6641448, 13.7463681 ], [ 100.6673485, 13.7458692 ], [ 100.6692541, 13.7454071 ], [ 100.6723957, 13.7440272 ], [ 100.6768471, 13.7423846 ], [ 100.6803167, 13.7418946 ], [ 100.6826595, 13.7415044 ], [ 100.6855675, 13.7406383 ], [ 100.6897171, 13.7397589 ], [ 100.6920744, 13.7393019 ], [ 100.6937457, 13.7405379 ], [ 100.6947487, 13.7423356 ], [ 100.6955133, 13.7443321 ], [ 100.6965756, 13.7477412 ], [ 100.6966048, 13.7474419 ], [ 100.6961384, 13.7458567 ], [ 100.6955143, 13.7437872 ], [ 100.501895, 13.7470886 ], [ 100.5260187, 13.7471614 ] ] } },
{ "type": "Feature", "properties": { "route_id": 17912717, "name": "509 (4-60) หมู่บ้านเศรษฐกิจ - หมอชิต 2", "ref": "509 (4-60)", "from_stop": "", "to_stop": "", "operator": "BMTA", "network": "BMTA", "route_type": "bus", "coord_count": 67 }, "geometry": { "type": "LineString", "coordinates": [ [ 100.3700256, 13.7318165 ], [ 100.5479987, 13.8109201 ], [ 100.4884052, 13.7656139 ], [ 100.4976122, 13.7577995 ], [ 100.5380731, 13.7657563 ], [ 100.5407277, 13.8046313 ], [ 100.5431934, 13.8040442 ], [ 100.3719873, 13.7316907 ], [ 100.3740602, 13.7315649 ], [ 100.3752859, 13.7308126 ], [ 100.3751426, 13.7283784 ], [ 100.3749386, 13.7250109 ], [ 100.3748441, 13.7237495 ], [ 100.3750206, 13.7221042 ], [ 100.3753893, 13.7195527 ], [ 100.3766534, 13.7184466 ], [ 100.3778706, 13.717666 ], [ 100.3778005, 13.7141693 ], [ 100.3779812, 13.710953 ], [ 100.3781659, 13.7086195 ], [ 100.3798424, 13.7086413 ], [ 100.3825429, 13.708842 ], [ 100.3847004, 13.7090195 ], [ 100.3879537, 13.7093057 ], [ 100.3901666, 13.7094709 ], [ 100.3929381, 13.7096675 ], [ 100.3947038, 13.7098126 ], [ 100.3980186, 13.7101088 ], [ 100.3996976, 13.710252 ], [ 100.4022927, 13.7104474 ], [ 100.4080676, 13.7109713 ], [ 100.4107104, 13.7111234 ], [ 100.4134491, 13.7113291 ], [ 100.4172049, 13.7116705 ], [ 100.4194539, 13.7118574 ], [ 100.424643, 13.7122477 ], [ 100.4598674, 13.7219364 ], [ 100.4612447, 13.7226666 ], [ 100.4652913, 13.7248821 ], [ 100.4688465, 13.7268395 ], [ 100.4714206, 13.7282511 ], [ 100.4831757, 13.7570356 ], [ 100.4827746, 13.7644643 ], [ 100.4837263, 13.766447 ], [ 100.5002565, 13.7572674 ], [ 100.5035915, 13.756557 ], [ 100.5065206, 13.75777 ], [ 100.5071932, 13.7591961 ], [ 100.5079569, 13.7608351 ], [ 100.5087207, 13.7624562 ], [ 100.5097909, 13.7647499 ], [ 100.5111123, 13.765463 ], [ 100.5128862, 13.763951 ], [ 100.5143583, 13.7628353 ], [ 100.5176397, 13.7600219 ], [ 100.530582, 13.7684699 ], [ 100.5334227, 13.76721 ], [ 100.5352563, 13.7663587 ], [ 100.5398137, 13.7679206 ], [ 100.541733, 13.772033 ], [ 100.548221, 13.7989218 ], [ 100.5481727, 13.8007799 ], [ 100.5479754, 13.8053937 ], [ 100.5242867, 13.7626354 ], [ 100.5210475, 13.7585655 ], [ 100.5223887, 13.7619014 ], [ 100.4339161, 13.7129821 ] ] } },
{ "type": "Feature", "properties": { "route_id": 17912718, "name": "509 (4-60) หมอชิต 2 - หมู่บ้านเศรษฐกิจ", "ref": "509 (4-60)", "from_stop": "", "to_stop": "", "operator": "BMTA", "network": "BMTA", "route_type": "bus", "coord_count": 71 }, "geometry": { "type": "LineString", "coordinates": [ [ 100.5479987, 13.8109201 ], [ 100.3700256, 13.7318165 ], [ 100.5374397, 13.765061 ], [ 100.500132, 13.756808 ], [ 100.5493186, 13.8132289 ], [ 100.5279473, 13.766819 ], [ 100.4879947, 13.7652886 ], [ 100.5482086, 13.8081416 ], [ 100.5483789, 13.8043055 ], [ 100.5407277, 13.8046313 ], [ 100.5431934, 13.8040442 ], [ 100.5484477, 13.8016321 ], [ 100.5485475, 13.7991581 ], [ 100.55669, 13.8072755 ], [ 100.5537722, 13.8023336 ], [ 100.5525741, 13.8002484 ], [ 100.5398857, 13.7674918 ], [ 100.5351326, 13.7662143 ], [ 100.5318135, 13.7677143 ], [ 100.5241724, 13.7623547 ], [ 100.5186357, 13.7588027 ], [ 100.5162413, 13.7608177 ], [ 100.5142788, 13.7624897 ], [ 100.5121857, 13.7642834 ], [ 100.510187, 13.7650668 ], [ 100.5088708, 13.7622696 ], [ 100.5081479, 13.7607383 ], [ 100.5073543, 13.7590347 ], [ 100.506608, 13.7574574 ], [ 100.5038548, 13.7560264 ], [ 100.4979883, 13.7572484 ], [ 100.4831923, 13.7647162 ], [ 100.4833675, 13.7569441 ], [ 100.4270222, 13.7121635 ], [ 100.4234917, 13.7118764 ], [ 100.4195635, 13.7115402 ], [ 100.416747, 13.7112973 ], [ 100.4140816, 13.7111005 ], [ 100.4117884, 13.7108803 ], [ 100.4096173, 13.7107115 ], [ 100.4008331, 13.7100093 ], [ 100.3977491, 13.7097635 ], [ 100.3945693, 13.7094894 ], [ 100.3925324, 13.7093281 ], [ 100.3901933, 13.7091508 ], [ 100.3875957, 13.7089522 ], [ 100.3846241, 13.7086845 ], [ 100.3829899, 13.7085373 ], [ 100.3802697, 13.7083171 ], [ 100.3780682, 13.7087596 ], [ 100.3778652, 13.7111472 ], [ 100.3776915, 13.7136483 ], [ 100.3777855, 13.7171561 ], [ 100.3762342, 13.7183245 ], [ 100.3752563, 13.7199607 ], [ 100.3749946, 13.7217734 ], [ 100.3747725, 13.7235036 ], [ 100.3748681, 13.7251369 ], [ 100.3750809, 13.7284655 ], [ 100.375182, 13.7303134 ], [ 100.3743983, 13.7314758 ], [ 100.3724026, 13.7316043 ], [ 100.3711388, 13.7316782 ], [ 100.5225093, 13.7617788 ], [ 100.5211303, 13.7584302 ], [ 100.5410995, 13.7697313 ], [ 100.5509873, 13.7969982 ], [ 100.5501941, 13.7948002 ], [ 100.5495225, 13.7929764 ], [ 100.4729093, 13.7322 ], [ 100.4719565, 13.7340095 ] ] } },
{ "type": "Feature", "properties": { "route_id": 17912988, "name": "514 (1-54) มีนบุรี - สวนลุมพินี", "ref": "514 (1-54)", "from_stop": "", "to_stop": "", "operator": "BMTA", "network": "BMTA", "route_type": "bus", "coord_count": 38 }, "geometry": { "type": "LineString", "coordinates": [ [ 100.7287835, 13.8142683 ], [ 100.5447008, 13.7280872 ], [ 100.7257145, 13.812366 ], [ 100.723431, 13.8123639 ], [ 100.7199942, 13.8124319 ], [ 100.5407658, 13.7470321 ], [ 100.5408752, 13.7279766 ], [ 100.7168503, 13.810649 ], [ 100.7150146, 13.8076333 ], [ 100.7137575, 13.7983846 ], [ 100.7111816, 13.7971125 ], [ 100.7053669, 13.7941982 ], [ 100.7034259, 13.7931631 ], [ 100.7010795, 13.7918987 ], [ 100.6993464, 13.790906 ], [ 100.6957538, 13.788934 ], [ 100.6935446, 13.7877408 ], [ 100.6914209, 13.7865492 ], [ 100.6896206, 13.7855881 ], [ 100.5400076, 13.7420514 ], [ 100.5395857, 13.7394394 ], [ 100.539204, 13.7369876 ], [ 100.5381451, 13.7329546 ], [ 100.5375458, 13.7315036 ], [ 100.6424357, 13.7674149 ], [ 100.640015, 13.7687356 ], [ 100.6386891, 13.7695367 ], [ 100.6368961, 13.770564 ], [ 100.6346282, 13.7718321 ], [ 100.6322084, 13.7731925 ], [ 100.6296873, 13.7746123 ], [ 100.6274614, 13.7758612 ], [ 100.6249308, 13.7772626 ], [ 100.6224347, 13.7786522 ], [ 100.6191025, 13.7805202 ], [ 100.6153305, 13.7826348 ], [ 100.6123485, 13.7842957 ], [ 100.6104933, 13.7853261 ] ] } },
{ "type": "Feature", "properties": { "route_id": 17913358, "name": "514 (1-54) สวนลุมพินี - มีนบุรี", "ref": "514 (1-54)", "from_stop": "", "to_stop": "", "operator": "", "network": "BMTA", "route_type": "bus", "coord_count": 26 }, "geometry": { "type": "LineString", "coordinates": [ [ 100.5447008, 13.7280872 ], [ 100.7278696, 13.8145556 ], [ 100.5440419, 13.7496272 ], [ 100.5404919, 13.7473108 ], [ 100.719756, 13.8127605 ], [ 100.7223135, 13.812721 ], [ 100.7255713, 13.8126489 ], [ 100.5453105, 13.7316239 ], [ 100.5450864, 13.7303236 ], [ 100.5403341, 13.7342044 ], [ 100.5445653, 13.734066 ], [ 100.539723, 13.7421205 ], [ 100.5393405, 13.7395572 ], [ 100.5389693, 13.7371917 ], [ 100.5470113, 13.7497072 ], [ 100.6891369, 13.7857123 ], [ 100.6930897, 13.7878814 ], [ 100.6958777, 13.7894152 ], [ 100.6991149, 13.7911913 ], [ 100.7024582, 13.7930388 ], [ 100.7051697, 13.7945017 ], [ 100.7096791, 13.7968098 ], [ 100.7112352, 13.7975566 ], [ 100.7141465, 13.7990611 ], [ 100.7149819, 13.8080356 ], [ 100.7163501, 13.8103203 ] ] } },
{ "type": "Feature", "properties": { "route_id": 17913500, "name": "514E (1-55E) มีนบุรี - ท่าน้ำสี่พระยา", "ref": "514E (1-55E)", "from_stop": "", "to_stop": "", "operator": "BMTA", "network": "BMTA", "route_type": "bus", "coord_count": 52 }, "geometry": { "type": "LineString", "coordinates": [ [ 100.7287835, 13.8142683 ], [ 100.5144976, 13.7300329 ], [ 100.5227957, 13.7243275 ], [ 100.5207919, 13.7235996 ], [ 100.51737, 13.7223773 ], [ 100.5162821, 13.7245624 ], [ 100.5158158, 13.7283059 ], [ 100.7317383, 13.8134985 ], [ 100.733039, 13.8142192 ], [ 100.7344313, 13.8149988 ], [ 100.7350768, 13.8164398 ], [ 100.7423705, 13.8151711 ], [ 100.7412954, 13.814574 ], [ 100.738566, 13.8130985 ], [ 100.7356534, 13.8114945 ], [ 100.7341256, 13.8106667 ], [ 100.727218, 13.8064788 ], [ 100.7257731, 13.8048067 ], [ 100.7241772, 13.8035861 ], [ 100.7218436, 13.8024309 ], [ 100.7201573, 13.8015713 ], [ 100.7170241, 13.8000016 ], [ 100.7137575, 13.7983846 ], [ 100.7111816, 13.7971125 ], [ 100.7053669, 13.7941982 ], [ 100.7034259, 13.7931631 ], [ 100.7010795, 13.7918987 ], [ 100.6993464, 13.790906 ], [ 100.6957538, 13.788934 ], [ 100.6935446, 13.7877408 ], [ 100.6914209, 13.7865492 ], [ 100.6896206, 13.7855881 ], [ 100.6424357, 13.7674149 ], [ 100.640015, 13.7687356 ], [ 100.6386891, 13.7695367 ], [ 100.6368961, 13.770564 ], [ 100.6346282, 13.7718321 ], [ 100.6322084, 13.7731925 ], [ 100.6296873, 13.7746123 ], [ 100.6274614, 13.7758612 ], [ 100.6249308, 13.7772626 ], [ 100.6224347, 13.7786522 ], [ 100.6191025, 13.7805202 ], [ 100.6153305, 13.7826348 ], [ 100.6123485, 13.7842957 ], [ 100.6104933, 13.7853261 ], [ 100.608015, 13.7813991 ], [ 100.6077519, 13.7794448 ], [ 100.6074806, 13.7773593 ], [ 100.7281616, 13.8129623 ], [ 100.5345701, 13.7285062 ], [ 100.5310647, 13.7272758 ] ] } },
{ "type": "Feature", "properties": { "route_id": 17913501, "name": "514E (1-55E) ท่าน้ำสี่พระยา - มีนบุรี", "ref": "514E (1-55E)", "from_stop": "", "to_stop": "", "operator": "", "network": "BMTA", "route_type": "bus", "coord_count": 52 }, "geometry": { "type": "LineString", "coordinates": [ [ 100.7278696, 13.8145556 ], [ 100.5151579, 13.7301469 ], [ 100.5408752, 13.7279766 ], [ 100.5492578, 13.7244531 ], [ 100.5144976, 13.7300329 ], [ 100.5163416, 13.7248144 ], [ 100.5173506, 13.7225949 ], [ 100.5200469, 13.7235696 ], [ 100.5215159, 13.7240815 ], [ 100.5334699, 13.728363 ], [ 100.6067313, 13.7764843 ], [ 100.6072488, 13.7800109 ], [ 100.6111882, 13.7932509 ], [ 100.6129141, 13.7966191 ], [ 100.6105559, 13.7855595 ], [ 100.6124987, 13.7844644 ], [ 100.6151465, 13.783 ], [ 100.6189204, 13.7808777 ], [ 100.6203843, 13.7800574 ], [ 100.6234868, 13.7783139 ], [ 100.6252479, 13.7773396 ], [ 100.6275052, 13.7760756 ], [ 100.6303167, 13.7745145 ], [ 100.6315085, 13.7738424 ], [ 100.634122, 13.772388 ], [ 100.6367446, 13.770928 ], [ 100.6385804, 13.7698947 ], [ 100.6404983, 13.7688488 ], [ 100.6429171, 13.7674962 ], [ 100.6891369, 13.7857123 ], [ 100.6930897, 13.7878814 ], [ 100.6958777, 13.7894152 ], [ 100.6991149, 13.7911913 ], [ 100.7024582, 13.7930388 ], [ 100.7051697, 13.7945017 ], [ 100.7096791, 13.7968098 ], [ 100.7112352, 13.7975566 ], [ 100.7141465, 13.7990611 ], [ 100.7169898, 13.8004746 ], [ 100.719151, 13.8015551 ], [ 100.720887, 13.8023623 ], [ 100.7228947, 13.8033806 ], [ 100.7254032, 13.804914 ], [ 100.7270768, 13.8069173 ], [ 100.7350026, 13.8115906 ], [ 100.7343855, 13.8147992 ], [ 100.7330963, 13.8140918 ], [ 100.7319224, 13.8134168 ], [ 100.7257145, 13.812366 ], [ 100.7255713, 13.8126489 ], [ 100.6125167, 13.7938921 ], [ 100.613764, 13.7967928 ] ] } },
{ "type": "Feature", "properties": { "route_id": 17914003, "name": "73 (2-45) บ้านเอื้ออาทรบึงกุ่ม - สะพานพุทธ", "ref": "73 (2-45)", "from_stop": "", "to_stop": "", "operator": "BMTA", "network": "BMTA", "route_type": "bus", "coord_count": 43 }, "geometry": { "type": "LineString", "coordinates": [ [ 100.6696329, 13.7807104 ], [ 100.4978467, 13.7401553 ], [ 100.5334091, 13.7456566 ], [ 100.5407658, 13.7470321 ], [ 100.6678254, 13.7796419 ], [ 100.665836, 13.7786357 ], [ 100.6611841, 13.7763276 ], [ 100.6587503, 13.7751643 ], [ 100.6561366, 13.7735566 ], [ 100.6541409, 13.7720165 ], [ 100.6507827, 13.76788 ], [ 100.6490265, 13.7665288 ], [ 100.646609, 13.7660442 ], [ 100.6424357, 13.7674149 ], [ 100.640015, 13.7687356 ], [ 100.6386891, 13.7695367 ], [ 100.6368961, 13.770564 ], [ 100.6346282, 13.7718321 ], [ 100.6322084, 13.7731925 ], [ 100.6296873, 13.7746123 ], [ 100.6274614, 13.7758612 ], [ 100.6249308, 13.7772626 ], [ 100.6224347, 13.7786522 ], [ 100.6191025, 13.7805202 ], [ 100.6153305, 13.7826348 ], [ 100.6123485, 13.7842957 ], [ 100.6104933, 13.7853261 ], [ 100.608015, 13.7813991 ], [ 100.6077519, 13.7794448 ], [ 100.6074806, 13.7773593 ], [ 100.6070137, 13.7718927 ], [ 100.6040604, 13.76901 ], [ 100.6003487, 13.767374 ], [ 100.5951798, 13.7683384 ], [ 100.5380861, 13.7447996 ], [ 100.5282063, 13.7465504 ], [ 100.5034398, 13.7426998 ], [ 100.5123253, 13.7384508 ], [ 100.5108666, 13.7396852 ], [ 100.507711, 13.7415174 ], [ 100.5054593, 13.7436567 ], [ 100.5559429, 13.7598347 ], [ 100.5416749, 13.7525418 ] ] } },
{ "type": "Feature", "properties": { "route_id": 17914004, "name": "73 (2-45) สะพานพุทธ - บ้านเอื้ออาทรบึงกุ่ม", "ref": "73 (2-45)", "from_stop": "", "to_stop": "", "operator": "BMTA", "network": "BMTA", "route_type": "bus", "coord_count": 46 }, "geometry": { "type": "LineString", "coordinates": [ [ 100.4978467, 13.7401553 ], [ 100.6692144, 13.7807308 ], [ 100.5330435, 13.7458988 ], [ 100.5404919, 13.7473108 ], [ 100.5416766, 13.7533375 ], [ 100.4961835, 13.742268 ], [ 100.4962111, 13.7439278 ], [ 100.501895, 13.7470886 ], [ 100.5148025, 13.7394364 ], [ 100.5175524, 13.7375829 ], [ 100.5260187, 13.7471614 ], [ 100.5292583, 13.7465853 ], [ 100.5747884, 13.7678513 ], [ 100.6027534, 13.7682888 ], [ 100.6043675, 13.7702834 ], [ 100.6067313, 13.7764843 ], [ 100.6072488, 13.7800109 ], [ 100.6111882, 13.7932509 ], [ 100.6090045, 13.7937871 ], [ 100.6084015, 13.7902091 ], [ 100.6079709, 13.787702 ], [ 100.6105559, 13.7855595 ], [ 100.6124987, 13.7844644 ], [ 100.6151465, 13.783 ], [ 100.6189204, 13.7808777 ], [ 100.6203843, 13.7800574 ], [ 100.6234868, 13.7783139 ], [ 100.6252479, 13.7773396 ], [ 100.6275052, 13.7760756 ], [ 100.6303167, 13.7745145 ], [ 100.6315085, 13.7738424 ], [ 100.634122, 13.772388 ], [ 100.6367446, 13.770928 ], [ 100.6385804, 13.7698947 ], [ 100.6404983, 13.7688488 ], [ 100.6429171, 13.7674962 ], [ 100.6493949, 13.7671173 ], [ 100.6510395, 13.7684924 ], [ 100.6523677, 13.7699679 ], [ 100.6536705, 13.7717574 ], [ 100.6561156, 13.7738129 ], [ 100.6588843, 13.7755002 ], [ 100.6617068, 13.7769239 ], [ 100.6651505, 13.77856 ], [ 100.6677507, 13.7798593 ], [ 100.5199323, 13.7364899 ] ] } },
{ "type": "Feature", "properties": { "route_id": 17914161, "name": "505E (2-24E) ปากเกร็ด - วงเวียนใหญ่", "ref": "505E (2-24E)", "from_stop": "", "to_stop": "", "operator": "BMTA", "network": "BMTA", "route_type": "bus", "coord_count": 30 }, "geometry": { "type": "LineString", "coordinates": [ [ 100.4935155, 13.72566 ], [ 100.4923323, 13.9176029 ], [ 100.4988896, 13.9103 ], [ 100.4993744, 13.9103819 ], [ 100.5029128, 13.9081723 ], [ 100.530414, 13.732345 ], [ 100.5207919, 13.7235996 ], [ 100.5227957, 13.7243275 ], [ 100.5194687, 13.7217981 ], [ 100.5086255, 13.7201308 ], [ 100.5089485, 13.7236841 ], [ 100.5088119, 13.7277657 ], [ 100.5062069, 13.729355 ], [ 100.5045045, 13.7289336 ], [ 100.499864, 13.7278172 ], [ 100.4955289, 13.7267788 ], [ 100.5199323, 13.7364899 ], [ 100.5221915, 13.7355861 ], [ 100.523896, 13.7349011 ], [ 100.5255442, 13.7342503 ], [ 100.5019099, 13.9083951 ], [ 100.4975427, 13.9117137 ], [ 100.4955442, 13.9138575 ], [ 100.4968224, 13.9129664 ], [ 100.5044375, 13.9059357 ], [ 100.5054337, 13.9032893 ], [ 100.5059188, 13.9019915 ], [ 100.506355, 13.9008624 ], [ 100.5345701, 13.7285062 ], [ 100.5310647, 13.7272758 ] ] } },
{ "type": "Feature", "properties": { "route_id": 17914162, "name": "505E (2-24E) วงเวียนใหญ่ - ปากเกร็ด", "ref": "505E (2-24E)", "from_stop": "", "to_stop": "", "operator": "BMTA", "network": "BMTA", "route_type": "bus", "coord_count": 29 }, "geometry": { "type": "LineString", "coordinates": [ [ 100.4935155, 13.72566 ], [ 100.5014919, 13.7212984 ], [ 100.4923323, 13.9176029 ], [ 100.4988896, 13.9103 ], [ 100.492988, 13.7213257 ], [ 100.4962417, 13.7214188 ], [ 100.4996522, 13.7213468 ], [ 100.5200469, 13.7235696 ], [ 100.5215159, 13.7240815 ], [ 100.5371171, 13.8573566 ], [ 100.5406627, 13.8569075 ], [ 100.5419053, 13.8564363 ], [ 100.5382634, 13.8568799 ], [ 100.5355772, 13.8572151 ], [ 100.5315514, 13.8577103 ], [ 100.5276394, 13.8581898 ], [ 100.5234179, 13.7348082 ], [ 100.5264863, 13.7335351 ], [ 100.5058103, 13.9015212 ], [ 100.5051159, 13.9033712 ], [ 100.5066668, 13.899256 ], [ 100.5019099, 13.9083951 ], [ 100.4975427, 13.9117137 ], [ 100.4955442, 13.9138575 ], [ 100.4968224, 13.9129664 ], [ 100.4993744, 13.9103819 ], [ 100.5334699, 13.728363 ], [ 100.5353832, 13.7298722 ], [ 100.5309892, 13.7317 ] ] } },
{ "type": "Feature", "properties": { "route_id": 17924627, "name": "4-69 อู่บรมราชชนนี - พระราม 9", "ref": "4-69", "from_stop": "", "to_stop": "", "operator": "BMTA", "network": "BMTA", "route_type": "bus", "coord_count": 45 }, "geometry": { "type": "LineString", "coordinates": [ [ 100.3901683, 13.7858496 ], [ 100.5726678, 13.7650097 ], [ 100.484065, 13.7711293 ], [ 100.4884052, 13.7656139 ], [ 100.528171, 13.7608759 ], [ 100.5302341, 13.7599552 ], [ 100.5391867, 13.7653062 ], [ 100.3964337, 13.7845627 ], [ 100.4017709, 13.7840117 ], [ 100.4053684, 13.7836364 ], [ 100.4089367, 13.7779829 ], [ 100.4086092, 13.7752545 ], [ 100.408174, 13.7716542 ], [ 100.4074394, 13.7654076 ], [ 100.4069787, 13.7617752 ], [ 100.4110696, 13.7546503 ], [ 100.4160965, 13.7545899 ], [ 100.4239095, 13.754288 ], [ 100.4273124, 13.7538022 ], [ 100.4338621, 13.7529535 ], [ 100.4371658, 13.7525135 ], [ 100.441175, 13.752232 ], [ 100.4442983, 13.7524995 ], [ 100.4484957, 13.7528702 ], [ 100.4522224, 13.7531994 ], [ 100.4637509, 13.7551464 ], [ 100.4678153, 13.7551996 ], [ 100.4690924, 13.7578341 ], [ 100.469533, 13.7589915 ], [ 100.4723327, 13.7623299 ], [ 100.4765228, 13.7672746 ], [ 100.4780998, 13.7691251 ], [ 100.4927653, 13.7597844 ], [ 100.5242867, 13.7626354 ], [ 100.5350896, 13.7594302 ], [ 100.5409478, 13.763859 ], [ 100.5446513, 13.7633488 ], [ 100.5511977, 13.762463 ], [ 100.5533071, 13.7613993 ], [ 100.5679063, 13.7559961 ], [ 100.5716692, 13.7556947 ], [ 100.3947082, 13.7919961 ], [ 100.5326622, 13.7588489 ], [ 100.5096941, 13.7691651 ], [ 100.5128151, 13.7677752 ] ] } },
{ "type": "Feature", "properties": { "route_id": 17924628, "name": "4-69 พระราม 9 - อู่บรมราชชนนี", "ref": "4-69", "from_stop": "", "to_stop": "", "operator": "BMTA", "network": "BMTA", "route_type": "bus", "coord_count": 55 }, "geometry": { "type": "LineString", "coordinates": [ [ 100.3901683, 13.7858496 ], [ 100.5721056, 13.7554101 ], [ 100.5384722, 13.7641638 ], [ 100.4879947, 13.7652886 ], [ 100.5682046, 13.7556991 ], [ 100.5559429, 13.7598347 ], [ 100.5537563, 13.7608954 ], [ 100.5521771, 13.7616893 ], [ 100.5503128, 13.7626215 ], [ 100.5458694, 13.763376 ], [ 100.5406868, 13.7637208 ], [ 100.5366969, 13.7618132 ], [ 100.5321146, 13.7587752 ], [ 100.5288688, 13.7602414 ], [ 100.5272124, 13.7609849 ], [ 100.5241724, 13.7623547 ], [ 100.4979883, 13.7572484 ], [ 100.4835788, 13.7709813 ], [ 100.4795292, 13.7703867 ], [ 100.4783051, 13.7689734 ], [ 100.4767963, 13.7672144 ], [ 100.4734043, 13.7632374 ], [ 100.4715503, 13.7610637 ], [ 100.4699833, 13.7592066 ], [ 100.469303, 13.7575512 ], [ 100.4675044, 13.7547212 ], [ 100.4652999, 13.7548918 ], [ 100.4570963, 13.753118 ], [ 100.4543822, 13.752886 ], [ 100.4523349, 13.7526979 ], [ 100.4479559, 13.7523176 ], [ 100.4448295, 13.7520493 ], [ 100.4404484, 13.7516672 ], [ 100.4363776, 13.7521056 ], [ 100.431247, 13.7527858 ], [ 100.4273425, 13.7533675 ], [ 100.4233525, 13.7538444 ], [ 100.4163523, 13.7540722 ], [ 100.412541, 13.754141 ], [ 100.4055061, 13.7544645 ], [ 100.4057469, 13.7569209 ], [ 100.4063409, 13.7620193 ], [ 100.4067369, 13.7653525 ], [ 100.4076116, 13.7724551 ], [ 100.4079548, 13.7753704 ], [ 100.4018942, 13.78348 ], [ 100.3971982, 13.7839567 ], [ 100.3897134, 13.7847241 ], [ 100.3863743, 13.7855903 ], [ 100.520894, 13.7637622 ], [ 100.5142973, 13.7668655 ], [ 100.5125494, 13.7676584 ], [ 100.5095805, 13.7689469 ], [ 100.5073536, 13.7699598 ], [ 100.5054915, 13.7707901 ] ] } },
{ "type": "Feature", "properties": { "route_id": 17924691, "name": "179 (3-49) กทม.2 - พระราม 7", "ref": "179 (3-49)", "from_stop": "", "to_stop": "", "operator": "", "network": "BMTA", "route_type": "bus", "coord_count": 23 }, "geometry": { "type": "LineString", "coordinates": [ [ 100.5544279, 13.768345 ], [ 100.5133674, 13.8125485 ], [ 100.5133237, 13.8124899 ], [ 100.5511977, 13.762463 ], [ 100.5533071, 13.7613993 ], [ 100.5750936, 13.8114079 ], [ 100.5752921, 13.8153944 ], [ 100.5753582, 13.8181436 ], [ 100.5744767, 13.8215402 ], [ 100.5730448, 13.8236965 ], [ 100.5711165, 13.8253483 ], [ 100.5628904, 13.8294315 ], [ 100.5448525, 13.8298925 ], [ 100.5374269, 13.8304005 ], [ 100.5342232, 13.830661 ], [ 100.531944, 13.8303992 ], [ 100.5296545, 13.8291587 ], [ 100.527237, 13.8270115 ], [ 100.5246213, 13.8246741 ], [ 100.523058, 13.8232611 ], [ 100.5215222, 13.8218533 ], [ 100.5202786, 13.8207329 ], [ 100.5180945, 13.81874 ] ] } },
{ "type": "Feature", "properties": { "route_id": 17924692, "name": "179 (3-49) พระราม 7 - กทม.2", "ref": "179 (3-49)", "from_stop": "", "to_stop": "", "operator": "BMTA", "network": "BMTA", "route_type": "bus", "coord_count": 26 }, "geometry": { "type": "LineString", "coordinates": [ [ 100.5544279, 13.768345 ], [ 100.5133237, 13.8124899 ], [ 100.5133674, 13.8125485 ], [ 100.5557651, 13.7628235 ], [ 100.5563879, 13.764357 ], [ 100.5568211, 13.7655333 ], [ 100.5106657, 13.8106721 ], [ 100.5179641, 13.818961 ], [ 100.5195295, 13.8203747 ], [ 100.5211062, 13.8217913 ], [ 100.5229124, 13.8234274 ], [ 100.5243683, 13.8247513 ], [ 100.5264991, 13.826706 ], [ 100.5295488, 13.8295091 ], [ 100.5322369, 13.830833 ], [ 100.5344943, 13.8309736 ], [ 100.5372673, 13.8307382 ], [ 100.5425058, 13.8303401 ], [ 100.5444508, 13.8302173 ], [ 100.5637394, 13.8293912 ], [ 100.569873, 13.8263721 ], [ 100.5731727, 13.8240295 ], [ 100.575057, 13.8209977 ], [ 100.5756902, 13.818147 ], [ 100.5756477, 13.8159756 ], [ 100.5754643, 13.8125854 ] ] } },
{ "type": "Feature", "properties": { "route_id": 17932916, "name": "66 (2-12) สายใต้ปิ่นเกล้า - ศูนย์ราชการฯ แจ้งวัฒนะ", "ref": "66 (2-12)", "from_stop": "", "to_stop": "", "operator": "BMTA", "network": "BMTA", "route_type": "bus", "coord_count": 3 }, "geometry": { "type": "LineString", "coordinates": [ [ 100.4682596, 13.7870919 ], [ 100.5628995, 13.8820572 ], [ 100.5394622, 13.8032714 ] ] } },
{ "type": "Feature", "properties": { "route_id": 17932917, "name": "66 (2-12) ศูนย์ราชการฯ แจ้งวัฒนะ - สายใต้ปิ่นเกล้า", "ref": "66 (2-12)", "from_stop": "", "to_stop": "", "operator": "BMTA", "network": "BMTA", "route_type": "bus", "coord_count": 6 }, "geometry": { "type": "LineString", "coordinates": [ [ 100.4682596, 13.7870919 ], [ 100.5628995, 13.8820572 ], [ 100.5659001, 13.8811111 ], [ 100.5394622, 13.8032714 ], [ 100.5688557, 13.8883051 ], [ 100.5691246, 13.8892413 ] ] } },
{ "type": "Feature", "properties": { "route_id": 17933051, "name": "2-32E ประชานิเวศน์ 3 - สนามหลวง (ทางด่วน)", "ref": "2-32E", "from_stop": "", "to_stop": "", "operator": "BMTA", "network": "BMTA", "route_type": "bus", "coord_count": 32 }, "geometry": { "type": "LineString", "coordinates": [ [ 100.5297683, 13.8817671 ], [ 100.492562, 13.7565688 ], [ 100.5186357, 13.7588027 ], [ 100.5162413, 13.7608177 ], [ 100.5142788, 13.7624897 ], [ 100.5121857, 13.7642834 ], [ 100.510187, 13.7650668 ], [ 100.5088708, 13.7622696 ], [ 100.5081479, 13.7607383 ], [ 100.5073543, 13.7590347 ], [ 100.506608, 13.7574574 ], [ 100.5038548, 13.7560264 ], [ 100.500132, 13.756808 ], [ 100.4979883, 13.7572484 ], [ 100.5309918, 13.8816699 ], [ 100.5340045, 13.8821501 ], [ 100.5355413, 13.8819008 ], [ 100.5374559, 13.8815664 ], [ 100.5399173, 13.8810183 ], [ 100.542954, 13.8807442 ], [ 100.5474857, 13.8791712 ], [ 100.5488075, 13.8777727 ], [ 100.5497882, 13.8757815 ], [ 100.5490655, 13.8726132 ], [ 100.5487798, 13.8713864 ], [ 100.5478593, 13.8674627 ], [ 100.5473049, 13.8651618 ], [ 100.5466833, 13.8625061 ], [ 100.5460123, 13.8596791 ], [ 100.5419053, 13.8564363 ], [ 100.5382634, 13.8568799 ], [ 100.5355772, 13.8572151 ] ] } },
{ "type": "Feature", "properties": { "route_id": 17933052, "name": "2-32E สนามหลวง - ประชานิเวศน์ 3 (ทางด่วน)", "ref": "2-32E", "from_stop": "", "to_stop": "", "operator": "BMTA", "network": "BMTA", "route_type": "bus", "coord_count": 32 }, "geometry": { "type": "LineString", "coordinates": [ [ 100.5297683, 13.8817671 ], [ 100.492562, 13.7565688 ], [ 100.4938507, 13.7545279 ], [ 100.4976122, 13.7577995 ], [ 100.5002565, 13.7572674 ], [ 100.5035915, 13.756557 ], [ 100.5065206, 13.75777 ], [ 100.5071932, 13.7591961 ], [ 100.5079569, 13.7608351 ], [ 100.5087207, 13.7624562 ], [ 100.5097909, 13.7647499 ], [ 100.5111123, 13.765463 ], [ 100.5128862, 13.763951 ], [ 100.5143583, 13.7628353 ], [ 100.5176397, 13.7600219 ], [ 100.5371171, 13.8573566 ], [ 100.5406627, 13.8569075 ], [ 100.5450257, 13.8566879 ], [ 100.5458415, 13.8597028 ], [ 100.5464221, 13.8621232 ], [ 100.547059, 13.8647947 ], [ 100.5477022, 13.8675374 ], [ 100.5485246, 13.8710224 ], [ 100.5495309, 13.8752416 ], [ 100.5495423, 13.8774272 ], [ 100.5476362, 13.8787633 ], [ 100.5434293, 13.8805236 ], [ 100.5397802, 13.880951 ], [ 100.5374425, 13.8814882 ], [ 100.5354528, 13.8818501 ], [ 100.5339402, 13.8820707 ], [ 100.5308105, 13.8813844 ] ] } },
{ "type": "Feature", "properties": { "route_id": 17942504, "name": "13 (3-38) คลองเตย - ปัฐวิกรณ์", "ref": "13 (3-38)", "from_stop": "", "to_stop": "", "operator": "BMTA", "network": "BMTA", "route_type": "bus", "coord_count": 20 }, "geometry": { "type": "LineString", "coordinates": [ [ 100.5632989, 13.7152921 ], [ 100.5654237, 13.7157595 ], [ 100.5611837, 13.7161696 ], [ 100.5577735, 13.7189145 ], [ 100.5404919, 13.7473108 ], [ 100.5416766, 13.7533375 ], [ 100.5457823, 13.7435105 ], [ 100.6512584, 13.8128645 ], [ 100.6294836, 13.8247137 ], [ 100.6358329, 13.8195739 ], [ 100.6450746, 13.8140281 ], [ 100.5553942, 13.7215635 ], [ 100.5494243, 13.7240187 ], [ 100.5463745, 13.7252693 ], [ 100.6150223, 13.8010638 ], [ 100.6162996, 13.803972 ], [ 100.6178846, 13.807382 ], [ 100.6258739, 13.8215029 ], [ 100.6248151, 13.8197052 ], [ 100.6228762, 13.8166144 ] ] } },
{ "type": "Feature", "properties": { "route_id": 17942505, "name": "13 (3-38) ปัฐวิกรณ์ - คลองเตย", "ref": "13 (3-38)", "from_stop": "", "to_stop": "", "operator": "BMTA", "network": "BMTA", "route_type": "bus", "coord_count": 20 }, "geometry": { "type": "LineString", "coordinates": [ [ 100.651357, 13.8124586 ], [ 100.5654237, 13.7157595 ], [ 100.5492578, 13.7244531 ], [ 100.5579154, 13.7195849 ], [ 100.6489248, 13.8104757 ], [ 100.6451543, 13.813561 ], [ 100.6354397, 13.8194113 ], [ 100.6293825, 13.8242804 ], [ 100.54695, 13.7254004 ], [ 100.560538, 13.7166804 ], [ 100.5637676, 13.7153716 ], [ 100.6125167, 13.7938921 ], [ 100.613764, 13.7967928 ], [ 100.6168389, 13.8036862 ], [ 100.6155552, 13.8007312 ], [ 100.618975, 13.8084888 ], [ 100.6215169, 13.8129296 ], [ 100.622697, 13.8147886 ], [ 100.6251884, 13.8187255 ], [ 100.6270429, 13.822396 ] ] } },
{ "type": "Feature", "properties": { "route_id": 17948655, "name": "1-80E อู่สวนสยาม - สถานีรถไฟฟ้าสนามไชย (ทางด่วน)", "ref": "1-80E", "from_stop": "", "to_stop": "", "operator": "BMTA", "network": "BMTA", "route_type": "bus", "coord_count": 34 }, "geometry": { "type": "LineString", "coordinates": [ [ 100.6946451, 13.8010179 ], [ 100.506975, 13.7563015 ], [ 100.6861021, 13.8158061 ], [ 100.6828773, 13.8188483 ], [ 100.5384722, 13.7641638 ], [ 100.500132, 13.756808 ], [ 100.4979883, 13.7572484 ], [ 100.4939627, 13.7537199 ], [ 100.651357, 13.8124586 ], [ 100.496165, 13.7460424 ], [ 100.6909196, 13.8015679 ], [ 100.690967, 13.8024292 ], [ 100.6914685, 13.8045593 ], [ 100.6902403, 13.8087098 ], [ 100.6891392, 13.8102515 ], [ 100.6876565, 13.8123549 ], [ 100.6803089, 13.821243 ], [ 100.6761986, 13.8251238 ], [ 100.6716961, 13.8294823 ], [ 100.6690947, 13.8320225 ], [ 100.6666797, 13.8343748 ], [ 100.6650098, 13.8359993 ], [ 100.5366969, 13.7618132 ], [ 100.5352911, 13.7592845 ], [ 100.5337995, 13.756611 ], [ 100.5279643, 13.7544814 ], [ 100.5244766, 13.7557325 ], [ 100.5190499, 13.7568185 ], [ 100.5142729, 13.7564903 ], [ 100.5113722, 13.7563974 ], [ 100.5038548, 13.7560264 ], [ 100.4944932, 13.7556427 ], [ 100.4939029, 13.7507195 ], [ 100.4956838, 13.7473994 ] ] } },
{ "type": "Feature", "properties": { "route_id": 17948656, "name": "1-80E สถานีรถไฟฟ้าสนามไชย - อู่สวนสยาม (ทางด่วน)", "ref": "1-80E", "from_stop": "", "to_stop": "", "operator": "BMTA", "network": "BMTA", "route_type": "bus", "coord_count": 52 }, "geometry": { "type": "LineString", "coordinates": [ [ 100.5071075, 13.756458 ], [ 100.4956964, 13.7455187 ], [ 100.4938507, 13.7545279 ], [ 100.4976122, 13.7577995 ], [ 100.5380731, 13.7657563 ], [ 100.5096768, 13.7573124 ], [ 100.5149102, 13.7580755 ], [ 100.5132685, 13.7596619 ], [ 100.6946451, 13.8010179 ], [ 100.496165, 13.7460424 ], [ 100.4957862, 13.7437426 ], [ 100.4945426, 13.7441732 ], [ 100.4963604, 13.7469444 ], [ 100.495062, 13.74728 ], [ 100.5002565, 13.7572674 ], [ 100.5035915, 13.756557 ], [ 100.5190244, 13.7570015 ], [ 100.5246078, 13.7559216 ], [ 100.5277878, 13.7547817 ], [ 100.5328569, 13.755427 ], [ 100.5350896, 13.7594302 ], [ 100.5410995, 13.7697313 ], [ 100.5398857, 13.7674918 ], [ 100.6658056, 13.8356785 ], [ 100.6675676, 13.8339778 ], [ 100.6704941, 13.8311564 ], [ 100.677316, 13.8247325 ], [ 100.6801851, 13.8219898 ], [ 100.6833125, 13.8189648 ], [ 100.6846966, 13.8176446 ], [ 100.6862984, 13.8161206 ], [ 100.6872917, 13.8133438 ], [ 100.6886772, 13.8113391 ], [ 100.6905447, 13.8087052 ], [ 100.69156, 13.8061469 ], [ 100.6914665, 13.8024575 ], [ 100.6432185, 13.745148 ], [ 100.6441472, 13.7487351 ], [ 100.6447815, 13.7507452 ], [ 100.6458072, 13.7554508 ], [ 100.6456388, 13.7577573 ], [ 100.6454953, 13.7635099 ], [ 100.6493949, 13.7671173 ], [ 100.6510395, 13.7684924 ], [ 100.6523677, 13.7699679 ], [ 100.6536705, 13.7717574 ], [ 100.6534342, 13.7742579 ], [ 100.6531437, 13.7754254 ], [ 100.6520647, 13.7777688 ], [ 100.6506467, 13.7801135 ], [ 100.6494823, 13.7816968 ], [ 100.6481321, 13.7833739 ] ] } },
{ "type": "Feature", "properties": { "route_id": 17948874, "name": "73 (2-46) อู่สวนสยาม - โพธิ์แก้ว - สนามกีฬาแห่งชาติ", "ref": "73 (2-46)", "from_stop": "", "to_stop": "", "operator": "BMTA", "network": "BMTA", "route_type": "bus", "coord_count": 45 }, "geometry": { "type": "LineString", "coordinates": [ [ 100.6933983, 13.8015887 ], [ 100.5282063, 13.7465504 ], [ 100.6861021, 13.8158061 ], [ 100.6828773, 13.8188483 ], [ 100.6669457, 13.8200942 ], [ 100.662435, 13.8197651 ], [ 100.659923, 13.8196459 ], [ 100.6534588, 13.8173048 ], [ 100.651357, 13.8124586 ], [ 100.5334091, 13.7456566 ], [ 100.6812595, 13.8190728 ], [ 100.6909196, 13.8015679 ], [ 100.690967, 13.8024292 ], [ 100.6914685, 13.8045593 ], [ 100.6902403, 13.8087098 ], [ 100.6891392, 13.8102515 ], [ 100.6876565, 13.8123549 ], [ 100.6522215, 13.8144601 ], [ 100.6494649, 13.808092 ], [ 100.6480441, 13.8052579 ], [ 100.6458542, 13.801235 ], [ 100.643562, 13.8006067 ], [ 100.6382882, 13.7995743 ], [ 100.635629, 13.7992718 ], [ 100.631856, 13.7980122 ], [ 100.6275779, 13.7952168 ], [ 100.6279923, 13.7933434 ], [ 100.628529, 13.7909696 ], [ 100.6289033, 13.7893465 ], [ 100.6295637, 13.7870314 ], [ 100.6306177, 13.7834062 ], [ 100.6302301, 13.779881 ], [ 100.6274614, 13.7758612 ], [ 100.6249308, 13.7772626 ], [ 100.6224347, 13.7786522 ], [ 100.6191025, 13.7805202 ], [ 100.6153305, 13.7826348 ], [ 100.6123485, 13.7842957 ], [ 100.6104933, 13.7853261 ], [ 100.5559429, 13.7598347 ], [ 100.5537563, 13.7608954 ], [ 100.5521771, 13.7616893 ], [ 100.5503128, 13.7626215 ], [ 100.5458694, 13.763376 ], [ 100.5416749, 13.7525418 ] ] } },
{ "type": "Feature", "properties": { "route_id": 17948875, "name": "73 (2-46) สนามกีฬาแห่งชาติ - โพธิ์แก้ว - อู่สวนสยาม", "ref": "73 (2-46)", "from_stop": "", "to_stop": "", "operator": "BMTA", "network": "BMTA", "route_type": "bus", "coord_count": 44 }, "geometry": { "type": "LineString", "coordinates": [ [ 100.6933983, 13.8015887 ], [ 100.5282063, 13.7465504 ], [ 100.5288227, 13.7340804 ], [ 100.5291586, 13.7361738 ], [ 100.5294507, 13.7381189 ], [ 100.5298947, 13.7410141 ], [ 100.5330435, 13.7458988 ], [ 100.6592972, 13.8199828 ], [ 100.6622188, 13.8201722 ], [ 100.6676276, 13.8204183 ], [ 100.5404919, 13.7473108 ], [ 100.5416766, 13.7533375 ], [ 100.6105559, 13.7855595 ], [ 100.6124987, 13.7844644 ], [ 100.6151465, 13.783 ], [ 100.6189204, 13.7808777 ], [ 100.6203843, 13.7800574 ], [ 100.6234868, 13.7783139 ], [ 100.6252479, 13.7773396 ], [ 100.6275052, 13.7760756 ], [ 100.630054, 13.7797244 ], [ 100.6304632, 13.7834469 ], [ 100.6294123, 13.7870248 ], [ 100.6287317, 13.7894561 ], [ 100.6283636, 13.7910458 ], [ 100.6279258, 13.792972 ], [ 100.6274816, 13.7949113 ], [ 100.6304854, 13.7979318 ], [ 100.6351179, 13.7993581 ], [ 100.6426325, 13.8004944 ], [ 100.6465818, 13.8015956 ], [ 100.6478524, 13.802478 ], [ 100.6480927, 13.8058725 ], [ 100.6494254, 13.808625 ], [ 100.6512584, 13.8128645 ], [ 100.6522067, 13.8150022 ], [ 100.6872917, 13.8133438 ], [ 100.6886772, 13.8113391 ], [ 100.6905447, 13.8087052 ], [ 100.69156, 13.8061469 ], [ 100.6914665, 13.8024575 ], [ 100.5221915, 13.7355861 ], [ 100.523896, 13.7349011 ], [ 100.5255442, 13.7342503 ] ] } },
{ "type": "Feature", "properties": { "route_id": 17948973, "name": "79 (4-42) อู่บรมราชชนนี - ราชประสงค์", "ref": "79 (4-42)", "from_stop": "", "to_stop": "", "operator": "BMTA", "network": "BMTA", "route_type": "bus", "coord_count": 29 }, "geometry": { "type": "LineString", "coordinates": [ [ 100.3901683, 13.7858496 ], [ 100.5404919, 13.7473108 ], [ 100.5330435, 13.7458988 ], [ 100.4275662, 13.7813735 ], [ 100.484065, 13.7711293 ], [ 100.4884052, 13.7656139 ], [ 100.4976122, 13.7577995 ], [ 100.5071075, 13.756458 ], [ 100.4217365, 13.7819729 ], [ 100.5096768, 13.7573124 ], [ 100.5132685, 13.7596619 ], [ 100.5149102, 13.7580755 ], [ 100.3947082, 13.7919961 ], [ 100.3964337, 13.7845627 ], [ 100.4017709, 13.7840117 ], [ 100.4053684, 13.7836364 ], [ 100.4162749, 13.782553 ], [ 100.4200426, 13.7821648 ], [ 100.4320484, 13.7809242 ], [ 100.4394355, 13.7802267 ], [ 100.4430402, 13.7803949 ], [ 100.4450732, 13.780958 ], [ 100.4765228, 13.7672746 ], [ 100.4780998, 13.7691251 ], [ 100.4791446, 13.7703343 ], [ 100.5002565, 13.7572674 ], [ 100.5190244, 13.7570015 ], [ 100.5246078, 13.7559216 ], [ 100.5277878, 13.7547817 ] ] } },
{ "type": "Feature", "properties": { "route_id": 17948974, "name": "79 (4-42) ราชประสงค์ - อู่บรมราชชนนี", "ref": "79 (4-42)", "from_stop": "", "to_stop": "", "operator": "BMTA", "network": "BMTA", "route_type": "bus", "coord_count": 30 }, "geometry": { "type": "LineString", "coordinates": [ [ 100.3901683, 13.7858496 ], [ 100.5404919, 13.7473108 ], [ 100.506975, 13.7563015 ], [ 100.500132, 13.756808 ], [ 100.4879947, 13.7652886 ], [ 100.4228662, 13.7811461 ], [ 100.4979883, 13.7572484 ], [ 100.4835788, 13.7709813 ], [ 100.5384927, 13.7507609 ], [ 100.5350454, 13.751988 ], [ 100.5279643, 13.7544814 ], [ 100.5244766, 13.7557325 ], [ 100.5190499, 13.7568185 ], [ 100.5142729, 13.7564903 ], [ 100.5113722, 13.7563974 ], [ 100.5038548, 13.7560264 ], [ 100.4795292, 13.7703867 ], [ 100.4783051, 13.7689734 ], [ 100.4767963, 13.7672144 ], [ 100.4451124, 13.7803838 ], [ 100.4429861, 13.7797936 ], [ 100.4394538, 13.7796548 ], [ 100.4376217, 13.7798371 ], [ 100.4309691, 13.7805134 ], [ 100.4272867, 13.7808935 ], [ 100.4163872, 13.7820075 ], [ 100.4018942, 13.78348 ], [ 100.3971982, 13.7839567 ], [ 100.3897134, 13.7847241 ], [ 100.3863743, 13.7855903 ] ] } },
{ "type": "Feature", "properties": { "route_id": 17951934, "name": "15 (4-2) วงกลม : BRT ราชพฤกษ์ - สยาม - บางลำพู (วนซ้าย)", "ref": "15 (4-2)", "from_stop": "", "to_stop": "", "operator": "BMTA", "network": "BMTA", "route_type": "bus", "coord_count": 41 }, "geometry": { "type": "LineString", "coordinates": [ [ 100.4789985, 13.7158046 ], [ 100.4789985, 13.7158046 ], [ 100.5334091, 13.7456566 ], [ 100.506975, 13.7563015 ], [ 100.4788312, 13.7133221 ], [ 100.49627, 13.6982173 ], [ 100.4984641, 13.6985522 ], [ 100.5002191, 13.7001173 ], [ 100.5159889, 13.7207712 ], [ 100.492562, 13.7565688 ], [ 100.4895528, 13.7528056 ], [ 100.4896104, 13.7506611 ], [ 100.5023587, 13.7020592 ], [ 100.5039481, 13.7035067 ], [ 100.4935155, 13.72566 ], [ 100.4905828, 13.7471001 ], [ 100.491784, 13.7455397 ], [ 100.4927559, 13.744408 ], [ 100.505215, 13.7046628 ], [ 100.5065749, 13.7058962 ], [ 100.5082678, 13.7074205 ], [ 100.5120136, 13.7116241 ], [ 100.512816, 13.7134726 ], [ 100.5135639, 13.7151576 ], [ 100.5141231, 13.716449 ], [ 100.4805101, 13.7088576 ], [ 100.4821454, 13.7071151 ], [ 100.4871682, 13.7039902 ], [ 100.5282063, 13.7465504 ], [ 100.490084, 13.7560677 ], [ 100.4956838, 13.7473994 ], [ 100.5038548, 13.7560264 ], [ 100.4956098, 13.733095 ], [ 100.4943705, 13.7294583 ], [ 100.4937946, 13.7278386 ], [ 100.4906404, 13.718738 ], [ 100.489799, 13.7162701 ], [ 100.4889574, 13.713834 ], [ 100.4875642, 13.7097733 ], [ 100.4865561, 13.7067938 ], [ 100.5098511, 13.7088695 ] ] } },
{ "type": "Feature", "properties": { "route_id": 17951935, "name": "15 (4-2) วงกลม : BRT ราชพฤกษ์ - สยาม - บางลำพู (วนขวา)", "ref": "15 (4-2)", "from_stop": "", "to_stop": "", "operator": "BMTA", "network": "BMTA", "route_type": "bus", "coord_count": 16 }, "geometry": { "type": "LineString", "coordinates": [ [ 100.4789985, 13.7158046 ], [ 100.4789985, 13.7158046 ], [ 100.5330435, 13.7458988 ], [ 100.5071075, 13.756458 ], [ 100.4963794, 13.697618 ], [ 100.4895712, 13.7500224 ], [ 100.4900864, 13.7477913 ], [ 100.4983751, 13.6982878 ], [ 100.5006528, 13.7003748 ], [ 100.5043336, 13.7036952 ], [ 100.5057963, 13.7050005 ], [ 100.5071856, 13.7062743 ], [ 100.5104042, 13.7092111 ], [ 100.5087601, 13.7076968 ], [ 100.5345701, 13.7285062 ], [ 100.5310647, 13.7272758 ] ] } },
{ "type": "Feature", "properties": { "route_id": 17976207, "name": "189 (4-59) กระทุ่มแบน - สถานีรถไฟชุมทางตลิ่งชัน", "ref": "189 (4-59)", "from_stop": "", "to_stop": "", "operator": "BMTA", "network": "BMTA", "route_type": "bus", "coord_count": 47 }, "geometry": { "type": "LineString", "coordinates": [ [ 100.2072881, 13.6449661 ], [ 100.4383641, 13.7900205 ], [ 100.4275662, 13.7813735 ], [ 100.4257584, 13.7706366 ], [ 100.4258719, 13.7718867 ], [ 100.4265133, 13.7759939 ], [ 100.426512, 13.7896607 ], [ 100.3075794, 13.6556643 ], [ 100.312991, 13.6623049 ], [ 100.3164419, 13.668343 ], [ 100.3191778, 13.6760792 ], [ 100.3210417, 13.6810109 ], [ 100.3228368, 13.684405 ], [ 100.325256, 13.6889181 ], [ 100.3349765, 13.7049987 ], [ 100.3375088, 13.7052035 ], [ 100.3394443, 13.7053494 ], [ 100.3418351, 13.7055486 ], [ 100.3440211, 13.7057258 ], [ 100.3482992, 13.7060478 ], [ 100.3513438, 13.7062943 ], [ 100.3536094, 13.7065028 ], [ 100.3562352, 13.7066956 ], [ 100.3599371, 13.7070207 ], [ 100.3631364, 13.7072975 ], [ 100.3664754, 13.7075506 ], [ 100.3686949, 13.7077167 ], [ 100.3702123, 13.7078103 ], [ 100.3722547, 13.7079991 ], [ 100.3752279, 13.7082761 ], [ 100.3772155, 13.7084293 ], [ 100.3798424, 13.7086413 ], [ 100.3825429, 13.708842 ], [ 100.3847004, 13.7090195 ], [ 100.3879537, 13.7093057 ], [ 100.3901666, 13.7094709 ], [ 100.3929381, 13.7096675 ], [ 100.3947038, 13.7098126 ], [ 100.3980186, 13.7101088 ], [ 100.3996976, 13.710252 ], [ 100.4022927, 13.7104474 ], [ 100.4080676, 13.7109713 ], [ 100.4107104, 13.7111234 ], [ 100.4134491, 13.7113291 ], [ 100.4172049, 13.7116705 ], [ 100.4194539, 13.7118574 ], [ 100.424643, 13.7122477 ] ] } },
{ "type": "Feature", "properties": { "route_id": 17976208, "name": "189 (4-59) สถานีรถไฟชุมทางตลิ่งชัน - กระทุ่มแบน", "ref": "189 (4-59)", "from_stop": "", "to_stop": "", "operator": "BMTA", "network": "BMTA", "route_type": "bus", "coord_count": 43 }, "geometry": { "type": "LineString", "coordinates": [ [ 100.2072881, 13.6449661 ], [ 100.4383641, 13.7900205 ], [ 100.4287805, 13.7977962 ], [ 100.426512, 13.7896607 ], [ 100.4270222, 13.7121635 ], [ 100.4234917, 13.7118764 ], [ 100.4195635, 13.7115402 ], [ 100.416747, 13.7112973 ], [ 100.4140816, 13.7111005 ], [ 100.4117884, 13.7108803 ], [ 100.4096173, 13.7107115 ], [ 100.4008331, 13.7100093 ], [ 100.3977491, 13.7097635 ], [ 100.3945693, 13.7094894 ], [ 100.3925324, 13.7093281 ], [ 100.3901933, 13.7091508 ], [ 100.3875957, 13.7089522 ], [ 100.3846241, 13.7086845 ], [ 100.3829899, 13.7085373 ], [ 100.3802697, 13.7083171 ], [ 100.37765, 13.7081124 ], [ 100.3748045, 13.7078634 ], [ 100.3694755, 13.707462 ], [ 100.3667635, 13.7072765 ], [ 100.3628619, 13.7069338 ], [ 100.360474, 13.7067577 ], [ 100.3562994, 13.7064098 ], [ 100.3537077, 13.7061933 ], [ 100.3514156, 13.7060382 ], [ 100.3485002, 13.7057934 ], [ 100.3441421, 13.7054209 ], [ 100.3418472, 13.7052364 ], [ 100.3397286, 13.7050638 ], [ 100.3372311, 13.7048799 ], [ 100.3354166, 13.7047183 ], [ 100.3304693, 13.6988765 ], [ 100.3264991, 13.6904486 ], [ 100.3233449, 13.6844915 ], [ 100.3208831, 13.6797792 ], [ 100.3196635, 13.676423 ], [ 100.3169595, 13.6684785 ], [ 100.3149434, 13.6648832 ], [ 100.3078731, 13.6553867 ] ] } },
{ "type": "Feature", "properties": { "route_id": 17979444, "name": "515 ปอ. เซ็นทรัลศาลายา - อนุสาวรีย์ชัยสมรภูมิ (ทางด่วน)", "ref": "515E", "from_stop": "", "to_stop": "", "operator": "BMTA", "network": "BMTA", "route_type": "bus", "coord_count": 21 }, "geometry": { "type": "LineString", "coordinates": [ [ 100.2786115, 13.7870278 ], [ 100.5374397, 13.765061 ], [ 100.2772804, 13.7862962 ], [ 100.2792846, 13.7861392 ], [ 100.283199, 13.7862761 ], [ 100.2870675, 13.7864286 ], [ 100.2886734, 13.7864837 ], [ 100.2928145, 13.7866248 ], [ 100.2982527, 13.7868514 ], [ 100.3019267, 13.7869745 ], [ 100.3032372, 13.7959749 ], [ 100.3034342, 13.7988321 ], [ 100.3048908, 13.8025351 ], [ 100.3135565, 13.8018697 ], [ 100.3162647, 13.8016635 ], [ 100.3183121, 13.8015433 ], [ 100.3223751, 13.8013683 ], [ 100.3242506, 13.8013088 ], [ 100.3273799, 13.799965 ], [ 100.3275352, 13.7963165 ], [ 100.3276817, 13.7930165 ] ] } },
{ "type": "Feature", "properties": { "route_id": 17979505, "name": "36ก (2-41) ปัฐวิกรณ์ - อนุสาวรีย์ชัยสมรภูมิ", "ref": "36ก (2-41)", "from_stop": "", "to_stop": "", "operator": "BMTA", "network": "BMTA", "route_type": "bus", "coord_count": 20 }, "geometry": { "type": "LineString", "coordinates": [ [ 100.5391867, 13.7653062 ], [ 100.6534588, 13.8173048 ], [ 100.651357, 13.8124586 ], [ 100.6494649, 13.808092 ], [ 100.6480441, 13.8052579 ], [ 100.6478794, 13.8030068 ], [ 100.646609, 13.7660442 ], [ 100.6426949, 13.7622391 ], [ 100.6403755, 13.7620057 ], [ 100.6367027, 13.7616002 ], [ 100.6334772, 13.7612301 ], [ 100.6306998, 13.7609139 ], [ 100.6260065, 13.7603756 ], [ 100.6213153, 13.7598292 ], [ 100.6148776, 13.7580258 ], [ 100.6112696, 13.7605873 ], [ 100.6092637, 13.7615633 ], [ 100.6078556, 13.762731 ], [ 100.6063913, 13.7639307 ], [ 100.6047023, 13.7653415 ] ] } },
{ "type": "Feature", "properties": { "route_id": 17979506, "name": "36ก (2-41) อนุสาวรีย์ชัยสมรภูมิ - ปัฐวิกรณ์", "ref": "36ก (2-41)", "from_stop": "", "to_stop": "", "operator": "BMTA", "network": "BMTA", "route_type": "bus", "coord_count": 19 }, "geometry": { "type": "LineString", "coordinates": [ [ 100.6522067, 13.8150022 ], [ 100.5391867, 13.7653062 ], [ 100.6470325, 13.7663643 ], [ 100.6478524, 13.802478 ], [ 100.6480927, 13.8058725 ], [ 100.6494254, 13.808625 ], [ 100.6512584, 13.8128645 ], [ 100.6073518, 13.7633249 ], [ 100.6089134, 13.7620395 ], [ 100.6113692, 13.7607176 ], [ 100.6149471, 13.7582437 ], [ 100.6180964, 13.7595569 ], [ 100.6228216, 13.7602484 ], [ 100.6270932, 13.7607263 ], [ 100.6313122, 13.7612199 ], [ 100.6347865, 13.7616055 ], [ 100.6380937, 13.761999 ], [ 100.6394807, 13.7621509 ], [ 100.6454953, 13.7635099 ] ] } },
{ "type": "Feature", "properties": { "route_id": 17979738, "name": "178 (2-50) แฮปปี้แลนด์ - เซ็นทรัลลาดพร้าว", "ref": "178 (2-50)", "from_stop": "", "to_stop": "", "operator": "BMTA", "network": "BMTA", "route_type": "bus", "coord_count": 32 }, "geometry": { "type": "LineString", "coordinates": [ [ 100.561455, 13.8161295 ], [ 100.6441237, 13.7803308 ], [ 100.6412601, 13.7755904 ], [ 100.6414283, 13.7740339 ], [ 100.6416824, 13.771545 ], [ 100.6419014, 13.7695996 ], [ 100.6470325, 13.7663643 ], [ 100.6412997, 13.7789646 ], [ 100.6475402, 13.7678732 ], [ 100.647282, 13.7695697 ], [ 100.6471242, 13.7715968 ], [ 100.6457661, 13.7741454 ], [ 100.6450517, 13.7755936 ], [ 100.6444218, 13.7778554 ], [ 100.6460665, 13.7821396 ], [ 100.6471651, 13.7837586 ], [ 100.6485826, 13.7858451 ], [ 100.6495716, 13.7872745 ], [ 100.6478524, 13.802478 ], [ 100.6480927, 13.8058725 ], [ 100.6494254, 13.808625 ], [ 100.6489248, 13.8104757 ], [ 100.6451543, 13.813561 ], [ 100.6432665, 13.8165684 ], [ 100.6330643, 13.8367721 ], [ 100.6308797, 13.832859 ], [ 100.6300973, 13.8305267 ], [ 100.6295505, 13.8306385 ], [ 100.6305184, 13.8333141 ], [ 100.6316556, 13.835585 ], [ 100.5746331, 13.8378371 ], [ 100.5730666, 13.8352154 ] ] } },
{ "type": "Feature", "properties": { "route_id": 17979739, "name": "178 (2-50) เซ็นทรัลลาดพร้าว - แฮปปี้แลนด์", "ref": "178 (2-50)", "from_stop": "", "to_stop": "", "operator": "BMTA", "network": "BMTA", "route_type": "bus", "coord_count": 19 }, "geometry": { "type": "LineString", "coordinates": [ [ 100.6419014, 13.7695996 ], [ 100.6441237, 13.7803308 ], [ 100.6412997, 13.7789646 ], [ 100.6412601, 13.7755904 ], [ 100.6414283, 13.7740339 ], [ 100.6416824, 13.771545 ], [ 100.561455, 13.8161295 ], [ 100.6358329, 13.8195739 ], [ 100.6450746, 13.8140281 ], [ 100.6494649, 13.808092 ], [ 100.6480441, 13.8052579 ], [ 100.6478794, 13.8030068 ], [ 100.6426051, 13.8194903 ], [ 100.6386322, 13.8200786 ], [ 100.637205, 13.8200935 ], [ 100.6327438, 13.8375942 ], [ 100.6339728, 13.8399003 ], [ 100.6359471, 13.8437786 ], [ 100.6367143, 13.8438723 ] ] } },
{ "type": "Feature", "properties": { "route_id": 17983787, "name": "24 (2-39) ประชานิเวศน์ 3 - จุฬาลงกรณ์มหาวิทยาลัย", "ref": "24 (2-39)", "from_stop": "", "to_stop": "", "operator": "BMTA", "network": "BMTA", "route_type": "bus", "coord_count": 30 }, "geometry": { "type": "LineString", "coordinates": [ [ 100.5343295, 13.7345413 ], [ 100.5297683, 13.8817671 ], [ 100.5407658, 13.7470321 ], [ 100.5384722, 13.7641638 ], [ 100.5458694, 13.763376 ], [ 100.5406868, 13.7637208 ], [ 100.5615517, 13.8155358 ], [ 100.5309918, 13.8816699 ], [ 100.5340045, 13.8821501 ], [ 100.5355413, 13.8819008 ], [ 100.5374559, 13.8815664 ], [ 100.5399173, 13.8810183 ], [ 100.542954, 13.8807442 ], [ 100.5474857, 13.8791712 ], [ 100.5488075, 13.8777727 ], [ 100.5497882, 13.8757815 ], [ 100.5490655, 13.8726132 ], [ 100.5487798, 13.8713864 ], [ 100.5478593, 13.8674627 ], [ 100.5473049, 13.8651618 ], [ 100.5466833, 13.8625061 ], [ 100.5460123, 13.8596791 ], [ 100.5469026, 13.8558681 ], [ 100.5493125, 13.8545035 ], [ 100.5516825, 13.8531682 ], [ 100.5552822, 13.8511653 ], [ 100.5576208, 13.849868 ], [ 100.5370853, 13.7574182 ], [ 100.5384652, 13.7570995 ], [ 100.5411741, 13.7564679 ] ] } },
{ "type": "Feature", "properties": { "route_id": 17983789, "name": "24 (2-39) จุฬาลงกรณ์มหาวิทยาลัย - ประชานิเวศน์ 3", "ref": "24 (2-39)", "from_stop": "", "to_stop": "", "operator": "BMTA", "network": "BMTA", "route_type": "bus", "coord_count": 27 }, "geometry": { "type": "LineString", "coordinates": [ [ 100.5343295, 13.7345413 ], [ 100.5404919, 13.7473108 ], [ 100.5391867, 13.7653062 ], [ 100.561455, 13.8161295 ], [ 100.5297683, 13.8817671 ], [ 100.5416766, 13.7533375 ], [ 100.5409478, 13.763859 ], [ 100.5446513, 13.7633488 ], [ 100.5568522, 13.849907 ], [ 100.5551318, 13.8508667 ], [ 100.5512102, 13.8530633 ], [ 100.548699, 13.8544636 ], [ 100.5470006, 13.8554256 ], [ 100.5458415, 13.8597028 ], [ 100.5464221, 13.8621232 ], [ 100.547059, 13.8647947 ], [ 100.5477022, 13.8675374 ], [ 100.5485246, 13.8710224 ], [ 100.5495309, 13.8752416 ], [ 100.5495423, 13.8774272 ], [ 100.5476362, 13.8787633 ], [ 100.5434293, 13.8805236 ], [ 100.5397802, 13.880951 ], [ 100.5374425, 13.8814882 ], [ 100.5354528, 13.8818501 ], [ 100.5339402, 13.8820707 ], [ 100.5308105, 13.8813844 ] ] } },
{ "type": "Feature", "properties": { "route_id": 17983855, "name": "22 (3-40) ถนนตก - แฮปปี้แลนด์", "ref": "22 (3-40)", "from_stop": "", "to_stop": "", "operator": "BMTA", "network": "BMTA", "route_type": "bus", "coord_count": 25 }, "geometry": { "type": "LineString", "coordinates": [ [ 100.4933897, 13.6940018 ], [ 100.6419014, 13.7695996 ], [ 100.6068141, 13.7489683 ], [ 100.609143, 13.7511958 ], [ 100.6125138, 13.7545597 ], [ 100.6144771, 13.7565013 ], [ 100.6180964, 13.7595569 ], [ 100.6228216, 13.7602484 ], [ 100.6270932, 13.7607263 ], [ 100.6313122, 13.7612199 ], [ 100.6347865, 13.7616055 ], [ 100.6380937, 13.761999 ], [ 100.6394807, 13.7621509 ], [ 100.6454953, 13.7635099 ], [ 100.6470325, 13.7663643 ], [ 100.5023587, 13.7020592 ], [ 100.5039481, 13.7035067 ], [ 100.5608084, 13.7196638 ], [ 100.5492578, 13.7244531 ], [ 100.4984641, 13.6985522 ], [ 100.5002191, 13.7001173 ], [ 100.505215, 13.7046628 ], [ 100.5065749, 13.7058962 ], [ 100.5098511, 13.7088695 ], [ 100.5082678, 13.7074205 ] ] } },
{ "type": "Feature", "properties": { "route_id": 17983856, "name": "22 (3-40) แฮปปี้แลนด์ - ถนนตก", "ref": "22 (3-40)", "from_stop": "", "to_stop": "", "operator": "BMTA", "network": "BMTA", "route_type": "bus", "coord_count": 21 }, "geometry": { "type": "LineString", "coordinates": [ [ 100.4933897, 13.6940018 ], [ 100.6419014, 13.7695996 ], [ 100.6426949, 13.7622391 ], [ 100.6403755, 13.7620057 ], [ 100.6367027, 13.7616002 ], [ 100.6334772, 13.7612301 ], [ 100.6306998, 13.7609139 ], [ 100.6260065, 13.7603756 ], [ 100.6213153, 13.7598292 ], [ 100.6160354, 13.7577153 ], [ 100.6146753, 13.7563712 ], [ 100.6127055, 13.7543645 ], [ 100.538559, 13.7192133 ], [ 100.5370008, 13.7227179 ], [ 100.4983751, 13.6982878 ], [ 100.5006528, 13.7003748 ], [ 100.5043336, 13.7036952 ], [ 100.5057963, 13.7050005 ], [ 100.5071856, 13.7062743 ], [ 100.5104042, 13.7092111 ], [ 100.5087601, 13.7076968 ] ] } },
{ "type": "Feature", "properties": { "route_id": 17988217, "name": "6250 รังสิต - ลำลูกกา คลอง 10", "ref": "6250", "from_stop": "", "to_stop": "", "operator": "บริษัท กิตติสุนทร จำกัด", "network": "", "route_type": "bus", "coord_count": 3 }, "geometry": { "type": "LineString", "coordinates": [ [ 100.6455698, 13.9322667 ], [ 100.6455674, 13.9323357 ], [ 100.6073086, 13.9863027 ] ] } },
{ "type": "Feature", "properties": { "route_id": 17998758, "name": "191 (2-51) เคหะคลองจั่น - สถานีรถไฟฟ้าพระนั่งเกล้า", "ref": "191 (2-51)", "from_stop": "", "to_stop": "", "operator": "BMTA", "network": "BMTA", "route_type": "bus", "coord_count": 37 }, "geometry": { "type": "LineString", "coordinates": [ [ 100.6521797, 13.7720047 ], [ 100.6412601, 13.7755904 ], [ 100.6414283, 13.7740339 ], [ 100.6416824, 13.771545 ], [ 100.6419014, 13.7695996 ], [ 100.5615517, 13.8155358 ], [ 100.4800289, 13.8704263 ], [ 100.6536705, 13.7717574 ], [ 100.6534342, 13.7742579 ], [ 100.6531437, 13.7754254 ], [ 100.6520647, 13.7777688 ], [ 100.6506467, 13.7801135 ], [ 100.6444218, 13.7778554 ], [ 100.6441237, 13.7803308 ], [ 100.6412997, 13.7789646 ], [ 100.640015, 13.7687356 ], [ 100.6386891, 13.7695367 ], [ 100.6368961, 13.770564 ], [ 100.6346282, 13.7718321 ], [ 100.6322084, 13.7731925 ], [ 100.6296873, 13.7746123 ], [ 100.5588242, 13.8142246 ], [ 100.5583285, 13.8188214 ], [ 100.5581299, 13.821977 ], [ 100.5577701, 13.8250213 ], [ 100.5569982, 13.8332724 ], [ 100.5573852, 13.839602 ], [ 100.5568522, 13.849907 ], [ 100.5551318, 13.8508667 ], [ 100.5512102, 13.8530633 ], [ 100.548699, 13.8544636 ], [ 100.5470006, 13.8554256 ], [ 100.5419053, 13.8564363 ], [ 100.5382634, 13.8568799 ], [ 100.5355772, 13.8572151 ], [ 100.5315514, 13.8577103 ], [ 100.5276394, 13.8581898 ] ] } },
{ "type": "Feature", "properties": { "route_id": 17998759, "name": "191 (2-51) สถานีรถไฟฟ้าพระนั่งเกล้า - เคหะคลองจั่น", "ref": "191 (2-51)", "from_stop": "", "to_stop": "", "operator": "BMTA", "network": "BMTA", "route_type": "bus", "coord_count": 28 }, "geometry": { "type": "LineString", "coordinates": [ [ 100.6521797, 13.7720047 ], [ 100.4800289, 13.8704263 ], [ 100.561455, 13.8161295 ], [ 100.6385804, 13.7698947 ], [ 100.6404983, 13.7688488 ], [ 100.6414999, 13.7714765 ], [ 100.6417028, 13.7694008 ], [ 100.4838688, 13.8709775 ], [ 100.4896649, 13.8686138 ], [ 100.5585074, 13.8244912 ], [ 100.5590922, 13.8186833 ], [ 100.6303167, 13.7745145 ], [ 100.6315085, 13.7738424 ], [ 100.634122, 13.772388 ], [ 100.6367446, 13.770928 ], [ 100.6412818, 13.7736132 ], [ 100.6432028, 13.7802589 ], [ 100.6446153, 13.7780867 ], [ 100.5266234, 13.8586362 ], [ 100.5286508, 13.8583895 ], [ 100.5314413, 13.8580507 ], [ 100.5371171, 13.8573566 ], [ 100.5406627, 13.8569075 ], [ 100.5469026, 13.8558681 ], [ 100.5493125, 13.8545035 ], [ 100.5516825, 13.8531682 ], [ 100.5552822, 13.8511653 ], [ 100.5576208, 13.849868 ] ] } },
{ "type": "Feature", "properties": { "route_id": 18032481, "name": "63 สถานีรถไฟฟ้าพระนั่งเกล้า - อนุสาวรีย์ชัยสมรภูมิ", "ref": "63", "from_stop": "นนทบุรี", "to_stop": "อนุสาวรีย์ชัยสมรภูมิ", "operator": "BMTA", "network": "BMTA", "route_type": "bus", "coord_count": 21 }, "geometry": { "type": "LineString", "coordinates": [ [ 100.4800289, 13.8704263 ], [ 100.5380731, 13.7657563 ], [ 100.5615517, 13.8155358 ], [ 100.55669, 13.8072755 ], [ 100.5537722, 13.8023336 ], [ 100.5525741, 13.8002484 ], [ 100.5509873, 13.7969982 ], [ 100.5501941, 13.7948002 ], [ 100.5495225, 13.7929764 ], [ 100.5410995, 13.7697313 ], [ 100.5398857, 13.7674918 ], [ 100.5266234, 13.8586362 ], [ 100.5286508, 13.8583895 ], [ 100.5314413, 13.8580507 ], [ 100.5371171, 13.8573566 ], [ 100.5406627, 13.8569075 ], [ 100.5469026, 13.8558681 ], [ 100.5493125, 13.8545035 ], [ 100.5516825, 13.8531682 ], [ 100.5552822, 13.8511653 ], [ 100.5576208, 13.849868 ] ] } },
{ "type": "Feature", "properties": { "route_id": 18032482, "name": "63 อนุสาวรีย์ชัยสมรภูมิ - สถานีรถไฟฟ้าพระนั่งเกล้า", "ref": "63", "from_stop": "", "to_stop": "", "operator": "BMTA", "network": "BMTA", "route_type": "bus", "coord_count": 17 }, "geometry": { "type": "LineString", "coordinates": [ [ 100.5380731, 13.7657563 ], [ 100.4800289, 13.8704263 ], [ 100.5534966, 13.8027584 ], [ 100.5541188, 13.8037679 ], [ 100.561455, 13.8161295 ], [ 100.5398137, 13.7679206 ], [ 100.541733, 13.772033 ], [ 100.5568522, 13.849907 ], [ 100.5551318, 13.8508667 ], [ 100.5512102, 13.8530633 ], [ 100.548699, 13.8544636 ], [ 100.5470006, 13.8554256 ], [ 100.5419053, 13.8564363 ], [ 100.5382634, 13.8568799 ], [ 100.5355772, 13.8572151 ], [ 100.5315514, 13.8577103 ], [ 100.5276394, 13.8581898 ] ] } },
{ "type": "Feature", "properties": { "route_id": 18088752, "name": "205 (3-51) วงกลมคลองเตย - เดอะมอลล์ท่าพระ (วนซ้าย)", "ref": "205 (3-51)", "from_stop": "", "to_stop": "", "operator": "BMTA", "network": "BMTA", "route_type": "bus", "coord_count": 6 }, "geometry": { "type": "LineString", "coordinates": [ [ 100.5654237, 13.7157595 ], [ 100.5654237, 13.7157595 ], [ 100.5608084, 13.7196638 ], [ 100.5492578, 13.7244531 ], [ 100.5040009, 13.6905776 ], [ 100.49627, 13.6982173 ] ] } },
{ "type": "Feature", "properties": { "route_id": 18088753, "name": "205 (3-51) วงกลมคลองเตย - เดอะมอลล์ท่าพระ (วนขวา)", "ref": "205 (3-51)", "from_stop": "", "to_stop": "", "operator": "BMTA", "network": "BMTA", "route_type": "bus", "coord_count": 9 }, "geometry": { "type": "LineString", "coordinates": [ [ 100.5654237, 13.7157595 ], [ 100.5654237, 13.7157595 ], [ 100.47754, 13.7155577 ], [ 100.5608084, 13.7196638 ], [ 100.5492578, 13.7244531 ], [ 100.5056348, 13.6896848 ], [ 100.4963794, 13.697618 ], [ 100.5428835, 13.6991826 ], [ 100.5451702, 13.6968642 ] ] } },
{ "type": "Feature", "properties": { "route_id": 18169875, "name": "3-26E (537) สถาบันการแพทย์จักรีนฤบดินทร์ - รพ.รามาธิบดี", "ref": "3-26E (537)", "from_stop": "", "to_stop": "", "operator": "TSB", "network": "TSB", "route_type": "bus", "coord_count": 19 }, "geometry": { "type": "LineString", "coordinates": [ [ 100.7597351, 13.524532 ], [ 100.5374584, 13.764699 ], [ 100.5279473, 13.766819 ], [ 100.6466899, 13.6879247 ], [ 100.6472665, 13.6954968 ], [ 100.6470189, 13.692069 ], [ 100.6433883, 13.7134403 ], [ 100.6415496, 13.7260737 ], [ 100.6411981, 13.7374181 ], [ 100.681635, 13.6495354 ], [ 100.7596543, 13.518878 ], [ 100.7596633, 13.5151275 ], [ 100.7595867, 13.5126309 ], [ 100.7678712, 13.5013774 ], [ 100.7696163, 13.5011865 ], [ 100.7767924, 13.503741 ], [ 100.7796037, 13.5064549 ], [ 100.7805463, 13.5073464 ], [ 100.7866523, 13.5127148 ] ] } },
{ "type": "Feature", "properties": { "route_id": 18169876, "name": "3-26E (537) รพ.รามาธิบดี - สถาบันการแพทย์จักรีนฤบดินทร์", "ref": "3-26E (537)", "from_stop": "", "to_stop": "", "operator": "TSB", "network": "TSB", "route_type": "bus", "coord_count": 12 }, "geometry": { "type": "LineString", "coordinates": [ [ 100.5279473, 13.766819 ], [ 100.7597351, 13.524532 ], [ 100.5391867, 13.7653062 ], [ 100.6475975, 13.6951057 ], [ 100.6470558, 13.6883315 ], [ 100.6472589, 13.6909775 ], [ 100.6437216, 13.7138078 ], [ 100.6418569, 13.7263603 ], [ 100.6416771, 13.7371996 ], [ 100.6819747, 13.6504671 ], [ 100.5302341, 13.7599552 ], [ 100.528171, 13.7608759 ] ] } },
{ "type": "Feature", "properties": { "route_id": 18230594, "name": "1-71X มีนบุรี - เคหะฉลองกรุง", "ref": "1-71X", "from_stop": "", "to_stop": "", "operator": "TSB", "network": "TSB", "route_type": "bus", "coord_count": 34 }, "geometry": { "type": "LineString", "coordinates": [ [ 100.7287198, 13.8138626 ], [ 100.8457692, 13.7834034 ], [ 100.7281616, 13.8129623 ], [ 100.7317383, 13.8134985 ], [ 100.733039, 13.8142192 ], [ 100.7344313, 13.8149988 ], [ 100.7954535, 13.7522829 ], [ 100.7986273, 13.7567545 ], [ 100.8009229, 13.7599845 ], [ 100.8020926, 13.7616945 ], [ 100.7563974, 13.7551169 ], [ 100.7658585, 13.7540354 ], [ 100.7717575, 13.7533404 ], [ 100.7753618, 13.7529147 ], [ 100.7805138, 13.7523083 ], [ 100.7867474, 13.7515782 ], [ 100.7896807, 13.7512339 ], [ 100.791931, 13.7509752 ], [ 100.8262523, 13.7879221 ], [ 100.8286358, 13.7841481 ], [ 100.8322588, 13.7785529 ], [ 100.8335634, 13.7765072 ], [ 100.8091996, 13.769579 ], [ 100.8124279, 13.7724623 ], [ 100.8147638, 13.7745136 ], [ 100.8164441, 13.7760234 ], [ 100.8249644, 13.7862718 ], [ 100.8347013, 13.7754824 ], [ 100.8404081, 13.7746892 ], [ 100.8424257, 13.7765324 ], [ 100.8430211, 13.7770827 ], [ 100.8424065, 13.7781149 ], [ 100.8420628, 13.7811753 ], [ 100.8439084, 13.7821031 ] ] } },
{ "type": "Feature", "properties": { "route_id": 18230595, "name": "1-71X เคหะฉลองกรุง - มีนบุรี", "ref": "1-71X", "from_stop": "", "to_stop": "", "operator": "TSB", "network": "TSB", "route_type": "bus", "coord_count": 34 }, "geometry": { "type": "LineString", "coordinates": [ [ 100.7287198, 13.8138626 ], [ 100.8457692, 13.7834034 ], [ 100.7278696, 13.8145556 ], [ 100.8022197, 13.7614576 ], [ 100.798974, 13.756868 ], [ 100.7972396, 13.7544136 ], [ 100.795441, 13.7518281 ], [ 100.7927237, 13.7505586 ], [ 100.7904043, 13.7508259 ], [ 100.7869324, 13.7512326 ], [ 100.7802577, 13.7520082 ], [ 100.7757295, 13.7525568 ], [ 100.7710086, 13.7530978 ], [ 100.7659805, 13.75368 ], [ 100.7555331, 13.7549119 ], [ 100.8334011, 13.7765346 ], [ 100.832217, 13.7783676 ], [ 100.8285664, 13.7840801 ], [ 100.8262579, 13.7875145 ], [ 100.8247583, 13.7855082 ], [ 100.8174051, 13.7765433 ], [ 100.8146352, 13.7740824 ], [ 100.8131138, 13.7727311 ], [ 100.8093837, 13.7694234 ], [ 100.8431668, 13.777019 ], [ 100.8425223, 13.7764445 ], [ 100.8405169, 13.7746007 ], [ 100.8346993, 13.775359 ], [ 100.8425265, 13.7781425 ], [ 100.842077, 13.7810796 ], [ 100.8439785, 13.7820418 ], [ 100.7257145, 13.812366 ], [ 100.7223135, 13.812721 ], [ 100.7255713, 13.8126489 ] ] } },
{ "type": "Feature", "properties": { "route_id": 18320493, "name": "สองแถว 1526 ถนอมมิตร - ลาดพร้าว 81", "ref": "1526", "from_stop": "ถนอมมิตรพาร์ค", "to_stop": "ซอยลาดพร้าว 81", "operator": "", "network": "สองแถว", "route_type": "bus", "coord_count": 23 }, "geometry": { "type": "LineString", "coordinates": [ [ 100.643906, 13.848852 ], [ 100.6463793, 13.8474975 ], [ 100.6469255, 13.846845 ], [ 100.6417974, 13.8496085 ], [ 100.6367143, 13.8438723 ], [ 100.6343132, 13.8388398 ], [ 100.6330643, 13.8367721 ], [ 100.6308797, 13.832859 ], [ 100.6270429, 13.822396 ], [ 100.6300973, 13.8305267 ], [ 100.6270429, 13.822396 ], [ 100.6251884, 13.8187255 ], [ 100.622697, 13.8147886 ], [ 100.6215169, 13.8129296 ], [ 100.618975, 13.8084888 ], [ 100.6168389, 13.8036862 ], [ 100.6125167, 13.7938921 ], [ 100.613764, 13.7967928 ], [ 100.6105559, 13.7855595 ], [ 100.6459336, 13.8573736 ], [ 100.6132027, 13.794835 ], [ 100.6110852, 13.7858062 ], [ 100.6155552, 13.8007312 ] ] } },
{ "type": "Feature", "properties": { "route_id": 18320494, "name": "สองแถว 1526 ลาดพร้าว 81 - ถนอมมิตร", "ref": "1526", "from_stop": "ซอยลาดพร้าว 81", "to_stop": "ถนอมมิตรพาร์ค", "operator": "", "network": "สองแถว", "route_type": "bus", "coord_count": 19 }, "geometry": { "type": "LineString", "coordinates": [ [ 100.6125167, 13.7938921 ], [ 100.6111882, 13.7932509 ], [ 100.6129141, 13.7966191 ], [ 100.6150223, 13.8010638 ], [ 100.6162996, 13.803972 ], [ 100.6258739, 13.8215029 ], [ 100.6295505, 13.8306385 ], [ 100.6305184, 13.8333141 ], [ 100.6327438, 13.8375942 ], [ 100.6339728, 13.8399003 ], [ 100.643906, 13.848852 ], [ 100.6463793, 13.8474975 ], [ 100.6484363, 13.8463863 ], [ 100.6316556, 13.835585 ], [ 100.6178846, 13.807382 ], [ 100.6459336, 13.8573736 ], [ 100.6110852, 13.7858062 ], [ 100.6248151, 13.8197052 ], [ 100.6228762, 13.8166144 ] ] } },
{ "type": "Feature", "properties": { "route_id": 18324340, "name": "สองแถว 1089 รามอินทรา กม.5 - วัชรพล - เพิ่มสิน 20", "ref": "1089", "from_stop": "รามอินทรา กม.5", "to_stop": "เพิ่มสิน 20", "operator": "", "network": "สองแถว", "route_type": "bus", "coord_count": 3 }, "geometry": { "type": "LineString", "coordinates": [ [ 100.6359471, 13.8437786 ], [ 100.6379677, 13.8510827 ], [ 100.6277561, 13.8990449 ] ] } },
{ "type": "Feature", "properties": { "route_id": 18324341, "name": "สองแถว 1089 เพิ่มสิน 20 - วัชรพล - รามอินทรา กม.5", "ref": "1089", "from_stop": "เพิ่มสิน 20", "to_stop": "รามอินทรา กม.5", "operator": "", "network": "สองแถว", "route_type": "bus", "coord_count": 6 }, "geometry": { "type": "LineString", "coordinates": [ [ 100.6277561, 13.8990449 ], [ 100.643906, 13.848852 ], [ 100.6463793, 13.8474975 ], [ 100.6469255, 13.846845 ], [ 100.6417974, 13.8496085 ], [ 100.6379677, 13.8510827 ] ] } },
{ "type": "Feature", "properties": { "route_id": 18330718, "name": "สองแถว 1096 (ถนอมมิตร) ถนอมมิตร - พหลโยธิน 48 - สะพานใหม่", "ref": "1096 (ถนอมมิตร)", "from_stop": "ถนอมมิตร", "to_stop": "สะพานใหม่", "operator": "", "network": "สองแถว", "route_type": "bus", "coord_count": 4 }, "geometry": { "type": "LineString", "coordinates": [ [ 100.6025046, 13.885199 ], [ 100.644319, 13.857017 ], [ 100.6022443, 13.885194 ], [ 100.6085522, 13.8972072 ] ] } },
{ "type": "Feature", "properties": { "route_id": 18334504, "name": "สองแถว 1096 (รามอินทรา กม.2) รามอินทรา กม.2 - พหลโยธิน 48 - สะพานใหม่", "ref": "สองแถว 1096 (รามอินทรา กม.2)", "from_stop": "รามอินทรา กม.2", "to_stop": "สะพานใหม่", "operator": "", "network": "สองแถว", "route_type": "bus", "coord_count": 3 }, "geometry": { "type": "LineString", "coordinates": [ [ 100.6025046, 13.885199 ], [ 100.6167404, 13.8636922 ], [ 100.6085522, 13.8972072 ] ] } },
{ "type": "Feature", "properties": { "route_id": 18382718, "name": "156 (2-49) วงกลม : อุ่เลียบทางด่วนรามอินทรา - นวมินทร์ - ตลาดสุคนธสวัสดิ์ (วนขวา)", "ref": "156 (2-49)", "from_stop": "อุ่เลียบทางด่วนรามอินทรา", "to_stop": "อุ่เลียบทางด่วนรามอินทรา", "operator": "BMTA", "network": "BMTA", "route_type": "bus", "coord_count": 81 }, "geometry": { "type": "LineString", "coordinates": [ [ 100.6534588, 13.8173048 ], [ 100.651357, 13.8124586 ], [ 100.6367201, 13.8443421 ], [ 100.6343132, 13.8388398 ], [ 100.6330643, 13.8367721 ], [ 100.6308797, 13.832859 ], [ 100.6300973, 13.8305267 ], [ 100.6295505, 13.8306385 ], [ 100.6305184, 13.8333141 ], [ 100.6316556, 13.835585 ], [ 100.6327438, 13.8375942 ], [ 100.6339728, 13.8399003 ], [ 100.6359471, 13.8437786 ], [ 100.643906, 13.848852 ], [ 100.6463793, 13.8474975 ], [ 100.6484363, 13.8463863 ], [ 100.6533181, 13.8437301 ], [ 100.6567568, 13.8418628 ], [ 100.6580897, 13.8411441 ], [ 100.6616881, 13.8364881 ], [ 100.6606711, 13.8341105 ], [ 100.6606711, 13.8341105 ], [ 100.6589494, 13.8301395 ], [ 100.6579736, 13.8278397 ], [ 100.6572812, 13.8262201 ], [ 100.6564141, 13.8242021 ], [ 100.6552496, 13.8215289 ], [ 100.6522215, 13.8144601 ], [ 100.6494649, 13.808092 ], [ 100.6480441, 13.8052579 ], [ 100.6478794, 13.8030068 ], [ 100.6504087, 13.7973314 ], [ 100.6523219, 13.7932045 ], [ 100.6516049, 13.789965 ], [ 100.650216, 13.7878096 ], [ 100.6488289, 13.7857635 ], [ 100.6469168, 13.7829677 ], [ 100.6461537, 13.7818267 ], [ 100.6446153, 13.7780867 ], [ 100.6452773, 13.7756624 ], [ 100.6459445, 13.7743132 ], [ 100.6473649, 13.7716521 ], [ 100.6474827, 13.7701755 ], [ 100.6474827, 13.7701755 ], [ 100.646609, 13.7660442 ], [ 100.6424357, 13.7674149 ], [ 100.6386891, 13.7695367 ], [ 100.6368961, 13.770564 ], [ 100.6322084, 13.7731925 ], [ 100.6296873, 13.7746123 ], [ 100.6274614, 13.7758612 ], [ 100.6249308, 13.7772626 ], [ 100.6224347, 13.7786522 ], [ 100.6153305, 13.7826348 ], [ 100.6123485, 13.7842957 ], [ 100.6104933, 13.7853261 ], [ 100.608015, 13.7813991 ], [ 100.6077519, 13.7794448 ], [ 100.6072488, 13.7800109 ], [ 100.6111882, 13.7932509 ], [ 100.6084047, 13.7950749 ], [ 100.6068743, 13.7959664 ], [ 100.6067047, 13.8017502 ], [ 100.6069959, 13.8041346 ], [ 100.6085128, 13.8081718 ], [ 100.610262, 13.8125052 ], [ 100.6103063, 13.815175 ], [ 100.60957, 13.8185858 ], [ 100.6088277, 13.8220279 ], [ 100.6095812, 13.8242599 ], [ 100.6128634, 13.8242771 ], [ 100.6151478, 13.8242336 ], [ 100.6172506, 13.8243624 ], [ 100.6251279, 13.8325267 ], [ 100.6268132, 13.8351833 ], [ 100.6300567, 13.8357664 ], [ 100.6327438, 13.8375942 ], [ 100.6339728, 13.8399003 ], [ 100.6359471, 13.8437786 ], [ 100.6367201, 13.8443421 ], [ 100.640015, 13.7687356 ] ] } },
{ "type": "Feature", "properties": { "route_id": 18382719, "name": "156 (2-49) วงกลม : อุ่เลียบทางด่วนรามอินทรา - ตลาดสุคนธสวัสดิ์ - นวมินทร์ (วนซ้าย)", "ref": "156 (2-49)", "from_stop": "อุ่เลียบทางด่วนรามอินทรา", "to_stop": "อุ่เลียบทางด่วนรามอินทรา", "operator": "BMTA", "network": "BMTA", "route_type": "bus", "coord_count": 78 }, "geometry": { "type": "LineString", "coordinates": [ [ 100.6470325, 13.7663643 ], [ 100.6367201, 13.8443421 ], [ 100.6343132, 13.8388398 ], [ 100.6330643, 13.8367721 ], [ 100.6308797, 13.832859 ], [ 100.6300973, 13.8305267 ], [ 100.6295505, 13.8306385 ], [ 100.6305184, 13.8333141 ], [ 100.6265848, 13.8343482 ], [ 100.6251396, 13.8323422 ], [ 100.6230021, 13.8277738 ], [ 100.6200675, 13.8255928 ], [ 100.6172108, 13.824213 ], [ 100.6153653, 13.8240881 ], [ 100.6129262, 13.8241128 ], [ 100.6097236, 13.824123 ], [ 100.6089811, 13.8220696 ], [ 100.6104688, 13.8152383 ], [ 100.6087583, 13.8083976 ], [ 100.6079565, 13.8062243 ], [ 100.6071421, 13.8039019 ], [ 100.6068333, 13.8014437 ], [ 100.6070468, 13.7963269 ], [ 100.6075925, 13.7953493 ], [ 100.6090045, 13.7937871 ], [ 100.6084015, 13.7902091 ], [ 100.6079709, 13.787702 ], [ 100.6105559, 13.7855595 ], [ 100.6124987, 13.7844644 ], [ 100.6151465, 13.783 ], [ 100.6189204, 13.7808777 ], [ 100.6203843, 13.7800574 ], [ 100.6234868, 13.7783139 ], [ 100.6252479, 13.7773396 ], [ 100.6275052, 13.7760756 ], [ 100.6303167, 13.7745145 ], [ 100.6315085, 13.7738424 ], [ 100.634122, 13.772388 ], [ 100.6367446, 13.770928 ], [ 100.6385804, 13.7698947 ], [ 100.6404983, 13.7688488 ], [ 100.6429171, 13.7674962 ], [ 100.6475402, 13.7678732 ], [ 100.647282, 13.7695697 ], [ 100.6471242, 13.7715968 ], [ 100.6457661, 13.7741454 ], [ 100.6457661, 13.7741454 ], [ 100.6450517, 13.7755936 ], [ 100.6444218, 13.7778554 ], [ 100.6460665, 13.7821396 ], [ 100.6471651, 13.7837586 ], [ 100.6495716, 13.7872745 ], [ 100.65155, 13.7901676 ], [ 100.652228, 13.7927973 ], [ 100.6516311, 13.7941375 ], [ 100.6502915, 13.7972228 ], [ 100.6478524, 13.802478 ], [ 100.6480927, 13.8058725 ], [ 100.6494254, 13.808625 ], [ 100.6489248, 13.8104757 ], [ 100.6512584, 13.8128645 ], [ 100.6522067, 13.8150022 ], [ 100.6534572, 13.8179703 ], [ 100.6543763, 13.820103 ], [ 100.6552496, 13.8221269 ], [ 100.6559736, 13.8238273 ], [ 100.6569275, 13.8260374 ], [ 100.6577949, 13.8280619 ], [ 100.6587837, 13.8303642 ], [ 100.6601762, 13.8336061 ], [ 100.6612378, 13.8360947 ], [ 100.6579934, 13.8408381 ], [ 100.6567247, 13.8415246 ], [ 100.6530355, 13.843515 ], [ 100.6499129, 13.8451544 ], [ 100.6469255, 13.846845 ], [ 100.6417974, 13.8496085 ], [ 100.6367201, 13.8443421 ] ] } },
{ "type": "Feature", "properties": { "route_id": 18439188, "name": "1060 Songthaew: ตลาด กม.4 => วัดหนองใหญ่", "ref": "1060", "from_stop": "ตลาด กม.4", "to_stop": "วัดหนองใหญ่", "operator": "", "network": "", "route_type": "bus", "coord_count": 33 }, "geometry": { "type": "LineString", "coordinates": [ [ 100.6272143, 13.8585449 ], [ 100.6272284, 13.8585504 ], [ 100.6847097, 13.9195066 ], [ 100.6847852, 13.9194535 ], [ 100.6626043, 13.8989864 ], [ 100.6719409, 13.9075705 ], [ 100.6753099, 13.9106493 ], [ 100.6802854, 13.9152028 ], [ 100.6279034, 13.8588041 ], [ 100.6275152, 13.8608581 ], [ 100.6272443, 13.8616068 ], [ 100.6272336, 13.8632721 ], [ 100.6297542, 13.8632357 ], [ 100.6323103, 13.8630768 ], [ 100.6347136, 13.8629557 ], [ 100.6361861, 13.8631289 ], [ 100.6380596, 13.8633685 ], [ 100.6394805, 13.863554 ], [ 100.6407901, 13.8637519 ], [ 100.6420219, 13.8640599 ], [ 100.6445472, 13.8651067 ], [ 100.6466152, 13.8676411 ], [ 100.6472361, 13.8717191 ], [ 100.6503046, 13.879277 ], [ 100.6516524, 13.8814291 ], [ 100.6539421, 13.8851833 ], [ 100.6540478, 13.885145 ], [ 100.658872, 13.893104 ], [ 100.6607247, 13.8963723 ], [ 100.6566701, 13.889408 ], [ 100.6648091, 13.9010394 ], [ 100.668811, 13.9047027 ], [ 100.6774946, 13.9125589 ] ] } },
{ "type": "Feature", "properties": { "route_id": 18456141, "name": "13 ปอ. (3-38) คลองเตย - ห้วยขวาง", "ref": "13 AC (3-38)", "from_stop": "", "to_stop": "", "operator": "BMTA", "network": "BMTA", "route_type": "bus", "coord_count": 11 }, "geometry": { "type": "LineString", "coordinates": [ [ 100.5654237, 13.7157595 ], [ 100.5691529, 13.7754812 ], [ 100.5611837, 13.7161696 ], [ 100.5577735, 13.7189145 ], [ 100.5404919, 13.7473108 ], [ 100.5416766, 13.7533375 ], [ 100.5457823, 13.7435105 ], [ 100.5632989, 13.7152921 ], [ 100.5553942, 13.7215635 ], [ 100.5494243, 13.7240187 ], [ 100.5463745, 13.7252693 ] ] } },
{ "type": "Feature", "properties": { "route_id": 18456142, "name": "13 ปอ. (3-38) ห้วยขวาง - คลองเตย", "ref": "13 AC (3-38)", "from_stop": "", "to_stop": "", "operator": "BMTA", "network": "BMTA", "route_type": "bus", "coord_count": 8 }, "geometry": { "type": "LineString", "coordinates": [ [ 100.5654237, 13.7157595 ], [ 100.5691529, 13.7754812 ], [ 100.5407658, 13.7470321 ], [ 100.5492578, 13.7244531 ], [ 100.5579154, 13.7195849 ], [ 100.54695, 13.7254004 ], [ 100.560538, 13.7166804 ], [ 100.5637676, 13.7153716 ] ] } },
{ "type": "Feature", "properties": { "route_id": 18486350, "name": "Songthaew 1009 Wat Nong Yai > Phoemsin > Saphan Mai", "ref": "1009", "from_stop": "", "to_stop": "", "operator": "", "network": "", "route_type": "bus", "coord_count": 39 }, "geometry": { "type": "LineString", "coordinates": [ [ 100.6848694, 13.9194665 ], [ 100.6848297, 13.9194939 ], [ 100.6653707, 13.902906 ], [ 100.6647222, 13.9048906 ], [ 100.6634837, 13.9048854 ], [ 100.6624625, 13.9041466 ], [ 100.6614322, 13.903306 ], [ 100.6570259, 13.9046107 ], [ 100.6551403, 13.9043008 ], [ 100.6544952, 13.9042032 ], [ 100.6490195, 13.9038361 ], [ 100.6461039, 13.9027725 ], [ 100.6083112, 13.895024 ], [ 100.6092909, 13.8971785 ], [ 100.6444128, 13.9019992 ], [ 100.6414865, 13.9011101 ], [ 100.6403331, 13.9008744 ], [ 100.6389773, 13.9005815 ], [ 100.6354529, 13.9000335 ], [ 100.6347407, 13.8999293 ], [ 100.6322778, 13.8995824 ], [ 100.6315623, 13.8994502 ], [ 100.6306893, 13.8994164 ], [ 100.6275189, 13.8996924 ], [ 100.6258224, 13.8998668 ], [ 100.6244276, 13.9000191 ], [ 100.6232863, 13.9033713 ], [ 100.6225782, 13.9040183 ], [ 100.6223033, 13.9048242 ], [ 100.6184302, 13.9042943 ], [ 100.6126245, 13.9015566 ], [ 100.6093609, 13.8971585 ], [ 100.6806042, 13.915281 ], [ 100.6779487, 13.9128438 ], [ 100.6751986, 13.910238 ], [ 100.6723996, 13.9077788 ], [ 100.6655021, 13.9038068 ], [ 100.668643, 13.9043243 ], [ 100.6082812, 13.8950495 ] ] } },
{ "type": "Feature", "properties": { "route_id": 18491738, "name": "Songthaew 1009 Saphan Mai > Phoemsin > Wat Nong Yai", "ref": "1009", "from_stop": "", "to_stop": "", "operator": "", "network": "", "route_type": "bus", "coord_count": 42 }, "geometry": { "type": "LineString", "coordinates": [ [ 100.6092909, 13.8971785 ], [ 100.612633, 13.9016971 ], [ 100.6183911, 13.9043645 ], [ 100.621373, 13.905458 ], [ 100.6222944, 13.9050115 ], [ 100.6226337, 13.9040475 ], [ 100.6233632, 13.903409 ], [ 100.624422, 13.9001785 ], [ 100.625918, 13.8999995 ], [ 100.6276554, 13.899829 ], [ 100.6307494, 13.899523 ], [ 100.6315386, 13.8996148 ], [ 100.632472, 13.899732 ], [ 100.6348437, 13.9000867 ], [ 100.636032, 13.9002234 ], [ 100.6389904, 13.9007155 ], [ 100.640408, 13.9010058 ], [ 100.6415828, 13.9012896 ], [ 100.64443, 13.9021683 ], [ 100.6463625, 13.9030484 ], [ 100.6490058, 13.9039766 ], [ 100.6512455, 13.9040039 ], [ 100.6545835, 13.9043372 ], [ 100.6554082, 13.9044699 ], [ 100.657324, 13.9047563 ], [ 100.6595181, 13.9038086 ], [ 100.6614841, 13.9035157 ], [ 100.6624122, 13.9043189 ], [ 100.6635548, 13.9050479 ], [ 100.6647819, 13.9050336 ], [ 100.6655839, 13.9038086 ], [ 100.6655047, 13.9029208 ], [ 100.668811, 13.9047027 ], [ 100.6719409, 13.9075705 ], [ 100.6753099, 13.9106493 ], [ 100.6774946, 13.9125589 ], [ 100.6802854, 13.9152028 ], [ 100.6847097, 13.9195066 ], [ 100.6847852, 13.9194535 ], [ 100.6093609, 13.8971585 ], [ 100.6083112, 13.895024 ], [ 100.6082812, 13.8950495 ] ] } },
{ "type": "Feature", "properties": { "route_id": 18529639, "name": "1009 Songthaew: Or Ngern Market Songthaew Terminal => Wat Koh => Saphan Mai", "ref": "1009 Songthaew", "from_stop": "", "to_stop": "", "operator": "", "network": "", "route_type": "bus", "coord_count": 20 }, "geometry": { "type": "LineString", "coordinates": [ [ 100.6597552, 13.8965511 ], [ 100.6597604, 13.8965065 ], [ 100.6626043, 13.8989864 ], [ 100.6648091, 13.9010394 ], [ 100.6653707, 13.902906 ], [ 100.6655021, 13.9038068 ], [ 100.6647222, 13.9048906 ], [ 100.6634837, 13.9048854 ], [ 100.6624625, 13.9041466 ], [ 100.6614322, 13.903306 ], [ 100.6571533, 13.9050816 ], [ 100.6570849, 13.9063749 ], [ 100.6213551, 13.9053683 ], [ 100.6184302, 13.9042943 ], [ 100.6126245, 13.9015566 ], [ 100.6083112, 13.895024 ], [ 100.6082812, 13.8950495 ], [ 100.6093609, 13.8971585 ], [ 100.6092909, 13.8971785 ], [ 100.6592177, 13.9038917 ] ] } },
{ "type": "Feature", "properties": { "route_id": 18529865, "name": "1009 Songthaew:Saphan Mai => Wat Koh => Or Ngern Market Songthaew Terminal", "ref": "1009 Songthaew", "from_stop": "", "to_stop": "", "operator": "", "network": "", "route_type": "bus", "coord_count": 12 }, "geometry": { "type": "LineString", "coordinates": [ [ 100.6597604, 13.8965065 ], [ 100.6597552, 13.8965511 ], [ 100.6617699, 13.8978942 ], [ 100.6634141, 13.8995463 ], [ 100.6655839, 13.9038086 ], [ 100.6647819, 13.9050336 ], [ 100.6635548, 13.9050479 ], [ 100.6624122, 13.9043189 ], [ 100.6614841, 13.9035157 ], [ 100.6595181, 13.9038086 ], [ 100.657324, 13.9047563 ], [ 100.6572083, 13.9063756 ] ] } },
{ "type": "Feature", "properties": { "route_id": 18614249, "name": "Songthaew 1141 Bagna Intersection Market => Wat Bagna Nok", "ref": "1141", "from_stop": "", "to_stop": "", "operator": "", "network": "", "route_type": "bus", "coord_count": 4 }, "geometry": { "type": "LineString", "coordinates": [ [ 100.5884322, 13.6767888 ], [ 100.5884154, 13.6767553 ], [ 100.6053782, 13.6732936 ], [ 100.6053834, 13.6733406 ] ] } },
{ "type": "Feature", "properties": { "route_id": 18614359, "name": "Songthaew 1141 Wat Bagna Nok => Bagna Intersection Market", "ref": "1141", "from_stop": "", "to_stop": "", "operator": "", "network": "", "route_type": "bus", "coord_count": 4 }, "geometry": { "type": "LineString", "coordinates": [ [ 100.5884322, 13.6767888 ], [ 100.5884154, 13.6767553 ], [ 100.6053782, 13.6732936 ], [ 100.6053834, 13.6733406 ] ] } },
{ "type": "Feature", "properties": { "route_id": 18616371, "name": "Songthaew 1141 Bagna Intersection Market => BTS Bagna Station => Bagna Intersection Market", "ref": "1141", "from_stop": "", "to_stop": "", "operator": "", "network": "", "route_type": "bus", "coord_count": 3 }, "geometry": { "type": "LineString", "coordinates": [ [ 100.6053782, 13.6732936 ], [ 100.6053834, 13.6733406 ], [ 100.6054097, 13.6702989 ] ] } },
{ "type": "Feature", "properties": { "route_id": 18669597, "name": "20 (4-4) ท่าดินแดง - ป้อมพระจุลจอมเกล้า", "ref": "20 (4-4)", "from_stop": "ท่าดินแดง", "to_stop": "ป้อมพระจุลจอมเกล้า", "operator": "BMTA", "network": "BMTA", "route_type": "bus", "coord_count": 40 }, "geometry": { "type": "LineString", "coordinates": [ [ 100.583087, 13.5385953 ], [ 100.5034446, 13.7358059 ], [ 100.4935155, 13.72566 ], [ 100.5028166, 13.7336236 ], [ 100.5532681, 13.6072905 ], [ 100.5580686, 13.6019931 ], [ 100.5657706, 13.5939284 ], [ 100.5700071, 13.5938179 ], [ 100.5792919, 13.5945799 ], [ 100.5820262, 13.5963727 ], [ 100.5840654, 13.5979247 ], [ 100.5841467, 13.5976487 ], [ 100.5822989, 13.5962084 ], [ 100.5808692, 13.5872815 ], [ 100.5776187, 13.581875 ], [ 100.5749229, 13.5783719 ], [ 100.5744476, 13.5769805 ], [ 100.5737606, 13.5722821 ], [ 100.5728478, 13.5686821 ], [ 100.5726229, 13.5665301 ], [ 100.572457, 13.5584968 ], [ 100.5724339, 13.5486597 ], [ 100.5726912, 13.5454044 ], [ 100.5728253, 13.5431719 ], [ 100.5729729, 13.5414462 ], [ 100.5134441, 13.668817 ], [ 100.5213642, 13.6531706 ], [ 100.4861234, 13.6867222 ], [ 100.4825406, 13.6892614 ], [ 100.481345, 13.6911278 ], [ 100.4827778, 13.6959161 ], [ 100.4840053, 13.6994491 ], [ 100.4849014, 13.7020258 ], [ 100.4865561, 13.7067938 ], [ 100.4875642, 13.7097733 ], [ 100.4889574, 13.713834 ], [ 100.489799, 13.7162701 ], [ 100.4906404, 13.718738 ], [ 100.5338362, 13.6286658 ], [ 100.5355533, 13.6267887 ] ] } },
{ "type": "Feature", "properties": { "route_id": 18669598, "name": "20 (4-4) ป้อมพระจุลจอมเกล้า - ท่าดินแดง", "ref": "20 (4-4)", "from_stop": "ป้อมพระจุลจอมเกล้า", "to_stop": "ท่าดินแดง", "operator": "BMTA", "network": "BMTA", "route_type": "bus", "coord_count": 43 }, "geometry": { "type": "LineString", "coordinates": [ [ 100.583087, 13.5385953 ], [ 100.5034446, 13.7358059 ], [ 100.5025856, 13.7333866 ], [ 100.4825556, 13.6962032 ], [ 100.4836709, 13.6995032 ], [ 100.4845533, 13.7020498 ], [ 100.4864542, 13.7075065 ], [ 100.4873205, 13.7100576 ], [ 100.4884896, 13.7133679 ], [ 100.4893465, 13.7159003 ], [ 100.4902547, 13.7185043 ], [ 100.4811871, 13.6904705 ], [ 100.4821878, 13.6891351 ], [ 100.4859799, 13.6864485 ], [ 100.572862, 13.5414148 ], [ 100.5727227, 13.5430079 ], [ 100.5725382, 13.5454123 ], [ 100.5721809, 13.5494855 ], [ 100.5723215, 13.5583595 ], [ 100.5724291, 13.5665256 ], [ 100.5726464, 13.5686432 ], [ 100.573536, 13.5721546 ], [ 100.5742907, 13.5768084 ], [ 100.5749381, 13.5787249 ], [ 100.5774977, 13.5819234 ], [ 100.580719, 13.586979 ], [ 100.5820262, 13.5963727 ], [ 100.5840654, 13.5979247 ], [ 100.5841467, 13.5976487 ], [ 100.5822989, 13.5962084 ], [ 100.5790815, 13.594253 ], [ 100.5709503, 13.5935702 ], [ 100.56779, 13.5933285 ], [ 100.5657632, 13.5935803 ], [ 100.5576396, 13.6019741 ], [ 100.5552577, 13.6046028 ], [ 100.5127078, 13.6689106 ], [ 100.5105242, 13.6702591 ], [ 100.5085268, 13.6715539 ], [ 100.5204885, 13.6545056 ], [ 100.535517, 13.62636 ], [ 100.5335867, 13.6284612 ], [ 100.5312557, 13.6309905 ] ] } },
{ "type": "Feature", "properties": { "route_id": 18725189, "name": "96ก (1-43) มีนบุรี - คันนายาว - แฮปปี้แลนด์", "ref": "96ก (1-43)", "from_stop": "", "to_stop": "", "operator": "BMTA", "network": "BMTA", "route_type": "bus", "coord_count": 15 }, "geometry": { "type": "LineString", "coordinates": [ [ 100.6412601, 13.7755904 ], [ 100.7287835, 13.8142683 ], [ 100.6798658, 13.8054208 ], [ 100.6816618, 13.7986821 ], [ 100.6669457, 13.8200942 ], [ 100.662435, 13.8197651 ], [ 100.659923, 13.8196459 ], [ 100.6812595, 13.8190728 ], [ 100.6861021, 13.8158061 ], [ 100.7257145, 13.812366 ], [ 100.723431, 13.8123639 ], [ 100.7199942, 13.8124319 ], [ 100.6534588, 13.8173048 ], [ 100.6522215, 13.8144601 ], [ 100.651357, 13.8124586 ] ] } },
{ "type": "Feature", "properties": { "route_id": 18725190, "name": "96ก (1-43) แฮปปี้แลนด์ - คันนายาว - มีนบุรี", "ref": "96ก (1-43)", "from_stop": "", "to_stop": "", "operator": "BMTA", "network": "BMTA", "route_type": "bus", "coord_count": 17 }, "geometry": { "type": "LineString", "coordinates": [ [ 100.6412601, 13.7755904 ], [ 100.7278696, 13.8145556 ], [ 100.6798658, 13.8054208 ], [ 100.6816618, 13.7986821 ], [ 100.6812595, 13.8190728 ], [ 100.6512584, 13.8128645 ], [ 100.6522067, 13.8150022 ], [ 100.6592972, 13.8199828 ], [ 100.6622188, 13.8201722 ], [ 100.6676276, 13.8204183 ], [ 100.719756, 13.8127605 ], [ 100.7223135, 13.812721 ], [ 100.7255713, 13.8126489 ], [ 100.6414283, 13.7740339 ], [ 100.6416824, 13.771545 ], [ 100.6419014, 13.7695996 ], [ 100.6470325, 13.7663643 ] ] } },
{ "type": "Feature", "properties": { "route_id": 18726474, "name": "556 (4-64) แยกนครชัยศรี - อนุสาวรีย์ประชาธิปไตย", "ref": "556 (4-64)", "from_stop": "", "to_stop": "", "operator": "BMTA", "network": "BMTA", "route_type": "bus", "coord_count": 15 }, "geometry": { "type": "LineString", "coordinates": [ [ 100.500132, 13.756808 ], [ 100.1871822, 13.7644726 ], [ 100.207419, 13.7721317 ], [ 100.22331, 13.7775932 ], [ 100.2481682, 13.7839167 ], [ 100.2762188, 13.7860368 ], [ 100.3272267, 13.7927195 ], [ 100.3270935, 13.7969694 ], [ 100.3273799, 13.799965 ], [ 100.3275352, 13.7963165 ], [ 100.3276817, 13.7930165 ], [ 100.4217365, 13.7819729 ], [ 100.4777453, 13.7780114 ], [ 100.484065, 13.7711293 ], [ 100.4884052, 13.7656139 ] ] } },
{ "type": "Feature", "properties": { "route_id": 18726475, "name": "556 (4-64) อนุสาวรีย์ประชาธิปไตย - แยกนครชัยศรี", "ref": "556 (4-64)", "from_stop": "", "to_stop": "", "operator": "BMTA", "network": "BMTA", "route_type": "bus", "coord_count": 13 }, "geometry": { "type": "LineString", "coordinates": [ [ 100.1871822, 13.7644726 ], [ 100.500132, 13.756808 ], [ 100.2238107, 13.7772147 ], [ 100.2697328, 13.7852778 ], [ 100.3272267, 13.7927195 ], [ 100.3270935, 13.7969694 ], [ 100.3273799, 13.799965 ], [ 100.3275352, 13.7963165 ], [ 100.3276817, 13.7930165 ], [ 100.4228662, 13.7811461 ], [ 100.4879947, 13.7652886 ], [ 100.4835788, 13.7709813 ], [ 100.4764753, 13.7788999 ] ] } },
{ "type": "Feature", "properties": { "route_id": 18791074, "name": "2-36 วัดคลองเสมียนตรา - ศูนย์ราชการฯ แจ้งวัฒนะ", "ref": "2-36 Extra", "from_stop": "", "to_stop": "", "operator": "BMTA", "network": "BMTA", "route_type": "bus", "coord_count": 43 }, "geometry": { "type": "LineString", "coordinates": [ [ 100.2738601, 14.0236054 ], [ 100.2805052, 14.0240948 ], [ 100.2902868, 14.0246721 ], [ 100.2992744, 14.0252639 ], [ 100.3124427, 14.0250189 ], [ 100.3125228, 14.0214326 ], [ 100.3125193, 14.01986 ], [ 100.3125032, 14.0153549 ], [ 100.3124228, 14.0100496 ], [ 100.3123717, 14.0052036 ], [ 100.3121771, 13.9947241 ], [ 100.3128668, 13.9891793 ], [ 100.3151229, 13.987662 ], [ 100.3191313, 13.9849645 ], [ 100.3211899, 13.9836586 ], [ 100.3255446, 13.9809189 ], [ 100.330048, 13.9780819 ], [ 100.3323445, 13.9766325 ], [ 100.3981397, 13.9343425 ], [ 100.3993466, 13.9335771 ], [ 100.4060812, 13.9297068 ], [ 100.4075683, 13.9288552 ], [ 100.4171308, 13.9236221 ], [ 100.4170995, 13.923532 ], [ 100.4321722, 13.9245243 ], [ 100.4351381, 13.925816 ], [ 100.4433048, 13.9292868 ], [ 100.4549266, 13.9346414 ], [ 100.456467, 13.9379483 ], [ 100.4569737, 13.9377851 ], [ 100.4559565, 13.9357894 ], [ 100.4679492, 13.9250459 ], [ 100.4868062, 13.9210426 ], [ 100.5019099, 13.9083951 ], [ 100.4988896, 13.9103 ], [ 100.4975427, 13.9117137 ], [ 100.4955442, 13.9138575 ], [ 100.4968224, 13.9129664 ], [ 100.4993744, 13.9103819 ], [ 100.5029128, 13.9081723 ], [ 100.5641876, 13.8908431 ], [ 100.5648356, 13.8882199 ], [ 100.5628995, 13.8820572 ] ] } },
{ "type": "Feature", "properties": { "route_id": 18791075, "name": "2-36 ศูนย์ราชการฯ แจ้งวัฒนะ - วัดคลองเสมียนตรา", "ref": "2-36 Extra", "from_stop": "", "to_stop": "", "operator": "BMTA", "network": "BMTA", "route_type": "bus", "coord_count": 36 }, "geometry": { "type": "LineString", "coordinates": [ [ 100.5628995, 13.8820572 ], [ 100.5658821, 13.8842417 ], [ 100.5688557, 13.8883051 ], [ 100.5691246, 13.8892413 ], [ 100.5019099, 13.9083951 ], [ 100.4988896, 13.9103 ], [ 100.4975427, 13.9117137 ], [ 100.4955442, 13.9138575 ], [ 100.4968224, 13.9129664 ], [ 100.4993744, 13.9103819 ], [ 100.4678775, 13.9246882 ], [ 100.4549266, 13.9346414 ], [ 100.456467, 13.9379483 ], [ 100.4569737, 13.9377851 ], [ 100.4559565, 13.9357894 ], [ 100.443565, 13.9289744 ], [ 100.4354117, 13.9256728 ], [ 100.4330731, 13.9246134 ], [ 100.4173665, 13.9232312 ], [ 100.3320749, 13.9765069 ], [ 100.32977, 13.9779755 ], [ 100.3252063, 13.9808354 ], [ 100.3209603, 13.9835098 ], [ 100.3190267, 13.9847185 ], [ 100.3150023, 13.9875589 ], [ 100.3125872, 13.9891606 ], [ 100.3119574, 13.9946945 ], [ 100.3121603, 14.0054774 ], [ 100.3122082, 14.0094709 ], [ 100.3123087, 14.0153577 ], [ 100.3122927, 14.0193919 ], [ 100.3122596, 14.0250053 ], [ 100.3022394, 14.0250715 ], [ 100.2918645, 14.0243782 ], [ 100.2828326, 14.0238458 ], [ 100.2738601, 14.0236054 ] ] } },
{ "type": "Feature", "properties": { "route_id": 19149084, "name": "รถโดยสารประจำทางด่วนพิเศษ 402 : ราชพฤกษ์ → สาทร", "ref": "402", "from_stop": "ราชพฤกษ์", "to_stop": "สาทร", "operator": "BTS Group Holdings", "network": "BRT", "route_type": "bus", "coord_count": 14 }, "geometry": { "type": "LineString", "coordinates": [ [ 100.4790492, 13.7157274 ], [ 100.5003151, 13.6937558 ], [ 100.5045015, 13.6902146 ], [ 100.515735, 13.6881659 ], [ 100.5252029, 13.6825977 ], [ 100.5345194, 13.6746328 ], [ 100.5433561, 13.6744181 ], [ 100.5454027, 13.6961702 ], [ 100.5417256, 13.7001564 ], [ 100.5389673, 13.7044535 ], [ 100.5374055, 13.7073593 ], [ 100.5347272, 13.7126922 ], [ 100.5325719, 13.7170001 ], [ 100.5305395, 13.7210948 ] ] } },
{ "type": "Feature", "properties": { "route_id": 19553941, "name": "3-31 เมกาบางนา - สีลม", "ref": "3-31 Extra", "from_stop": "", "to_stop": "", "operator": "BMTA", "network": "BMTA", "route_type": "bus", "coord_count": 28 }, "geometry": { "type": "LineString", "coordinates": [ [ 100.6753164, 13.6448315 ], [ 100.6798642, 13.6488904 ], [ 100.6514167, 13.6640364 ], [ 100.6424385, 13.6555649 ], [ 100.6402282, 13.649895 ], [ 100.6246278, 13.6286906 ], [ 100.6153541, 13.6336697 ], [ 100.6118303, 13.6355659 ], [ 100.6072943, 13.6382434 ], [ 100.6027579, 13.6419603 ], [ 100.5892547, 13.6437938 ], [ 100.5873709, 13.6441835 ], [ 100.5850334, 13.6446572 ], [ 100.5820557, 13.6452417 ], [ 100.5799489, 13.6456553 ], [ 100.5526248, 13.6507705 ], [ 100.5482721, 13.6518596 ], [ 100.5471516, 13.6523976 ], [ 100.5435879, 13.6540565 ], [ 100.5475583, 13.6869426 ], [ 100.5473802, 13.6893233 ], [ 100.5471327, 13.6931083 ], [ 100.5453243, 13.6960929 ], [ 100.5426256, 13.6987676 ], [ 100.5404886, 13.7017182 ], [ 100.5380708, 13.705849 ], [ 100.5409739, 13.7275528 ], [ 100.5345701, 13.7285062 ] ] } },
{ "type": "Feature", "properties": { "route_id": 19553942, "name": "3-31 สีลม - เมกาบางนา", "ref": "3-31 Extra", "from_stop": "", "to_stop": "", "operator": "BMTA", "network": "BMTA", "route_type": "bus", "coord_count": 13 }, "geometry": { "type": "LineString", "coordinates": [ [ 100.5345701, 13.7285062 ], [ 100.5310647, 13.7272758 ], [ 100.529324, 13.7243303 ], [ 100.5428835, 13.6991826 ], [ 100.5451702, 13.6968642 ], [ 100.5475981, 13.6925967 ], [ 100.5477933, 13.6896543 ], [ 100.5435281, 13.6543428 ], [ 100.5470914, 13.6526682 ], [ 100.5487946, 13.6518664 ], [ 100.5525893, 13.6510025 ], [ 100.6798642, 13.6488904 ], [ 100.6753164, 13.6448315 ] ] } }
]
}
